name,success,time,attempts,num_sessions
cpp_P224_0,1,0.17,1,224
cpp_P224_0,1,0.17,1,224
cpp_P224_0,1,0.18,1,224
cpp_P224_0,1,0.17,1,224
cpp_P224_0,1,0.17,1,224
cpp_P224_0,1,0.29,1,224
cpp_P224_0,1,0.17,1,224
cpp_P224_0,1,0.17,1,224
cpp_P224_0,1,0.17,1,224
cpp_P224_0,1,0.33,1,224
cpp_P224_0,1,0.17,1,224
cpp_P224_0,1,0.17,1,224
cpp_P224_0,1,0.38,1,224
cpp_P224_0,1,0.17,1,224
cpp_P224_0,1,0.16,1,224
cpp_P224_0,1,0.16,1,224
cpp_P224_0,1,0.16,1,224
cpp_P224_0,1,0.17,1,224
cpp_P224_0,1,0.16,1,224
cpp_P224_0,1,0.16,1,224
cpp_P224_0,1,0.17,1,224
cpp_P224_0,1,0.17,1,224
cpp_P224_0,1,0.16,1,224
cpp_P224_0,1,0.16,1,224
cpp_P224_0,1,0.17,1,224
cpp_P224_0,1,0.16,1,224
cpp_P224_0,1,0.17,1,224
cpp_P224_0,1,0.17,1,224
cpp_P224_0,1,0.17,1,224
cpp_P224_0,1,0.20,1,224
cpp_P224_0,1,0.16,1,224
cpp_P224_0,1,0.16,1,224
cpp_P224_0,1,0.16,1,224
cpp_P224_0,1,0.16,1,224
cpp_P224_0,1,0.16,1,224
cpp_P224_0,1,0.16,1,224
cpp_P224_0,1,0.16,1,224
cpp_P224_0,1,0.16,1,224
cpp_P224_0,1,0.16,1,224
cpp_P224_0,1,0.16,1,224
cpp_P224_0,1,0.16,1,224
cpp_P224_0,1,0.16,1,224
cpp_P224_0,1,0.16,1,224
cpp_P224_0,1,0.16,1,224
cpp_P224_0,1,0.16,1,224
cpp_P224_0,1,0.16,1,224
cpp_P224_0,1,0.16,1,224
cpp_P224_0,1,0.16,1,224
cpp_P224_0,1,0.16,1,224
cpp_P224_0,1,0.17,1,224
cpp_P224_0,1,0.16,1,224
cpp_P224_0,1,0.16,1,224
cpp_P224_0,1,0.16,1,224
cpp_P224_0,1,0.17,1,224
cpp_P224_0,1,0.16,1,224
cpp_P224_0,1,0.16,1,224
cpp_P224_0,1,0.16,1,224
cpp_P224_0,1,0.16,1,224
cpp_P224_0,1,0.16,1,224
cpp_P224_0,1,0.16,1,224
cpp_P224_0,1,0.17,1,224
cpp_P224_0,1,0.17,1,224
cpp_P224_0,1,0.16,1,224
cpp_P224_0,1,0.16,1,224
cpp_P224_0,1,0.16,1,224
cpp_P224_0,1,0.16,1,224
cpp_P224_0,1,0.16,1,224
cpp_P224_0,1,0.16,1,224
cpp_P224_0,1,0.16,1,224
cpp_P224_0,1,0.17,1,224
cpp_P224_0,1,0.16,1,224
cpp_P224_0,1,0.16,1,224
cpp_P224_0,1,0.17,1,224
cpp_P224_0,1,0.17,1,224
cpp_P224_0,1,0.16,1,224
cpp_P224_0,1,0.17,1,224
cpp_P224_0,1,0.17,1,224
cpp_P224_0,1,0.17,1,224
cpp_P224_0,1,0.16,1,224
cpp_P224_0,1,0.16,1,224
cpp_P224_0,1,0.17,1,224
cpp_P224_0,1,0.16,1,224
cpp_P224_0,1,0.16,1,224
cpp_P224_0,1,0.16,1,224
cpp_P224_0,1,0.16,1,224
cpp_P224_0,1,0.17,1,224
cpp_P224_0,1,0.17,1,224
cpp_P224_0,1,0.17,1,224
cpp_P224_0,1,0.17,1,224
cpp_P224_0,1,0.17,1,224
cpp_P224_0,1,0.17,1,224
cpp_P224_0,1,0.16,1,224
cpp_P224_0,1,0.17,1,224
cpp_P224_0,1,0.16,1,224
cpp_P224_0,1,0.16,1,224
cpp_P224_0,1,0.17,1,224
cpp_P224_0,1,0.16,1,224
cpp_P224_0,1,0.16,1,224
cpp_P224_0,1,0.17,1,224
cpp_P224_0,1,0.16,1,224
cpp_P224_0,1,0.16,1,224
cpp_P224_0,1,0.16,1,224
cpp_P224_0,1,0.16,1,224
cpp_P224_0,1,0.16,1,224
cpp_P224_0,1,0.16,1,224
cpp_P224_0,1,0.16,1,224
cpp_P224_0,1,0.16,1,224
cpp_P224_0,1,0.16,1,224
cpp_P224_0,1,0.16,1,224
cpp_P224_0,1,0.16,1,224
cpp_P224_0,1,0.16,1,224
cpp_P224_0,1,0.16,1,224
cpp_P224_0,1,0.16,1,224
cpp_P224_0,1,0.16,1,224
cpp_P224_0,1,0.16,1,224
cpp_P224_0,1,0.16,1,224
cpp_P224_0,1,0.16,1,224
cpp_P224_0,1,0.16,1,224
cpp_P224_0,1,0.16,1,224
cpp_P224_0,1,0.17,1,224
cpp_P224_0,1,0.17,1,224
cpp_P224_0,1,0.16,1,224
cpp_P224_0,1,0.17,1,224
cpp_P224_0,1,0.16,1,224
cpp_P224_0,1,0.16,1,224
cpp_P224_0,1,0.16,1,224
cpp_P224_0,1,0.16,1,224
cpp_P224_0,1,0.17,1,224
cpp_P224_0,1,0.16,1,224
cpp_P224_0,1,0.17,1,224
cpp_P224_0,1,0.17,1,224
cpp_P224_0,1,0.17,1,224
cpp_P224_0,1,0.16,1,224
cpp_P224_0,1,0.16,1,224
cpp_P224_0,1,0.16,1,224
cpp_P224_0,1,0.16,1,224
cpp_P224_0,1,0.16,1,224
cpp_P224_0,1,0.16,1,224
cpp_P224_0,1,0.16,1,224
cpp_P224_0,1,0.16,1,224
cpp_P224_0,1,0.16,1,224
cpp_P224_0,1,0.16,1,224
cpp_P224_0,1,0.16,1,224
cpp_P224_0,1,0.16,1,224
cpp_P224_0,1,0.16,1,224
cpp_P224_0,1,0.16,1,224
cpp_P224_0,1,0.17,1,224
cpp_P224_0,1,0.16,1,224
cpp_P224_0,1,0.16,1,224
cpp_P224_0,1,0.16,1,224
cpp_P224_0,1,0.16,1,224
cpp_P224_0,1,0.16,1,224
cpp_P224_0,1,0.16,1,224
cpp_P224_0,1,0.16,1,224
cpp_P224_0,1,0.16,1,224
cpp_P224_0,1,0.16,1,224
cpp_P224_0,1,0.16,1,224
cpp_P224_0,1,0.16,1,224
cpp_P224_0,1,0.16,1,224
cpp_P224_0,1,0.16,1,224
cpp_P224_0,1,0.16,1,224
cpp_P224_0,1,0.16,1,224
cpp_P224_0,1,0.17,1,224
cpp_P224_0,1,0.16,1,224
cpp_P224_0,1,0.17,1,224
cpp_P224_0,1,0.17,1,224
cpp_P224_0,1,0.17,1,224
cpp_P224_0,1,0.17,1,224
cpp_P224_0,1,0.17,1,224
cpp_P224_0,1,0.17,1,224
cpp_P224_0,1,0.17,1,224
cpp_P224_0,1,0.17,1,224
cpp_P224_0,1,0.17,1,224
cpp_P224_0,1,0.16,1,224
cpp_P224_0,1,0.16,1,224
cpp_P224_0,1,0.16,1,224
cpp_P224_0,1,0.16,1,224
cpp_P224_0,1,0.16,1,224
cpp_P224_0,1,0.16,1,224
cpp_P224_0,1,0.17,1,224
cpp_P224_0,1,0.17,1,224
cpp_P224_0,1,0.16,1,224
cpp_P224_0,1,0.16,1,224
cpp_P224_0,1,0.16,1,224
cpp_P224_0,1,0.16,1,224
cpp_P224_0,1,0.16,1,224
cpp_P224_0,1,0.16,1,224
cpp_P224_0,1,0.16,1,224
cpp_P224_0,1,0.16,1,224
cpp_P224_0,1,0.17,1,224
cpp_P224_0,1,0.17,1,224
cpp_P224_0,1,0.17,1,224
cpp_P224_0,1,0.17,1,224
cpp_P224_0,1,0.17,1,224
cpp_P224_0,1,0.17,1,224
cpp_P224_0,1,0.17,1,224
cpp_P224_0,1,0.17,1,224
cpp_P224_0,1,0.17,1,224
cpp_P224_0,1,0.18,1,224
cpp_P224_0,1,0.18,1,224
cpp_P224_0,1,0.18,1,224
cpp_P224_0,1,0.18,1,224
cpp_P224_0,1,0.18,1,224
cpp_P224_0,1,0.18,1,224
cpp_P224_0,1,0.18,1,224
cpp_P224_0,1,0.17,1,224
cpp_P224_0,1,0.17,1,224
cpp_P224_0,1,0.18,1,224
cpp_P224_0,1,0.17,1,224
cpp_P224_0,1,0.18,1,224
cpp_P224_0,1,0.18,1,224
cpp_P224_0,1,0.18,1,224
cpp_P224_0,1,0.18,1,224
cpp_P224_0,1,0.17,1,224
cpp_P224_0,1,0.17,1,224
cpp_P224_0,1,0.17,1,224
cpp_P224_0,1,0.17,1,224
cpp_P224_0,1,0.17,1,224
cpp_P224_0,1,0.17,1,224
cpp_P224_0,1,0.17,1,224
cpp_P224_0,1,0.17,1,224
cpp_P224_0,1,0.17,1,224
cpp_P224_0,1,0.17,1,224
cpp_P224_0,1,0.17,1,224
cpp_P224_0,1,0.17,1,224
cpp_P224_0,1,0.16,1,224
cpp_P224_0,1,0.17,1,224
cpp_P224_0,1,0.17,1,224
cpp_P224_0,1,0.17,1,224
cpp_P224_0,1,0.16,1,224
cpp_P224_0,1,0.16,1,224
cpp_P224_0,1,0.16,1,224
cpp_P224_0,1,0.16,1,224
cpp_P224_0,1,0.16,1,224
cpp_P224_0,1,0.16,1,224
cpp_P224_0,1,0.17,1,224
cpp_P224_0,1,0.16,1,224
cpp_P224_0,1,0.16,1,224
cpp_P224_0,1,0.16,1,224
cpp_P224_0,1,0.16,1,224
cpp_P224_0,1,0.16,1,224
cpp_P224_0,1,0.16,1,224
cpp_P224_0,1,0.16,1,224
cpp_P224_0,1,0.16,1,224
cpp_P224_0,1,0.17,1,224
cpp_P224_0,1,0.16,1,224
cpp_P224_0,1,0.16,1,224
cpp_P224_0,1,0.17,1,224
cpp_P224_0,1,0.17,1,224
cpp_P224_0,1,0.16,1,224
sage_P224_0,1,2.10,1,224
sage_P224_0,1,2.12,1,224
sage_P224_0,1,2.13,1,224
sage_P224_0,1,2.09,1,224
sage_P224_0,1,2.09,1,224
sage_P224_0,1,2.11,1,224
sage_P224_0,1,2.13,1,224
sage_P224_0,1,2.16,1,224
sage_P224_0,1,2.10,1,224
sage_P224_0,1,2.12,1,224
sage_P224_0,1,2.10,1,224
sage_P224_0,1,2.08,1,224
sage_P224_0,1,2.08,1,224
sage_P224_0,1,2.11,1,224
sage_P224_0,1,2.12,1,224
sage_P224_0,1,2.14,1,224
sage_P224_0,1,2.13,1,224
sage_P224_0,1,2.11,1,224
sage_P224_0,1,2.12,1,224
sage_P224_0,1,2.12,1,224
sage_P224_0,1,2.13,1,224
sage_P224_0,1,2.11,1,224
sage_P224_0,1,2.08,1,224
sage_P224_0,1,2.12,1,224
sage_P224_0,1,2.15,1,224
sage_P224_0,1,2.11,1,224
sage_P224_0,1,2.08,1,224
sage_P224_0,1,2.09,1,224
sage_P224_0,1,2.09,1,224
sage_P224_0,1,2.09,1,224
sage_P224_0,1,2.57,1,224
sage_P224_0,1,2.68,1,224
sage_P224_0,1,2.17,1,224
sage_P224_0,1,2.17,1,224
sage_P224_0,1,2.09,1,224
sage_P224_0,1,2.14,1,224
sage_P224_0,1,2.15,1,224
sage_P224_0,1,2.11,1,224
sage_P224_0,1,2.12,1,224
sage_P224_0,1,2.11,1,224
sage_P224_0,1,2.13,1,224
sage_P224_0,1,2.10,1,224
sage_P224_0,1,2.09,1,224
sage_P224_0,1,2.11,1,224
sage_P224_0,1,2.13,1,224
sage_P224_0,1,2.13,1,224
sage_P224_0,1,2.13,1,224
sage_P224_0,1,2.14,1,224
sage_P224_0,1,2.16,1,224
sage_P224_0,1,2.13,1,224
sage_P224_0,1,2.14,1,224
sage_P224_0,1,2.18,1,224
sage_P224_0,1,2.22,1,224
sage_P224_0,1,2.17,1,224
sage_P224_0,1,2.19,1,224
sage_P224_0,1,2.17,1,224
sage_P224_0,1,2.13,1,224
sage_P224_0,1,2.11,1,224
sage_P224_0,1,2.13,1,224
sage_P224_0,1,2.14,1,224
sage_P224_0,1,2.20,1,224
sage_P224_0,1,2.16,1,224
sage_P224_0,1,2.17,1,224
sage_P224_0,1,2.18,1,224
sage_P224_0,1,2.17,1,224
sage_P224_0,1,2.30,1,224
sage_P224_0,1,2.12,1,224
sage_P224_0,1,2.15,1,224
sage_P224_0,1,2.13,1,224
sage_P224_0,1,2.15,1,224
sage_P224_0,1,2.15,1,224
sage_P224_0,1,2.12,1,224
sage_P224_0,1,2.09,1,224
sage_P224_0,1,2.16,1,224
sage_P224_0,1,2.12,1,224
sage_P224_0,1,2.13,1,224
sage_P224_0,1,2.10,1,224
sage_P224_0,1,2.09,1,224
sage_P224_0,1,2.12,1,224
sage_P224_0,1,2.12,1,224
sage_P224_0,1,2.15,1,224
sage_P224_0,1,2.11,1,224
sage_P224_0,1,2.12,1,224
sage_P224_0,1,2.11,1,224
sage_P224_0,1,2.11,1,224
sage_P224_0,1,2.11,1,224
sage_P224_0,1,2.09,1,224
sage_P224_0,1,2.10,1,224
sage_P224_0,1,2.14,1,224
sage_P224_0,1,2.12,1,224
sage_P224_0,1,2.11,1,224
sage_P224_0,1,2.15,1,224
sage_P224_0,1,2.13,1,224
sage_P224_0,1,2.13,1,224
sage_P224_0,1,2.10,1,224
sage_P224_0,1,2.12,1,224
sage_P224_0,1,2.13,1,224
sage_P224_0,1,2.16,1,224
sage_P224_0,1,2.14,1,224
sage_P224_0,1,2.13,1,224
sage_P224_0,1,2.15,1,224
sage_P224_0,1,2.17,1,224
sage_P224_0,1,2.11,1,224
sage_P224_0,1,2.15,1,224
sage_P224_0,1,2.13,1,224
sage_P224_0,1,2.16,1,224
sage_P224_0,1,2.16,1,224
sage_P224_0,1,2.17,1,224
sage_P224_0,1,2.14,1,224
sage_P224_0,1,2.15,1,224
sage_P224_0,1,2.17,1,224
sage_P224_0,1,2.18,1,224
sage_P224_0,1,2.09,1,224
sage_P224_0,1,2.11,1,224
sage_P224_0,1,2.14,1,224
sage_P224_0,1,2.16,1,224
sage_P224_0,1,2.15,1,224
sage_P224_0,1,2.16,1,224
sage_P224_0,1,2.14,1,224
sage_P224_0,1,2.11,1,224
sage_P224_0,1,2.12,1,224
sage_P224_0,1,2.10,1,224
sage_P224_0,1,2.12,1,224
sage_P224_0,1,2.10,1,224
sage_P224_0,1,2.10,1,224
sage_P224_0,1,2.11,1,224
sage_P224_0,1,2.12,1,224
sage_P224_0,1,2.11,1,224
sage_P224_0,1,2.14,1,224
sage_P224_0,1,2.11,1,224
sage_P224_0,1,2.09,1,224
sage_P224_0,1,2.12,1,224
sage_P224_0,1,2.12,1,224
sage_P224_0,1,2.16,1,224
sage_P224_0,1,2.14,1,224
sage_P224_0,1,2.11,1,224
sage_P224_0,1,2.13,1,224
sage_P224_0,1,2.10,1,224
sage_P224_0,1,2.11,1,224
sage_P224_0,1,2.09,1,224
sage_P224_0,1,2.12,1,224
sage_P224_0,1,2.09,1,224
sage_P224_0,1,2.12,1,224
sage_P224_0,1,2.12,1,224
sage_P224_0,1,2.16,1,224
sage_P224_0,1,2.12,1,224
sage_P224_0,1,2.14,1,224
sage_P224_0,1,2.11,1,224
sage_P224_0,1,2.13,1,224
sage_P224_0,1,2.11,1,224
sage_P224_0,1,2.14,1,224
sage_P224_0,1,2.26,1,224
sage_P224_0,1,2.13,1,224
sage_P224_0,1,2.11,1,224
sage_P224_0,1,2.12,1,224
sage_P224_0,1,2.12,1,224
sage_P224_0,1,2.14,1,224
sage_P224_0,1,2.18,1,224
sage_P224_0,1,2.16,1,224
sage_P224_0,1,2.16,1,224
sage_P224_0,1,2.15,1,224
sage_P224_0,1,2.11,1,224
sage_P224_0,1,2.16,1,224
sage_P224_0,1,2.15,1,224
sage_P224_0,1,2.19,1,224
sage_P224_0,1,2.18,1,224
sage_P224_0,1,2.16,1,224
sage_P224_0,1,2.16,1,224
sage_P224_0,1,2.11,1,224
sage_P224_0,1,2.12,1,224
sage_P224_0,1,2.11,1,224
sage_P224_0,1,2.13,1,224
sage_P224_0,1,2.18,1,224
sage_P224_0,1,2.15,1,224
sage_P224_0,1,2.19,1,224
sage_P224_0,1,2.15,1,224
sage_P224_0,1,2.12,1,224
sage_P224_0,1,2.20,1,224
sage_P224_0,1,2.17,1,224
sage_P224_0,1,2.14,1,224
sage_P224_0,1,2.10,1,224
sage_P224_0,1,2.17,1,224
sage_P224_0,1,2.15,1,224
sage_P224_0,1,2.19,1,224
sage_P224_0,1,2.15,1,224
sage_P224_0,1,2.11,1,224
sage_P224_0,1,2.12,1,224
sage_P224_0,1,2.10,1,224
sage_P224_0,1,2.10,1,224
sage_P224_0,1,2.12,1,224
sage_P224_0,1,2.14,1,224
sage_P224_0,1,2.14,1,224
sage_P224_0,1,2.12,1,224
sage_P224_0,1,2.13,1,224
sage_P224_0,1,2.14,1,224
sage_P224_0,1,2.13,1,224
sage_P224_0,1,2.11,1,224
sage_P224_0,1,2.11,1,224
sage_P224_0,1,2.13,1,224
sage_P224_0,1,2.13,1,224
sage_P224_0,1,2.12,1,224
sage_P224_0,1,2.14,1,224
sage_P224_0,1,2.15,1,224
sage_P224_0,1,2.17,1,224
sage_P224_0,1,2.15,1,224
sage_P224_0,1,2.14,1,224
sage_P224_0,1,2.18,1,224
sage_P224_0,1,2.15,1,224
sage_P224_0,1,2.18,1,224
sage_P224_0,1,2.23,1,224
sage_P224_0,1,2.17,1,224
sage_P224_0,1,2.13,1,224
sage_P224_0,1,2.12,1,224
sage_P224_0,1,2.16,1,224
sage_P224_0,1,2.13,1,224
sage_P224_0,1,2.11,1,224
sage_P224_0,1,2.15,1,224
sage_P224_0,1,2.22,1,224
sage_P224_0,1,2.18,1,224
sage_P224_0,1,2.15,1,224
sage_P224_0,1,2.22,1,224
sage_P224_0,1,2.16,1,224
sage_P224_0,1,2.19,1,224
sage_P224_0,1,2.18,1,224
sage_P224_0,1,2.18,1,224
sage_P224_0,1,2.13,1,224
sage_P224_0,1,2.15,1,224
sage_P224_0,1,2.14,1,224
sage_P224_0,1,2.17,1,224
sage_P224_0,1,2.19,1,224
sage_P224_0,1,2.14,1,224
sage_P224_0,1,2.13,1,224
sage_P224_0,1,2.16,1,224
sage_P224_0,1,2.15,1,224
sage_P224_0,1,2.14,1,224
sage_P224_0,1,2.13,1,224
sage_P224_0,1,2.11,1,224
sage_P224_0,1,2.10,1,224
sage_P224_0,1,2.09,1,224
sage_P224_0,1,2.13,1,224
sage_P224_0,1,2.15,1,224
sage_P224_0,1,2.12,1,224
sage_P224_0,1,2.15,1,224
cpp_P224_2,1,0.18,1,224
cpp_P224_2,1,0.18,1,224
sage_P224_0,1,2.14,1,224
cpp_P224_2,1,0.17,1,224
cpp_P224_2,1,0.18,1,224
sage_P224_0,1,2.09,1,224
cpp_P224_2,1,0.19,1,224
cpp_P224_2,1,0.19,1,224
cpp_P224_2,1,0.18,1,224
cpp_P224_2,1,0.17,1,224
cpp_P224_2,1,0.18,1,224
cpp_P224_2,1,0.18,1,224
cpp_P224_2,1,0.18,1,224
cpp_P224_2,1,0.18,1,224
sage_P224_0,1,2.09,1,224
sage_P224_0,1,2.11,1,224
cpp_P224_2,1,0.17,1,224
sage_P224_0,1,2.09,1,224
cpp_P224_2,1,0.18,1,224
cpp_P224_2,1,0.18,1,224
cpp_P224_2,1,0.18,1,224
cpp_P224_2,1,0.17,1,224
cpp_P224_2,1,0.17,1,224
cpp_P224_2,1,0.17,1,224
cpp_P224_2,1,0.18,1,224
cpp_P224_2,1,0.18,1,224
cpp_P224_2,1,0.17,1,224
cpp_P224_2,1,0.17,1,224
cpp_P224_2,1,0.17,1,224
cpp_P224_2,1,0.17,1,224
cpp_P224_2,1,0.18,1,224
cpp_P224_2,1,0.18,1,224
cpp_P224_2,1,0.19,1,224
cpp_P224_2,1,0.18,1,224
cpp_P224_2,1,0.19,1,224
sage_P224_0,1,2.13,1,224
cpp_P224_2,1,0.18,1,224
cpp_P224_2,1,0.18,1,224
cpp_P224_2,1,0.18,1,224
cpp_P224_2,1,0.17,1,224
cpp_P224_2,1,0.17,1,224
cpp_P224_2,1,0.18,1,224
cpp_P224_2,1,0.18,1,224
cpp_P224_2,1,0.17,1,224
cpp_P224_2,1,0.18,1,224
cpp_P224_2,1,0.17,1,224
cpp_P224_2,1,0.18,1,224
cpp_P224_2,1,0.17,1,224
cpp_P224_2,1,0.18,1,224
cpp_P224_2,1,0.17,1,224
cpp_P224_2,1,0.18,1,224
cpp_P224_2,1,0.18,1,224
cpp_P224_2,1,0.17,1,224
cpp_P224_2,1,0.18,1,224
cpp_P224_2,1,0.17,1,224
cpp_P224_2,1,0.18,1,224
cpp_P224_2,1,0.17,1,224
cpp_P224_2,1,0.18,1,224
cpp_P224_2,1,0.18,1,224
cpp_P224_2,1,0.17,1,224
cpp_P224_2,1,0.18,1,224
cpp_P224_2,1,0.17,1,224
cpp_P224_2,1,0.18,1,224
cpp_P224_2,1,0.17,1,224
cpp_P224_2,1,0.18,1,224
cpp_P224_2,1,0.18,1,224
cpp_P224_2,1,0.17,1,224
cpp_P224_2,1,0.18,1,224
cpp_P224_2,1,0.17,1,224
cpp_P224_2,1,0.18,1,224
cpp_P224_2,1,0.17,1,224
cpp_P224_2,1,0.18,1,224
cpp_P224_2,1,0.18,1,224
sage_P224_0,1,2.12,1,224
cpp_P224_2,1,0.18,1,224
cpp_P224_2,1,0.18,1,224
cpp_P224_2,1,0.17,1,224
cpp_P224_2,1,0.18,1,224
cpp_P224_2,1,0.17,1,224
cpp_P224_2,1,0.18,1,224
cpp_P224_2,1,0.18,1,224
cpp_P224_2,1,0.17,1,224
cpp_P224_2,1,0.18,1,224
cpp_P224_2,1,0.18,1,224
cpp_P224_2,1,0.17,1,224
cpp_P224_2,1,0.18,1,224
cpp_P224_2,1,0.18,1,224
cpp_P224_2,1,0.18,1,224
cpp_P224_2,1,0.18,1,224
cpp_P224_2,1,0.17,1,224
cpp_P224_2,1,0.17,1,224
cpp_P224_2,1,0.17,1,224
cpp_P224_2,1,0.17,1,224
cpp_P224_2,1,0.18,1,224
cpp_P224_2,1,0.18,1,224
cpp_P224_2,1,0.17,1,224
cpp_P224_2,1,0.18,1,224
cpp_P224_2,1,0.18,1,224
cpp_P224_2,1,0.18,1,224
cpp_P224_2,1,0.18,1,224
cpp_P224_2,1,0.17,1,224
cpp_P224_2,1,0.17,1,224
cpp_P224_2,1,0.18,1,224
cpp_P224_2,1,0.18,1,224
cpp_P224_2,1,0.18,1,224
cpp_P224_2,1,0.18,1,224
cpp_P224_2,1,0.18,1,224
cpp_P224_2,1,0.18,1,224
cpp_P224_2,1,0.18,1,224
cpp_P224_2,1,0.18,1,224
cpp_P224_2,1,0.18,1,224
cpp_P224_2,1,0.18,1,224
cpp_P224_2,1,0.17,1,224
cpp_P224_2,1,0.18,1,224
cpp_P224_2,1,0.18,1,224
cpp_P224_2,1,0.18,1,224
cpp_P224_2,1,0.17,1,224
cpp_P224_2,1,0.17,1,224
cpp_P224_2,1,0.17,1,224
cpp_P224_2,1,0.18,1,224
cpp_P224_2,1,0.17,1,224
cpp_P224_2,1,0.17,1,224
cpp_P224_2,1,0.17,1,224
cpp_P224_2,1,0.17,1,224
cpp_P224_2,1,0.17,1,224
cpp_P224_2,1,0.17,1,224
cpp_P224_2,1,0.17,1,224
cpp_P224_2,1,0.18,1,224
cpp_P224_2,1,0.17,1,224
cpp_P224_2,1,0.17,1,224
cpp_P224_2,1,0.18,1,224
cpp_P224_2,1,0.18,1,224
cpp_P224_2,1,0.18,1,224
cpp_P224_2,1,0.17,1,224
cpp_P224_2,1,0.17,1,224
cpp_P224_2,1,0.17,1,224
cpp_P224_2,1,0.17,1,224
cpp_P224_2,1,0.18,1,224
cpp_P224_2,1,0.18,1,224
cpp_P224_2,1,0.17,1,224
cpp_P224_2,1,0.18,1,224
cpp_P224_2,1,0.18,1,224
cpp_P224_2,1,0.18,1,224
cpp_P224_2,1,0.18,1,224
cpp_P224_2,1,0.18,1,224
cpp_P224_2,1,0.18,1,224
cpp_P224_2,1,0.17,1,224
cpp_P224_2,1,0.17,1,224
cpp_P224_2,1,0.17,1,224
cpp_P224_2,1,0.17,1,224
cpp_P224_2,1,0.17,1,224
cpp_P224_2,1,0.17,1,224
cpp_P224_2,1,0.17,1,224
cpp_P224_2,1,0.18,1,224
cpp_P224_2,1,0.17,1,224
cpp_P224_2,1,0.17,1,224
cpp_P224_2,1,0.18,1,224
cpp_P224_2,1,0.18,1,224
cpp_P224_2,1,0.18,1,224
cpp_P224_2,1,0.18,1,224
cpp_P224_2,1,0.18,1,224
cpp_P224_2,1,0.18,1,224
cpp_P224_2,1,0.17,1,224
cpp_P224_2,1,0.18,1,224
cpp_P224_2,1,0.18,1,224
cpp_P224_2,1,0.18,1,224
cpp_P224_2,1,0.17,1,224
cpp_P224_2,1,0.17,1,224
cpp_P224_2,1,0.17,1,224
cpp_P224_2,1,0.17,1,224
cpp_P224_2,1,0.17,1,224
cpp_P224_2,1,0.18,1,224
cpp_P224_2,1,0.17,1,224
cpp_P224_2,1,0.17,1,224
cpp_P224_2,1,0.17,1,224
cpp_P224_2,1,0.17,1,224
cpp_P224_2,1,0.17,1,224
cpp_P224_2,1,0.17,1,224
cpp_P224_2,1,0.17,1,224
cpp_P224_2,1,0.18,1,224
cpp_P224_2,1,0.18,1,224
cpp_P224_2,1,0.18,1,224
cpp_P224_2,1,0.17,1,224
cpp_P224_2,1,0.18,1,224
cpp_P224_2,1,0.18,1,224
cpp_P224_2,1,0.17,1,224
cpp_P224_2,1,0.17,1,224
cpp_P224_2,1,0.18,1,224
cpp_P224_2,1,0.18,1,224
cpp_P224_2,1,0.17,1,224
cpp_P224_2,1,0.18,1,224
cpp_P224_2,1,0.17,1,224
cpp_P224_2,1,0.17,1,224
cpp_P224_2,1,0.18,1,224
cpp_P224_2,1,0.17,1,224
cpp_P224_2,1,0.18,1,224
cpp_P224_2,1,0.18,1,224
cpp_P224_2,1,0.18,1,224
cpp_P224_2,1,0.18,1,224
cpp_P224_2,1,0.18,1,224
cpp_P224_2,1,0.19,1,224
cpp_P224_2,1,0.18,1,224
cpp_P224_2,1,0.19,1,224
cpp_P224_2,1,0.18,1,224
cpp_P224_2,1,0.18,1,224
cpp_P224_2,1,0.18,1,224
cpp_P224_2,1,0.18,1,224
cpp_P224_2,1,0.18,1,224
cpp_P224_2,1,0.18,1,224
cpp_P224_2,1,0.18,1,224
cpp_P224_2,1,0.18,1,224
cpp_P224_2,1,0.18,1,224
cpp_P224_2,1,0.18,1,224
cpp_P224_2,1,0.17,1,224
cpp_P224_2,1,0.18,1,224
cpp_P224_2,1,0.18,1,224
cpp_P224_2,1,0.18,1,224
cpp_P224_2,1,0.17,1,224
cpp_P224_2,1,0.17,1,224
cpp_P224_2,1,0.18,1,224
cpp_P224_2,1,0.18,1,224
cpp_P224_2,1,0.17,1,224
cpp_P224_2,1,0.18,1,224
cpp_P224_2,1,0.18,1,224
cpp_P224_2,1,0.18,1,224
cpp_P224_2,1,0.17,1,224
cpp_P224_2,1,0.17,1,224
cpp_P224_2,1,0.18,1,224
cpp_P224_2,1,0.18,1,224
cpp_P224_2,1,0.17,1,224
cpp_P224_2,1,0.18,1,224
cpp_P224_2,1,0.18,1,224
cpp_P224_2,1,0.18,1,224
cpp_P224_2,1,0.17,1,224
cpp_P224_2,1,0.18,1,224
cpp_P224_2,1,0.17,1,224
cpp_P224_2,1,0.17,1,224
cpp_P224_2,1,0.17,1,224
cpp_P224_2,1,0.17,1,224
cpp_P224_2,1,0.18,1,224
cpp_P224_2,1,0.18,1,224
cpp_P224_2,1,0.19,1,224
cpp_P224_2,1,0.19,1,224
cpp_P224_2,1,0.18,1,224
cpp_P224_2,1,0.18,1,224
cpp_P224_2,1,0.19,1,224
cpp_P224_2,1,0.19,1,224
cpp_P224_2,1,0.19,1,224
cpp_P224_2,1,0.18,1,224
cpp_P224_2,1,0.18,1,224
cpp_P224_2,1,0.18,1,224
cpp_P224_2,1,0.18,1,224
cpp_P224_2,1,0.18,1,224
cpp_P224_2,1,0.18,1,224
cpp_P224_2,1,0.18,1,224
cpp_P224_2,1,0.18,1,224
cpp_P224_2,1,0.18,1,224
sage_P224_2,1,3.58,1,224
sage_P224_2,1,3.60,1,224
sage_P224_2,1,3.61,1,224
sage_P224_2,1,3.64,1,224
sage_P224_2,1,3.63,1,224
sage_P224_2,1,3.64,1,224
sage_P224_2,1,3.66,1,224
sage_P224_2,1,3.69,1,224
sage_P224_2,1,3.50,1,224
sage_P224_2,1,3.65,1,224
sage_P224_2,1,3.66,1,224
sage_P224_2,1,3.65,1,224
sage_P224_2,1,3.65,1,224
sage_P224_2,1,3.65,1,224
sage_P224_2,1,3.68,1,224
sage_P224_2,1,3.67,1,224
sage_P224_2,1,3.50,1,224
sage_P224_2,1,3.71,1,224
sage_P224_2,1,3.72,1,224
sage_P224_2,1,3.66,1,224
sage_P224_2,1,3.68,1,224
sage_P224_2,1,3.69,1,224
sage_P224_2,1,3.67,1,224
sage_P224_2,1,3.68,1,224
sage_P224_2,1,3.59,1,224
sage_P224_2,1,3.73,1,224
sage_P224_2,1,3.73,1,224
sage_P224_2,1,3.72,1,224
sage_P224_2,1,3.71,1,224
sage_P224_2,1,3.70,1,224
sage_P224_2,1,3.70,1,224
sage_P224_2,1,3.72,1,224
sage_P224_2,1,3.69,1,224
sage_P224_2,1,3.47,1,224
sage_P224_2,1,3.67,1,224
sage_P224_2,1,3.69,1,224
sage_P224_2,1,3.64,1,224
sage_P224_2,1,3.67,1,224
sage_P224_2,1,3.64,1,224
sage_P224_2,1,3.66,1,224
sage_P224_2,1,3.74,1,224
sage_P224_2,1,3.52,1,224
sage_P224_2,1,3.66,1,224
sage_P224_2,1,3.69,1,224
sage_P224_2,1,3.70,1,224
sage_P224_2,1,3.67,1,224
sage_P224_2,1,3.72,1,224
sage_P224_2,1,3.65,1,224
sage_P224_2,1,3.83,1,224
sage_P224_2,1,3.53,1,224
sage_P224_2,1,3.71,1,224
sage_P224_2,1,3.71,1,224
sage_P224_2,1,3.67,1,224
sage_P224_2,1,3.68,1,224
sage_P224_2,1,3.68,1,224
sage_P224_2,1,3.71,1,224
sage_P224_2,1,3.72,1,224
sage_P224_2,1,3.46,1,224
sage_P224_2,1,3.71,1,224
sage_P224_2,1,3.68,1,224
sage_P224_2,1,3.66,1,224
sage_P224_2,1,3.68,1,224
sage_P224_2,1,3.70,1,224
sage_P224_2,1,3.70,1,224
sage_P224_2,1,3.45,1,224
sage_P224_2,1,3.68,1,224
sage_P224_2,1,3.67,1,224
sage_P224_2,1,3.69,1,224
sage_P224_2,1,3.69,1,224
sage_P224_2,1,3.59,1,224
sage_P224_2,1,3.67,1,224
sage_P224_2,1,3.70,1,224
sage_P224_2,1,3.69,1,224
sage_P224_2,1,3.68,1,224
sage_P224_2,1,3.69,1,224
sage_P224_2,1,3.58,1,224
sage_P224_2,1,3.70,1,224
sage_P224_2,1,3.69,1,224
sage_P224_2,1,3.71,1,224
sage_P224_2,1,3.73,1,224
sage_P224_2,1,3.88,1,224
sage_P224_2,1,3.83,1,224
sage_P224_2,1,3.79,1,224
sage_P224_2,1,3.77,1,224
sage_P224_2,1,3.73,1,224
sage_P224_2,1,3.74,1,224
sage_P224_2,1,3.69,1,224
sage_P224_2,1,3.69,1,224
sage_P224_2,1,3.57,1,224
sage_P224_2,1,3.69,1,224
sage_P224_2,1,3.59,1,224
sage_P224_2,1,3.64,1,224
sage_P224_2,1,3.65,1,224
sage_P224_2,1,3.63,1,224
sage_P224_2,1,3.67,1,224
sage_P224_2,1,3.67,1,224
sage_P224_2,1,3.66,1,224
sage_P224_2,1,3.72,1,224
sage_P224_2,1,3.64,1,224
sage_P224_2,1,3.63,1,224
sage_P224_2,1,3.66,1,224
sage_P224_2,1,3.67,1,224
sage_P224_2,1,3.57,1,224
sage_P224_2,1,3.68,1,224
sage_P224_2,1,3.66,1,224
sage_P224_2,1,3.71,1,224
sage_P224_2,1,3.69,1,224
sage_P224_2,1,3.70,1,224
sage_P224_2,1,3.51,1,224
sage_P224_2,1,3.52,1,224
sage_P224_2,1,3.64,1,224
sage_P224_2,1,3.73,1,224
sage_P224_2,1,3.59,1,224
sage_P224_2,1,3.68,1,224
sage_P224_2,1,3.62,1,224
sage_P224_2,1,3.56,1,224
sage_P224_2,1,3.63,1,224
sage_P224_2,1,3.63,1,224
sage_P224_2,1,3.49,1,224
sage_P224_2,1,3.57,1,224
sage_P224_2,1,3.55,1,224
sage_P224_2,1,3.74,1,224
sage_P224_2,1,3.67,1,224
sage_P224_2,1,3.53,1,224
sage_P224_2,1,3.63,1,224
sage_P224_2,1,3.65,1,224
sage_P224_2,1,3.68,1,224
sage_P224_2,1,3.66,1,224
sage_P224_2,1,3.63,1,224
sage_P224_2,1,3.68,1,224
sage_P224_2,1,3.71,1,224
sage_P224_2,1,3.52,1,224
sage_P224_2,1,3.53,1,224
sage_P224_2,1,3.68,1,224
sage_P224_2,1,3.67,1,224
sage_P224_2,1,3.69,1,224
sage_P224_2,1,3.59,1,224
sage_P224_2,1,3.69,1,224
sage_P224_2,1,3.50,1,224
sage_P224_2,1,3.67,1,224
sage_P224_2,1,3.63,1,224
sage_P224_2,1,3.72,1,224
sage_P224_2,1,3.61,1,224
sage_P224_2,1,3.60,1,224
sage_P224_2,1,3.55,1,224
sage_P224_2,1,3.70,1,224
sage_P224_2,1,3.66,1,224
sage_P224_2,1,3.69,1,224
sage_P224_2,1,3.58,1,224
sage_P224_2,1,3.63,1,224
sage_P224_2,1,3.65,1,224
sage_P224_2,1,3.66,1,224
sage_P224_2,1,3.52,1,224
sage_P224_2,1,3.72,1,224
sage_P224_2,1,3.66,1,224
sage_P224_2,1,3.53,1,224
sage_P224_2,1,3.64,1,224
sage_P224_2,1,3.63,1,224
sage_P224_2,1,3.61,1,224
sage_P224_2,1,3.63,1,224
sage_P224_2,1,3.53,1,224
sage_P224_2,1,3.73,1,224
sage_P224_2,1,3.69,1,224
sage_P224_2,1,3.66,1,224
sage_P224_2,1,3.55,1,224
sage_P224_2,1,3.66,1,224
sage_P224_2,1,3.69,1,224
sage_P224_2,1,3.65,1,224
sage_P224_2,1,3.56,1,224
sage_P224_2,1,3.69,1,224
sage_P224_2,1,3.65,1,224
sage_P224_2,1,3.58,1,224
sage_P224_2,1,3.68,1,224
sage_P224_2,1,3.64,1,224
sage_P224_2,1,3.64,1,224
sage_P224_2,1,3.61,1,224
sage_P224_2,1,3.51,1,224
sage_P224_2,1,3.64,1,224
sage_P224_2,1,3.54,1,224
sage_P224_2,1,3.61,1,224
sage_P224_2,1,3.51,1,224
sage_P224_2,1,3.64,1,224
sage_P224_2,1,3.58,1,224
sage_P224_2,1,4.31,1,224
sage_P224_2,1,4.51,1,224
sage_P224_2,1,3.67,1,224
sage_P224_2,1,3.54,1,224
sage_P224_2,1,3.67,1,224
sage_P224_2,1,3.60,1,224
sage_P224_2,1,3.60,1,224
sage_P224_2,1,3.62,1,224
sage_P224_2,1,3.65,1,224
sage_P224_2,1,3.64,1,224
sage_P224_2,1,3.63,1,224
sage_P224_2,1,3.66,1,224
sage_P224_2,1,3.61,1,224
sage_P224_2,1,3.53,1,224
sage_P224_2,1,3.60,1,224
sage_P224_2,1,3.59,1,224
sage_P224_2,1,3.65,1,224
sage_P224_2,1,3.58,1,224
sage_P224_2,1,3.67,1,224
sage_P224_2,1,3.58,1,224
sage_P224_2,1,3.66,1,224
sage_P224_2,1,3.63,1,224
sage_P224_2,1,3.67,1,224
sage_P224_2,1,3.62,1,224
sage_P224_2,1,3.78,1,224
sage_P224_2,1,3.64,1,224
sage_P224_2,1,3.64,1,224
sage_P224_2,1,3.66,1,224
sage_P224_2,1,3.64,1,224
sage_P224_2,1,3.59,1,224
sage_P224_2,1,3.69,1,224
sage_P224_2,1,3.62,1,224
sage_P224_2,1,3.74,1,224
sage_P224_2,1,3.61,1,224
sage_P224_2,1,3.62,1,224
sage_P224_2,1,3.65,1,224
sage_P224_2,1,3.64,1,224
sage_P224_2,1,3.68,1,224
sage_P224_2,1,3.61,1,224
sage_P224_2,1,3.62,1,224
sage_P224_2,1,3.66,1,224
sage_P224_2,1,3.63,1,224
sage_P224_2,1,3.64,1,224
sage_P224_2,1,3.66,1,224
sage_P224_2,1,3.66,1,224
sage_P224_2,1,3.61,1,224
sage_P224_2,1,3.62,1,224
sage_P224_2,1,3.65,1,224
sage_P224_2,1,3.62,1,224
sage_P224_2,1,3.64,1,224
sage_P224_2,1,3.60,1,224
sage_P224_2,1,3.61,1,224
sage_P224_2,1,3.64,1,224
sage_P224_2,1,3.63,1,224
sage_P224_2,1,3.67,1,224
sage_P224_2,1,3.56,1,224
sage_P224_2,1,3.54,1,224
sage_P224_2,1,3.63,1,224
sage_P224_2,1,3.66,1,224
sage_P224_2,1,3.59,1,224
cpp_P224_3,1,0.22,3,183
sage_P224_2,1,3.63,1,224
cpp_P224_3,1,0.19,2,183
sage_P224_2,1,3.59,1,224
cpp_P224_3,1,0.15,1,183
cpp_P224_3,1,0.15,1,183
cpp_P224_3,1,0.15,1,183
cpp_P224_3,1,0.15,1,183
cpp_P224_3,1,0.15,1,183
cpp_P224_3,1,0.15,1,183
cpp_P224_3,1,0.15,1,183
cpp_P224_3,1,0.15,1,183
cpp_P224_3,1,0.15,1,183
cpp_P224_3,1,0.15,1,183
cpp_P224_3,1,0.16,1,183
sage_P224_2,1,3.61,1,224
cpp_P224_3,1,0.18,2,183
cpp_P224_3,1,0.16,1,183
cpp_P224_3,1,0.16,1,183
cpp_P224_3,1,0.35,7,183
cpp_P224_3,1,0.22,3,183
cpp_P224_3,1,0.19,2,183
cpp_P224_3,1,0.19,2,183
cpp_P224_3,1,0.32,6,183
cpp_P224_3,1,0.54,13,183
cpp_P224_3,1,0.22,3,183
cpp_P224_3,1,0.18,2,183
sage_P224_2,1,3.61,1,224
cpp_P224_3,1,0.16,1,183
cpp_P224_3,1,0.29,5,183
cpp_P224_3,1,0.16,1,183
cpp_P224_3,1,0.16,1,183
cpp_P224_3,1,0.19,2,183
cpp_P224_3,1,0.15,1,183
cpp_P224_3,1,0.15,1,183
cpp_P224_3,1,0.22,3,183
cpp_P224_3,1,0.22,3,183
cpp_P224_3,1,0.25,4,183
cpp_P224_3,1,0.19,2,183
cpp_P224_3,1,0.15,1,183
cpp_P224_3,1,0.22,3,183
cpp_P224_3,1,0.16,1,183
sage_P224_2,1,3.58,1,224
sage_P224_2,1,3.61,1,224
cpp_P224_3,1,0.22,3,183
cpp_P224_3,1,0.22,3,183
cpp_P224_3,1,0.35,7,183
cpp_P224_3,1,0.18,2,183
cpp_P224_3,1,0.18,2,183
cpp_P224_3,1,0.18,2,183
cpp_P224_3,1,0.15,1,183
cpp_P224_3,1,0.18,2,183
cpp_P224_3,1,0.15,1,183
cpp_P224_3,1,0.22,3,183
cpp_P224_3,1,0.23,3,183
cpp_P224_3,1,0.17,1,183
cpp_P224_3,1,0.42,9,183
cpp_P224_3,1,0.20,2,183
cpp_P224_3,1,0.16,1,183
cpp_P224_3,1,0.40,8,183
cpp_P224_3,1,0.19,2,183
cpp_P224_3,1,0.15,1,183
cpp_P224_3,1,0.25,4,183
cpp_P224_3,1,0.81,21,183
cpp_P224_3,1,0.28,5,183
cpp_P224_3,1,0.15,1,183
cpp_P224_3,1,0.18,2,183
cpp_P224_3,1,0.25,4,183
cpp_P224_3,1,0.15,1,183
cpp_P224_3,1,0.15,1,183
cpp_P224_3,1,0.15,1,183
cpp_P224_3,1,0.16,1,183
cpp_P224_3,1,0.16,1,183
cpp_P224_3,1,0.26,4,183
cpp_P224_3,1,0.20,2,183
cpp_P224_3,1,0.19,2,183
cpp_P224_3,1,0.15,1,183
cpp_P224_3,1,0.15,1,183
cpp_P224_3,1,0.18,2,183
cpp_P224_3,1,0.18,2,183
cpp_P224_3,1,0.22,3,183
cpp_P224_3,1,0.15,1,183
cpp_P224_3,1,0.22,3,183
cpp_P224_3,1,0.15,1,183
cpp_P224_3,1,0.15,1,183
cpp_P224_3,1,0.15,1,183
cpp_P224_3,1,0.15,1,183
cpp_P224_3,1,0.16,1,183
cpp_P224_3,1,0.22,3,183
cpp_P224_3,1,0.23,3,183
cpp_P224_3,1,0.45,10,183
cpp_P224_3,1,0.31,5,183
cpp_P224_3,1,0.23,3,183
cpp_P224_3,1,0.21,2,183
cpp_P224_3,1,0.23,3,183
cpp_P224_3,1,0.44,9,183
cpp_P224_3,1,0.99,26,183
cpp_P224_3,1,0.29,5,183
cpp_P224_3,1,0.19,2,183
cpp_P224_3,1,0.19,2,183
cpp_P224_3,1,0.25,4,183
cpp_P224_3,1,0.16,1,183
cpp_P224_3,1,0.25,4,183
sage_P224_2,1,3.57,1,224
cpp_P224_3,1,0.15,1,183
cpp_P224_3,1,0.19,2,183
cpp_P224_3,1,0.18,2,183
cpp_P224_3,1,0.15,1,183
cpp_P224_3,1,0.15,1,183
cpp_P224_3,1,0.15,1,183
cpp_P224_3,1,0.15,1,183
cpp_P224_3,1,0.15,1,183
cpp_P224_3,1,0.18,2,183
cpp_P224_3,1,0.15,1,183
cpp_P224_3,1,0.15,1,183
cpp_P224_3,1,0.15,1,183
cpp_P224_3,1,0.22,3,183
cpp_P224_3,1,0.19,2,183
cpp_P224_3,1,0.60,15,183
cpp_P224_3,1,0.19,2,183
cpp_P224_3,1,0.17,1,183
cpp_P224_3,1,0.15,1,183
cpp_P224_3,1,0.15,1,183
cpp_P224_3,1,0.15,1,183
cpp_P224_3,1,0.25,4,183
cpp_P224_3,1,0.18,2,183
cpp_P224_3,1,0.15,1,183
cpp_P224_3,1,0.15,1,183
cpp_P224_3,1,0.35,7,183
cpp_P224_3,1,0.19,2,183
cpp_P224_3,1,0.22,3,183
cpp_P224_3,1,0.28,5,183
cpp_P224_3,1,0.19,2,183
cpp_P224_3,1,0.57,14,183
cpp_P224_3,1,0.22,3,183
cpp_P224_3,1,0.16,1,183
cpp_P224_3,1,0.16,1,183
cpp_P224_3,1,0.15,1,183
cpp_P224_3,1,0.15,1,183
cpp_P224_3,1,0.25,4,183
cpp_P224_3,1,0.25,4,183
cpp_P224_3,1,0.15,1,183
cpp_P224_3,1,0.15,1,183
cpp_P224_3,1,0.25,4,183
cpp_P224_3,1,0.23,3,183
cpp_P224_3,1,0.19,2,183
cpp_P224_3,1,0.19,2,183
cpp_P224_3,1,0.19,2,183
cpp_P224_3,1,0.22,3,183
cpp_P224_3,1,0.15,1,183
cpp_P224_3,1,0.15,1,183
cpp_P224_3,1,0.34,7,183
cpp_P224_3,1,0.15,1,183
cpp_P224_3,1,0.15,1,183
cpp_P224_3,1,0.15,1,183
cpp_P224_3,1,0.15,1,183
cpp_P224_3,1,0.19,2,183
cpp_P224_3,1,0.16,1,183
cpp_P224_3,1,0.18,2,183
cpp_P224_3,1,0.15,1,183
cpp_P224_3,1,0.15,1,183
cpp_P224_3,1,0.31,6,183
cpp_P224_3,1,0.15,1,183
cpp_P224_3,1,0.18,2,183
cpp_P224_3,1,0.18,2,183
cpp_P224_3,1,0.15,1,183
cpp_P224_3,1,0.18,2,183
cpp_P224_3,1,0.61,15,183
cpp_P224_3,1,0.15,1,183
cpp_P224_3,1,0.15,1,183
cpp_P224_3,1,0.25,4,183
cpp_P224_3,1,0.28,5,183
cpp_P224_3,1,0.19,2,183
cpp_P224_3,1,0.15,1,183
cpp_P224_3,1,0.28,5,183
cpp_P224_3,1,0.18,2,183
cpp_P224_3,1,0.22,3,183
cpp_P224_3,1,0.19,2,183
cpp_P224_3,1,0.41,9,183
cpp_P224_3,1,0.63,16,183
cpp_P224_3,1,0.22,3,183
cpp_P224_3,1,0.18,2,183
cpp_P224_3,1,0.15,1,183
cpp_P224_3,1,0.15,1,183
cpp_P224_3,1,0.22,3,183
cpp_P224_3,1,0.15,1,183
cpp_P224_3,1,0.28,5,183
cpp_P224_3,1,0.16,1,183
cpp_P224_3,1,0.32,6,183
cpp_P224_3,1,0.19,2,183
cpp_P224_3,1,0.19,2,183
cpp_P224_3,1,0.23,3,183
cpp_P224_3,1,0.19,2,183
cpp_P224_3,1,0.19,2,183
cpp_P224_3,1,0.15,1,183
cpp_P224_3,1,0.22,3,183
cpp_P224_3,1,0.15,1,183
cpp_P224_3,1,0.18,2,183
cpp_P224_3,1,0.15,1,183
cpp_P224_3,1,0.31,6,183
cpp_P224_3,1,0.15,1,183
cpp_P224_3,1,0.19,2,183
cpp_P224_3,1,0.19,2,183
cpp_P224_3,1,0.18,2,183
cpp_P224_3,1,0.54,13,183
cpp_P224_3,1,0.22,3,183
cpp_P224_3,1,0.25,4,183
cpp_P224_3,1,0.22,3,183
cpp_P224_3,1,0.15,1,183
cpp_P224_3,1,0.22,3,183
cpp_P224_3,1,0.15,1,183
cpp_P224_3,1,0.25,4,183
cpp_P224_3,1,0.18,2,183
cpp_P224_3,1,0.22,3,183
cpp_P224_3,1,0.22,3,183
cpp_P224_3,1,0.16,1,183
cpp_P224_3,1,0.28,5,183
cpp_P224_3,1,0.22,3,183
cpp_P224_3,1,0.15,1,183
cpp_P224_3,1,0.22,3,183
cpp_P224_3,1,0.15,1,183
cpp_P224_3,1,0.18,2,183
cpp_P224_3,1,0.36,7,183
cpp_P224_3,1,0.23,3,183
cpp_P224_3,1,0.20,2,183
cpp_P224_3,1,0.23,3,183
cpp_P224_3,1,0.22,3,183
cpp_P224_3,1,0.35,7,183
cpp_P224_3,1,0.29,5,183
cpp_P224_3,1,0.29,5,183
cpp_P224_3,1,0.22,3,183
cpp_P224_3,1,0.25,4,183
cpp_P224_3,1,0.15,1,183
cpp_P224_3,1,0.15,1,183
cpp_P224_3,1,0.15,1,183
cpp_P224_3,1,0.18,2,183
cpp_P224_3,1,0.15,1,183
cpp_P224_3,1,0.15,1,183
cpp_P224_3,1,0.15,1,183
cpp_P224_3,1,0.18,2,183
cpp_P224_3,1,0.15,1,183
cpp_P224_3,1,0.21,3,183
cpp_P224_3,1,0.15,1,183
cpp_P224_3,1,0.19,2,183
cpp_P224_3,1,0.21,3,183
cpp_P224_3,1,0.15,1,183
cpp_P224_3,1,0.31,6,183
cpp_P224_3,1,0.28,5,183
cpp_P224_3,1,0.21,3,183
cpp_P224_3,1,0.40,9,183
cpp_P224_3,1,0.47,11,183
cpp_P224_3,1,0.15,1,183
cpp_P224_3,1,0.15,1,183
cpp_P224_3,1,0.15,1,183
cpp_P224_3,1,0.22,3,183
cpp_P224_3,1,0.22,3,183
cpp_P224_3,1,0.16,1,183
sage_P224_3,1,3.26,1,183
sage_P224_3,1,3.43,1,183
sage_P224_3,1,3.47,2,183
sage_P224_3,1,3.44,1,183
sage_P224_3,1,3.61,2,183
sage_P224_3,1,3.95,4,183
sage_P224_3,1,3.80,3,183
sage_P224_3,1,4.08,5,183
sage_P224_3,1,3.34,1,183
sage_P224_3,1,3.48,1,183
sage_P224_3,1,3.97,5,183
sage_P224_3,1,3.63,2,183
sage_P224_3,1,3.44,1,183
sage_P224_3,1,3.62,2,183
sage_P224_3,1,3.81,3,183
sage_P224_3,1,3.82,3,183
sage_P224_3,1,3.38,1,183
sage_P224_3,1,3.46,1,183
sage_P224_3,1,3.43,1,183
sage_P224_3,1,3.59,2,183
sage_P224_3,1,3.81,3,183
sage_P224_3,1,3.55,3,183
sage_P224_3,1,5.43,1,183
sage_P224_3,1,5.96,4,183
sage_P224_3,1,3.51,1,183
sage_P224_3,1,3.53,1,183
sage_P224_3,1,3.52,1,183
sage_P224_3,1,3.53,1,183
sage_P224_3,1,3.50,1,183
sage_P224_3,1,4.05,4,183
sage_P224_3,1,3.42,1,183
sage_P224_3,1,3.90,3,183
sage_P224_3,1,3.75,2,183
sage_P224_3,1,3.62,2,183
sage_P224_3,1,3.81,3,183
sage_P224_3,1,3.53,2,183
sage_P224_3,1,3.46,1,183
sage_P224_3,1,3.38,1,183
sage_P224_3,1,3.62,2,183
sage_P224_3,1,3.48,1,183
sage_P224_3,1,3.38,1,183
sage_P224_3,1,3.39,1,183
sage_P224_3,1,3.48,1,183
sage_P224_3,1,3.47,1,183
sage_P224_3,1,3.64,2,183
sage_P224_3,1,3.49,1,183
sage_P224_3,1,4.11,5,183
sage_P224_3,1,3.96,4,183
sage_P224_3,1,3.52,2,183
sage_P224_3,1,3.49,1,183
sage_P224_3,1,3.69,2,183
sage_P224_3,1,3.71,2,183
sage_P224_3,1,3.48,1,183
sage_P224_3,1,3.67,2,183
sage_P224_3,1,3.43,1,183
sage_P224_3,1,3.47,1,183
sage_P224_3,1,5.68,14,183
sage_P224_3,1,3.68,3,183
sage_P224_3,1,3.63,2,183
sage_P224_3,1,3.45,2,183
sage_P224_3,1,3.81,3,183
sage_P224_3,1,3.49,1,183
sage_P224_3,1,3.45,1,183
sage_P224_3,1,3.64,1,183
sage_P224_3,1,3.43,1,183
sage_P224_3,1,3.99,4,183
sage_P224_3,1,3.79,3,183
sage_P224_3,1,3.57,2,183
sage_P224_3,1,3.35,1,183
sage_P224_3,1,3.66,2,183
sage_P224_3,1,3.47,1,183
sage_P224_3,1,3.47,1,183
sage_P224_3,1,3.43,1,183
sage_P224_3,1,3.58,1,183
sage_P224_3,1,3.47,1,183
sage_P224_3,1,3.38,1,183
sage_P224_3,1,3.94,4,183
sage_P224_3,1,3.75,3,183
sage_P224_3,1,3.36,1,183
sage_P224_3,1,3.63,2,183
sage_P224_3,1,3.78,3,183
sage_P224_3,1,3.57,2,183
sage_P224_3,1,3.34,1,183
sage_P224_3,1,3.33,1,183
sage_P224_3,1,3.63,2,183
sage_P224_3,1,4.29,6,183
sage_P224_3,1,3.93,4,183
sage_P224_3,1,3.56,1,183
sage_P224_3,1,3.46,1,183
sage_P224_3,1,3.40,1,183
sage_P224_3,1,3.53,1,183
sage_P224_3,1,3.47,1,183
sage_P224_3,1,3.49,1,183
sage_P224_3,1,3.87,4,183
sage_P224_3,1,4.01,4,183
sage_P224_3,1,3.45,1,183
sage_P224_3,1,3.44,1,183
sage_P224_3,1,3.88,4,183
sage_P224_3,1,3.46,1,183
sage_P224_3,1,3.71,2,183
sage_P224_3,1,3.40,1,183
sage_P224_3,1,4.24,5,183
sage_P224_3,1,3.96,4,183
sage_P224_3,1,3.63,2,183
sage_P224_3,1,3.60,2,183
sage_P224_3,1,3.58,2,183
sage_P224_3,1,3.43,1,183
sage_P224_3,1,3.57,1,183
sage_P224_3,1,3.51,2,183
sage_P224_3,1,3.48,1,183
sage_P224_3,1,3.94,4,183
sage_P224_3,1,3.54,1,183
sage_P224_3,1,3.69,2,183
sage_P224_3,1,3.75,3,183
sage_P224_3,1,3.53,1,183
sage_P224_3,1,3.85,3,183
sage_P224_3,1,3.72,3,183
sage_P224_3,1,3.85,3,183
sage_P224_3,1,3.52,1,183
sage_P224_3,1,3.72,3,183
sage_P224_3,1,3.73,2,183
sage_P224_3,1,3.76,3,183
sage_P224_3,1,3.49,1,183
sage_P224_3,1,3.85,3,183
sage_P224_3,1,3.78,3,183
sage_P224_3,1,4.67,8,183
sage_P224_3,1,3.61,2,183
sage_P224_3,1,3.73,3,183
sage_P224_3,1,3.45,1,183
sage_P224_3,1,3.72,3,183
sage_P224_3,1,4.03,5,183
sage_P224_3,1,4.00,4,183
sage_P224_3,1,3.87,4,183
sage_P224_3,1,3.61,2,183
sage_P224_3,1,3.56,1,183
sage_P224_3,1,3.45,1,183
sage_P224_3,1,3.44,1,183
sage_P224_3,1,3.52,1,183
sage_P224_3,1,4.41,7,183
sage_P224_3,1,3.82,3,183
sage_P224_3,1,3.88,4,183
sage_P224_3,1,3.44,1,183
sage_P224_3,1,3.55,2,183
sage_P224_3,1,3.42,1,183
sage_P224_3,1,3.76,3,183
sage_P224_3,1,3.85,3,183
sage_P224_3,1,3.91,4,183
sage_P224_3,1,3.57,2,183
sage_P224_3,1,3.61,2,183
sage_P224_3,1,3.44,1,183
sage_P224_3,1,3.46,1,183
sage_P224_3,1,3.59,2,183
sage_P224_3,1,3.46,1,183
sage_P224_3,1,3.61,2,183
sage_P224_3,1,3.63,2,183
sage_P224_3,1,3.80,3,183
sage_P224_3,1,3.46,1,183
sage_P224_3,1,3.74,3,183
sage_P224_3,1,3.90,4,183
sage_P224_3,1,7.16,23,183
sage_P224_3,1,3.40,1,183
sage_P224_3,1,3.93,4,183
sage_P224_3,1,3.45,1,183
sage_P224_3,1,3.79,3,183
sage_P224_3,1,3.73,3,183
sage_P224_3,1,3.39,1,183
sage_P224_3,1,3.45,1,183
sage_P224_3,1,3.73,3,183
sage_P224_3,1,3.95,4,183
sage_P224_3,1,3.42,1,183
sage_P224_3,1,3.76,3,183
sage_P224_3,1,3.80,3,183
sage_P224_3,1,3.76,3,183
sage_P224_3,1,3.46,1,183
sage_P224_3,1,3.43,1,183
sage_P224_3,1,3.63,2,183
sage_P224_3,1,3.75,3,183
sage_P224_3,1,3.93,4,183
sage_P224_3,1,3.43,1,183
sage_P224_3,1,3.43,1,183
sage_P224_3,1,3.74,3,183
sage_P224_3,1,3.47,1,183
sage_P224_3,1,3.89,3,183
sage_P224_3,1,3.74,3,183
sage_P224_3,1,3.46,1,183
sage_P224_3,1,3.43,1,183
sage_P224_3,1,4.07,5,183
sage_P224_3,1,4.33,6,183
sage_P224_3,1,3.44,1,183
sage_P224_3,1,3.64,2,183
sage_P224_3,1,3.45,1,183
sage_P224_3,1,3.95,4,183
sage_P224_3,1,3.64,2,183
sage_P224_3,1,3.98,4,183
sage_P224_3,1,3.65,2,183
sage_P224_3,1,3.54,1,183
sage_P224_3,1,3.58,2,183
sage_P224_3,1,3.58,2,183
sage_P224_3,1,3.43,1,183
sage_P224_3,1,3.54,2,183
sage_P224_3,1,3.45,1,183
sage_P224_3,1,3.66,2,183
sage_P224_3,1,3.50,2,183
sage_P224_3,1,3.60,2,183
sage_P224_3,1,3.60,2,183
sage_P224_3,1,3.96,4,183
sage_P224_3,1,4.14,5,183
sage_P224_3,1,3.75,3,183
sage_P224_3,1,3.45,1,183
sage_P224_3,1,3.79,3,183
sage_P224_3,1,3.93,4,183
sage_P224_3,1,4.29,6,183
sage_P224_3,1,3.41,1,183
sage_P224_3,1,3.48,1,183
sage_P224_3,1,3.57,2,183
sage_P224_3,1,3.45,1,183
sage_P224_3,1,3.45,1,183
sage_P224_3,1,3.59,2,183
sage_P224_3,1,3.38,1,183
sage_P224_3,1,3.58,2,183
sage_P224_3,1,3.98,4,183
sage_P224_3,1,3.34,1,183
sage_P224_3,1,3.64,2,183
sage_P224_3,1,4.31,6,183
sage_P224_3,1,3.80,3,183
sage_P224_3,1,3.78,3,183
sage_P224_3,1,3.33,1,183
sage_P224_3,1,3.44,1,183
sage_P224_3,1,3.61,2,183
sage_P224_3,1,5.82,15,183
sage_P224_3,1,3.92,4,183
sage_P224_3,1,3.40,1,183
sage_P224_3,1,3.44,1,183
sage_P224_3,1,4.10,5,183
sage_P224_3,1,3.50,1,183
sage_P224_3,1,3.86,3,183
sage_P224_3,1,3.73,2,183
sage_P224_3,1,3.48,2,183
sage_P224_3,1,3.49,2,183
sage_P224_3,1,3.48,1,183
sage_P224_3,1,3.46,1,183
sage_P224_3,1,7.45,24,183
sage_P224_3,1,3.70,2,183
cpp_P224_4,1,0.30,6,173
cpp_P224_4,1,0.23,3,173
cpp_P224_4,1,0.21,2,173
cpp_P224_4,1,0.25,4,173
cpp_P224_4,1,0.18,2,173
sage_P224_3,1,3.51,1,183
cpp_P224_4,1,0.44,10,173
cpp_P224_4,1,0.22,3,173
cpp_P224_4,1,0.37,8,173
cpp_P224_4,1,0.34,7,173
cpp_P224_4,1,0.15,1,173
cpp_P224_4,1,0.19,2,173
sage_P224_3,1,3.72,2,183
cpp_P224_4,1,0.19,2,173
cpp_P224_4,1,0.18,2,173
sage_P224_3,1,4.32,6,183
cpp_P224_4,1,0.33,7,173
cpp_P224_4,1,0.18,2,173
cpp_P224_4,1,1.20,35,173
cpp_P224_4,1,0.15,1,173
cpp_P224_4,1,0.24,4,173
cpp_P224_4,1,1.07,31,173
cpp_P224_4,1,0.18,2,173
sage_P224_3,1,3.64,2,183
cpp_P224_4,1,0.69,19,173
cpp_P224_4,1,0.54,14,173
cpp_P224_4,1,0.51,13,173
cpp_P224_4,1,0.15,1,173
cpp_P224_4,1,0.21,3,173
cpp_P224_4,1,0.39,9,173
sage_P224_3,1,3.49,2,183
cpp_P224_4,1,0.31,6,173
cpp_P224_4,1,0.21,3,173
cpp_P224_4,1,0.21,3,173
cpp_P224_4,1,0.15,1,173
cpp_P224_4,1,0.24,4,173
sage_P224_3,1,5.20,12,183
cpp_P224_4,1,0.19,2,173
sage_P224_3,1,4.45,7,183
cpp_P224_4,1,0.25,4,173
cpp_P224_4,1,0.15,1,173
cpp_P224_4,1,0.18,2,173
cpp_P224_4,1,0.25,4,173
cpp_P224_4,1,0.33,7,173
cpp_P224_4,1,0.15,1,173
cpp_P224_4,1,0.43,10,173
cpp_P224_4,1,1.11,32,173
cpp_P224_4,1,0.28,5,173
cpp_P224_4,1,0.25,4,173
cpp_P224_4,1,0.19,2,173
cpp_P224_4,1,0.18,2,173
cpp_P224_4,1,0.15,1,173
cpp_P224_4,1,0.76,21,173
cpp_P224_4,1,1.11,32,173
cpp_P224_4,1,0.34,7,173
cpp_P224_4,1,0.40,9,173
cpp_P224_4,1,0.15,1,173
cpp_P224_4,1,0.18,2,173
cpp_P224_4,1,0.18,2,173
cpp_P224_4,1,0.18,2,173
cpp_P224_4,1,0.30,6,173
cpp_P224_4,1,0.30,6,173
cpp_P224_4,1,0.18,2,173
cpp_P224_4,1,0.21,3,173
cpp_P224_4,1,0.33,7,173
cpp_P224_4,1,0.24,4,173
cpp_P224_4,1,0.33,7,173
cpp_P224_4,1,0.21,3,173
cpp_P224_4,1,0.33,7,173
cpp_P224_4,1,0.50,13,173
cpp_P224_4,1,0.21,3,173
cpp_P224_4,1,0.99,29,173
cpp_P224_4,1,0.24,4,173
cpp_P224_4,1,0.18,2,173
cpp_P224_4,1,0.15,1,173
cpp_P224_4,1,0.45,11,173
cpp_P224_4,1,0.27,5,173
cpp_P224_4,1,0.33,7,173
cpp_P224_4,1,0.27,5,173
cpp_P224_4,1,0.21,3,173
cpp_P224_4,1,0.43,10,173
cpp_P224_4,1,0.19,2,173
cpp_P224_4,1,0.16,1,173
cpp_P224_4,1,0.43,10,173
cpp_P224_4,1,0.51,13,173
cpp_P224_4,1,0.15,1,173
cpp_P224_4,1,0.15,1,173
cpp_P224_4,1,0.15,1,173
cpp_P224_4,1,0.90,26,173
cpp_P224_4,1,0.39,9,173
cpp_P224_4,1,0.21,3,173
cpp_P224_4,1,0.79,22,173
cpp_P224_4,1,0.15,1,173
cpp_P224_4,1,0.18,2,173
cpp_P224_4,1,0.61,16,173
cpp_P224_4,1,0.33,7,173
cpp_P224_4,1,0.36,8,173
cpp_P224_4,1,0.21,3,173
cpp_P224_4,1,0.15,1,173
cpp_P224_4,1,0.25,4,173
cpp_P224_4,1,0.16,1,173
cpp_P224_4,1,0.16,1,173
cpp_P224_4,1,0.50,12,173
cpp_P224_4,1,0.68,18,173
cpp_P224_4,1,1.04,30,173
cpp_P224_4,1,0.15,1,173
cpp_P224_4,1,0.15,1,173
cpp_P224_4,1,3.06,97,173
cpp_P224_4,1,0.15,1,173
cpp_P224_4,1,0.30,6,173
cpp_P224_4,1,0.15,1,173
cpp_P224_4,1,0.83,23,173
cpp_P224_4,1,0.15,1,173
cpp_P224_4,1,0.86,24,173
cpp_P224_4,1,0.18,2,173
cpp_P224_4,1,0.85,24,173
cpp_P224_4,1,0.18,2,173
cpp_P224_4,1,0.18,2,173
cpp_P224_4,1,0.18,2,173
cpp_P224_4,1,0.18,2,173
cpp_P224_4,1,0.73,20,173
cpp_P224_4,1,0.39,9,173
cpp_P224_4,1,1.06,31,173
cpp_P224_4,1,0.27,5,173
cpp_P224_4,1,1.06,31,173
cpp_P224_4,1,0.27,5,173
cpp_P224_4,1,0.45,11,173
cpp_P224_4,1,0.21,3,173
cpp_P224_4,1,0.15,1,173
cpp_P224_4,1,0.46,11,173
cpp_P224_4,1,0.58,15,173
cpp_P224_4,1,0.18,2,173
cpp_P224_4,1,0.65,17,173
cpp_P224_4,1,0.15,1,173
cpp_P224_4,1,0.24,4,173
cpp_P224_4,1,0.46,11,173
cpp_P224_4,1,0.46,11,173
cpp_P224_4,1,0.30,6,173
cpp_P224_4,1,0.70,19,173
cpp_P224_4,1,0.15,1,173
cpp_P224_4,1,0.15,1,173
cpp_P224_4,1,0.24,4,173
cpp_P224_4,1,0.24,4,173
cpp_P224_4,1,0.27,5,173
cpp_P224_4,1,1.21,36,173
cpp_P224_4,1,0.18,2,173
cpp_P224_4,1,0.21,3,173
cpp_P224_4,1,0.18,2,173
cpp_P224_4,1,0.21,3,173
cpp_P224_4,1,0.21,3,173
cpp_P224_4,1,0.30,6,173
cpp_P224_4,1,0.36,8,173
cpp_P224_4,1,0.15,1,173
cpp_P224_4,1,1.16,34,173
cpp_P224_4,1,0.22,3,173
cpp_P224_4,1,0.18,2,173
cpp_P224_4,1,0.52,13,173
cpp_P224_4,1,0.21,3,173
cpp_P224_4,1,0.21,3,173
cpp_P224_4,1,0.27,5,173
cpp_P224_4,1,0.21,3,173
cpp_P224_4,1,0.15,1,173
cpp_P224_4,1,0.15,1,173
cpp_P224_4,1,0.27,5,173
cpp_P224_4,1,0.39,9,173
cpp_P224_4,1,0.24,4,173
cpp_P224_4,1,0.36,8,173
cpp_P224_4,1,0.18,2,173
cpp_P224_4,1,0.27,5,173
cpp_P224_4,1,0.30,6,173
cpp_P224_4,1,0.18,2,173
cpp_P224_4,1,0.33,7,173
cpp_P224_4,1,0.21,3,173
cpp_P224_4,1,0.15,1,173
cpp_P224_4,1,0.15,1,173
cpp_P224_4,1,0.36,8,173
cpp_P224_4,1,0.24,4,173
cpp_P224_4,1,0.15,1,173
cpp_P224_4,1,0.18,2,173
cpp_P224_4,1,0.15,1,173
cpp_P224_4,1,0.21,3,173
cpp_P224_4,1,0.18,2,173
cpp_P224_4,1,0.30,6,173
cpp_P224_4,1,0.21,3,173
cpp_P224_4,1,0.15,1,173
cpp_P224_4,1,0.21,3,173
cpp_P224_4,1,0.33,7,173
cpp_P224_4,1,0.25,4,173
cpp_P224_4,1,0.42,10,173
cpp_P224_4,1,0.15,1,173
cpp_P224_4,1,0.18,2,173
cpp_P224_4,1,0.48,12,173
cpp_P224_4,1,0.37,8,173
cpp_P224_4,1,0.15,1,173
cpp_P224_4,1,0.15,1,173
cpp_P224_4,1,0.15,1,173
cpp_P224_4,1,0.56,14,173
cpp_P224_4,1,0.24,4,173
cpp_P224_4,1,0.19,2,173
cpp_P224_4,1,0.19,2,173
cpp_P224_4,1,0.28,5,173
cpp_P224_4,1,0.21,3,173
cpp_P224_4,1,0.31,6,173
cpp_P224_4,1,0.28,5,173
cpp_P224_4,1,0.15,1,173
cpp_P224_4,1,0.37,8,173
cpp_P224_4,1,0.15,1,173
cpp_P224_4,1,0.24,4,173
cpp_P224_4,1,0.43,10,173
cpp_P224_4,1,0.27,5,173
cpp_P224_4,1,0.21,3,173
cpp_P224_4,1,0.32,7,173
cpp_P224_4,1,0.45,11,173
cpp_P224_4,1,0.45,11,173
cpp_P224_4,1,0.18,2,173
cpp_P224_4,1,0.18,2,173
cpp_P224_4,1,0.27,5,173
cpp_P224_4,1,0.39,9,173
cpp_P224_4,1,0.18,2,173
cpp_P224_4,1,0.27,5,173
cpp_P224_4,1,0.52,13,173
cpp_P224_4,1,0.63,17,173
cpp_P224_4,1,0.55,14,173
cpp_P224_4,1,0.70,19,173
cpp_P224_4,1,0.24,4,173
cpp_P224_4,1,1.18,35,173
cpp_P224_4,1,0.21,3,173
cpp_P224_4,1,0.21,3,173
cpp_P224_4,1,0.19,2,173
cpp_P224_4,1,0.16,1,173
cpp_P224_4,1,0.16,1,173
cpp_P224_4,1,0.19,2,173
cpp_P224_4,1,0.33,6,173
cpp_P224_4,1,1.17,34,173
cpp_P224_4,1,0.21,3,173
cpp_P224_4,1,0.36,8,173
cpp_P224_4,1,0.85,24,173
cpp_P224_4,1,0.21,3,173
cpp_P224_4,1,0.21,3,173
cpp_P224_4,1,0.36,8,173
cpp_P224_4,1,0.21,3,173
cpp_P224_4,1,0.30,6,173
cpp_P224_4,1,0.57,15,173
cpp_P224_4,1,0.30,6,173
cpp_P224_4,1,0.88,25,173
cpp_P224_4,1,1.21,36,173
cpp_P224_4,1,0.15,1,173
cpp_P224_4,1,0.43,10,173
cpp_P224_4,1,0.32,6,173
cpp_P224_4,1,0.33,7,173
cpp_P224_4,1,0.47,11,173
cpp_P224_4,1,0.19,2,173
cpp_P224_4,1,0.66,18,173
cpp_P224_4,1,2.88,90,173
cpp_P224_4,1,0.39,9,173
cpp_P224_4,1,0.51,13,173
cpp_P224_4,0,3.16,0,173
sage_P224_4,1,3.38,1,173
sage_P224_4,1,3.42,1,173
sage_P224_4,1,3.72,3,173
sage_P224_4,1,3.85,4,173
sage_P224_4,1,3.74,3,173
sage_P224_4,1,4.04,5,173
sage_P224_4,1,4.04,5,173
sage_P224_4,1,4.16,6,173
sage_P224_4,1,3.37,1,173
sage_P224_4,1,3.47,1,173
sage_P224_4,1,3.79,3,173
sage_P224_4,1,3.81,4,173
sage_P224_4,1,3.45,1,173
sage_P224_4,1,5.26,13,173
sage_P224_4,1,4.26,6,173
sage_P224_4,1,6.78,22,173
sage_P224_4,1,3.49,2,173
sage_P224_4,1,3.36,1,173
sage_P224_4,1,3.72,3,173
sage_P224_4,1,3.88,4,173
sage_P224_4,1,3.55,2,173
sage_P224_4,1,6.24,19,173
sage_P224_4,1,3.58,2,173
sage_P224_4,1,3.72,3,173
sage_P224_4,1,3.64,2,173
sage_P224_4,1,4.30,6,173
sage_P224_4,1,3.64,2,173
sage_P224_4,1,5.80,16,173
sage_P224_4,1,3.90,4,173
sage_P224_4,1,3.80,3,173
sage_P224_4,1,4.58,8,173
sage_P224_4,1,5.78,16,173
sage_P224_4,1,3.60,2,173
sage_P224_4,1,3.89,4,173
sage_P224_4,1,4.21,6,173
sage_P224_4,1,4.43,7,173
sage_P224_4,1,3.54,2,173
sage_P224_4,1,3.63,3,173
sage_P224_4,1,5.35,13,173
sage_P224_4,1,4.24,6,173
sage_P224_4,1,3.40,1,173
sage_P224_4,1,3.37,1,173
sage_P224_4,1,4.41,7,173
sage_P224_4,1,4.33,6,173
sage_P224_4,1,4.58,8,173
sage_P224_4,1,3.64,2,173
sage_P224_4,1,3.64,2,173
sage_P224_4,1,3.44,1,173
sage_P224_4,1,3.47,1,173
sage_P224_4,1,4.64,9,173
sage_P224_4,1,3.54,2,173
sage_P224_4,1,3.34,1,173
sage_P224_4,1,4.26,6,173
sage_P224_4,1,3.83,3,173
sage_P224_4,1,4.08,5,173
sage_P224_4,1,3.34,1,173
sage_P224_4,1,7.21,25,173
sage_P224_4,1,4.20,6,173
sage_P224_4,1,4.88,11,173
sage_P224_4,1,3.92,4,173
sage_P224_4,1,3.66,2,173
sage_P224_4,1,4.01,4,173
sage_P224_4,1,3.57,2,173
sage_P224_4,1,3.77,3,173
sage_P224_4,1,3.53,1,173
sage_P224_4,1,3.63,1,173
sage_P224_4,1,3.88,3,173
sage_P224_4,1,3.67,3,173
sage_P224_4,1,4.66,8,173
sage_P224_4,1,4.85,9,173
sage_P224_4,1,3.48,1,173
sage_P224_4,1,3.67,2,173
sage_P224_4,1,4.65,8,173
sage_P224_4,1,5.38,13,173
sage_P224_4,1,3.37,1,173
sage_P224_4,1,3.37,1,173
sage_P224_4,1,4.07,5,173
sage_P224_4,1,3.46,1,173
sage_P224_4,1,5.46,13,173
sage_P224_4,1,4.22,6,173
sage_P224_4,1,4.11,5,173
sage_P224_4,1,3.38,1,173
sage_P224_4,1,3.33,1,173
sage_P224_4,1,4.15,5,173
sage_P224_4,1,3.66,2,173
sage_P224_4,1,3.66,2,173
sage_P224_4,1,3.82,4,173
sage_P224_4,1,3.85,3,173
sage_P224_4,1,3.53,1,173
sage_P224_4,1,3.48,2,173
sage_P224_4,1,4.43,7,173
sage_P224_4,1,7.54,26,173
sage_P224_4,1,4.00,5,173
sage_P224_4,1,6.11,17,173
sage_P224_4,1,3.46,2,173
sage_P224_4,1,4.14,6,173
sage_P224_4,1,4.46,7,173
sage_P224_4,1,4.80,10,173
sage_P224_4,1,3.35,1,173
sage_P224_4,1,3.43,1,173
sage_P224_4,1,3.88,4,173
sage_P224_4,1,9.93,43,173
sage_P224_4,1,3.86,4,173
sage_P224_4,1,4.03,5,173
sage_P224_4,1,3.51,2,173
sage_P224_4,1,4.65,9,173
sage_P224_4,1,4.40,7,173
sage_P224_4,1,3.89,4,173
sage_P224_4,1,3.37,1,173
sage_P224_4,1,4.03,5,173
sage_P224_4,1,5.47,14,173
sage_P224_4,1,4.93,11,173
sage_P224_4,1,4.75,10,173
sage_P224_4,1,3.39,1,173
sage_P224_4,1,4.10,5,173
sage_P224_4,1,3.42,1,173
sage_P224_4,1,4.05,5,173
sage_P224_4,1,3.39,1,173
sage_P224_4,1,6.55,21,173
sage_P224_4,1,4.04,5,173
sage_P224_4,1,4.60,4,173
sage_P224_4,1,4.84,5,173
sage_P224_4,1,3.99,5,173
sage_P224_4,1,3.61,2,173
sage_P224_4,1,4.42,7,173
sage_P224_4,1,3.80,3,173
sage_P224_4,1,3.54,2,173
sage_P224_4,1,3.95,4,173
sage_P224_4,1,4.12,5,173
sage_P224_4,1,4.38,8,173
sage_P224_4,1,3.61,2,173
sage_P224_4,1,3.51,1,173
sage_P224_4,1,4.26,6,173
sage_P224_4,1,10.38,45,173
sage_P224_4,1,3.61,2,173
sage_P224_4,1,3.57,2,173
sage_P224_4,1,6.42,21,173
sage_P224_4,1,3.50,2,173
sage_P224_4,1,3.34,1,173
sage_P224_4,1,3.43,1,173
sage_P224_4,1,6.48,20,173
sage_P224_4,1,4.68,9,173
sage_P224_4,1,3.38,1,173
sage_P224_4,1,3.37,1,173
sage_P224_4,1,5.15,12,173
sage_P224_4,1,3.67,3,173
sage_P224_4,1,4.17,6,173
sage_P224_4,1,3.53,2,173
sage_P224_4,1,3.60,2,173
sage_P224_4,1,3.44,1,173
sage_P224_4,1,4.00,5,173
sage_P224_4,1,3.38,1,173
sage_P224_4,1,5.14,12,173
sage_P224_4,1,3.47,1,173
sage_P224_4,1,6.09,18,173
sage_P224_4,1,3.60,2,173
sage_P224_4,1,3.46,1,173
sage_P224_4,1,4.98,11,173
sage_P224_4,1,4.48,8,173
sage_P224_4,1,3.58,2,173
sage_P224_4,1,3.70,3,173
sage_P224_4,1,4.32,7,173
sage_P224_4,1,4.51,8,173
sage_P224_4,1,3.58,2,173
sage_P224_4,1,3.56,2,173
sage_P224_4,1,4.14,6,173
sage_P224_4,1,4.57,9,173
sage_P224_4,1,7.30,26,173
sage_P224_4,1,6.29,19,173
sage_P224_4,1,5.71,16,173
sage_P224_4,1,3.41,1,173
sage_P224_4,1,7.12,25,173
sage_P224_4,1,3.61,2,173
sage_P224_4,1,4.09,5,173
sage_P224_4,1,4.04,5,173
sage_P224_4,1,4.11,5,173
sage_P224_4,1,3.90,4,173
sage_P224_4,1,7.59,27,173
sage_P224_4,1,4.35,7,173
sage_P224_4,1,3.35,1,173
sage_P224_4,1,5.11,12,173
sage_P224_4,1,3.96,4,173
sage_P224_4,1,5.05,10,173
sage_P224_4,1,3.36,1,173
sage_P224_4,1,3.42,1,173
sage_P224_4,1,4.34,7,173
sage_P224_4,1,4.12,6,173
sage_P224_4,1,3.67,3,173
sage_P224_4,1,3.75,3,173
sage_P224_4,1,9.48,39,173
sage_P224_4,1,4.01,5,173
sage_P224_4,1,3.59,2,173
sage_P224_4,1,3.83,4,173
sage_P224_4,1,6.75,22,173
sage_P224_4,1,4.44,7,173
sage_P224_4,1,3.86,4,173
sage_P224_4,1,4.68,9,173
sage_P224_4,1,3.40,1,173
sage_P224_4,1,3.76,3,173
sage_P224_4,1,4.58,8,173
sage_P224_4,1,3.90,4,173
sage_P224_4,1,5.53,15,173
sage_P224_4,1,6.18,18,173
sage_P224_4,1,3.42,1,173
sage_P224_4,1,4.32,7,173
sage_P224_4,1,3.84,4,173
sage_P224_4,1,4.13,6,173
sage_P224_4,1,4.52,8,173
sage_P224_4,1,3.37,1,173
sage_P224_4,1,6.24,19,173
sage_P224_4,0,18.33,0,173
sage_P224_4,1,7.30,27,173
sage_P224_4,1,3.93,4,173
sage_P224_4,1,3.54,2,173
sage_P224_4,1,3.46,1,173
sage_P224_4,1,3.40,1,173
sage_P224_4,1,5.10,12,173
sage_P224_4,1,7.55,28,173
sage_P224_4,1,3.38,1,173
sage_P224_4,1,5.91,17,173
sage_P224_4,1,4.86,10,173
sage_P224_4,1,4.71,10,173
sage_P224_4,1,5.10,12,173
sage_P224_4,1,3.56,2,173
sage_P224_4,1,6.11,18,173
sage_P224_4,1,3.70,3,173
sage_P224_4,1,3.63,2,173
sage_P224_4,1,4.41,7,173
sage_P224_4,1,4.73,9,173
sage_P224_4,1,3.35,1,173
sage_P224_4,1,3.41,1,173
sage_P224_4,1,3.66,3,173
sage_P224_4,1,3.80,3,173
sage_P224_4,1,3.72,3,173
sage_P224_4,1,3.78,3,173
sage_P224_4,1,3.61,2,173
sage_P224_4,1,3.42,1,173
sage_P224_4,1,3.51,2,173
sage_P224_4,1,4.62,8,173
sage_P224_4,1,4.07,5,173
sage_P224_4,1,3.36,1,173
sage_P224_4,1,5.69,15,173
sage_P224_4,1,3.89,4,173
cpp_P224_5,1,0.30,6,170
cpp_P224_5,1,0.51,13,170
sage_P224_4,1,4.05,5,173
sage_P224_4,1,4.02,5,173
cpp_P224_5,1,0.39,9,170
cpp_P224_5,1,0.18,2,170
sage_P224_4,1,3.43,1,173
cpp_P224_5,1,0.18,2,170
cpp_P224_5,1,0.15,1,170
cpp_P224_5,1,0.29,6,170
cpp_P224_5,1,0.16,1,170
cpp_P224_5,1,1.14,34,170
cpp_P224_5,1,0.45,11,170
cpp_P224_5,1,0.18,2,170
cpp_P224_5,1,0.27,5,170
cpp_P224_5,1,0.77,22,170
cpp_P224_5,1,0.27,5,170
cpp_P224_5,1,0.98,29,170
sage_P224_4,1,3.45,2,173
cpp_P224_5,1,2.17,70,170
sage_P224_4,1,4.79,10,173
cpp_P224_5,1,0.24,4,170
cpp_P224_5,1,0.27,5,170
cpp_P224_5,1,0.18,2,170
cpp_P224_5,1,1.17,36,170
cpp_P224_5,1,0.18,2,170
sage_P224_4,1,3.36,1,173
cpp_P224_5,1,1.46,46,170
cpp_P224_5,1,0.18,2,170
cpp_P224_5,1,0.15,1,170
cpp_P224_5,1,0.45,11,170
cpp_P224_5,1,1.66,52,170
cpp_P224_5,1,0.29,6,170
cpp_P224_5,1,0.65,18,170
cpp_P224_5,1,0.50,13,170
cpp_P224_5,1,0.33,7,170
cpp_P224_5,1,0.39,9,170
cpp_P224_5,1,0.24,4,170
cpp_P224_5,1,0.33,7,170
cpp_P224_5,1,0.37,8,170
cpp_P224_5,1,1.80,57,170
cpp_P224_5,1,0.43,10,170
sage_P224_4,1,6.64,22,173
cpp_P224_5,1,0.24,4,170
cpp_P224_5,1,0.21,3,170
cpp_P224_5,1,0.24,4,170
cpp_P224_5,1,0.15,1,170
cpp_P224_5,1,0.30,6,170
cpp_P224_5,1,0.97,28,170
cpp_P224_5,1,0.27,5,170
cpp_P224_5,1,0.15,1,170
cpp_P224_5,1,1.12,33,170
cpp_P224_5,1,0.27,5,170
cpp_P224_5,1,1.35,41,170
cpp_P224_5,1,0.16,1,170
cpp_P224_5,1,0.19,2,170
cpp_P224_5,1,0.15,1,170
cpp_P224_5,1,0.45,11,170
cpp_P224_5,1,0.21,3,170
cpp_P224_5,1,0.33,7,170
cpp_P224_5,1,1.55,47,170
cpp_P224_5,1,0.57,15,170
cpp_P224_5,1,0.18,2,170
cpp_P224_5,1,0.78,22,170
cpp_P224_5,1,0.39,9,170
cpp_P224_5,1,0.48,12,170
cpp_P224_5,1,0.42,10,170
cpp_P224_5,1,0.99,29,170
cpp_P224_5,1,1.02,30,170
cpp_P224_5,1,1.01,30,170
cpp_P224_5,1,0.42,10,170
cpp_P224_5,1,0.24,4,170
cpp_P224_5,1,0.21,3,170
cpp_P224_5,1,0.18,2,170
cpp_P224_5,1,0.21,3,170
cpp_P224_5,1,0.27,5,170
cpp_P224_5,1,0.86,25,170
cpp_P224_5,1,0.28,5,170
cpp_P224_5,1,0.15,1,170
cpp_P224_5,1,0.19,2,170
cpp_P224_5,1,0.78,22,170
cpp_P224_5,1,0.42,10,170
cpp_P224_5,1,0.15,1,170
cpp_P224_5,1,0.27,5,170
cpp_P224_5,1,0.15,1,170
cpp_P224_5,1,0.24,4,170
cpp_P224_5,1,0.18,2,170
cpp_P224_5,1,0.21,3,170
cpp_P224_5,1,0.18,2,170
cpp_P224_5,1,0.50,13,170
cpp_P224_5,1,0.85,25,170
cpp_P224_5,1,0.30,6,170
cpp_P224_5,1,0.94,28,170
cpp_P224_5,1,0.71,20,170
cpp_P224_5,1,0.24,4,170
cpp_P224_5,1,1.19,36,170
cpp_P224_5,1,0.18,2,170
cpp_P224_5,1,0.33,7,170
cpp_P224_5,1,0.24,4,170
cpp_P224_5,1,0.87,25,170
cpp_P224_5,1,0.24,4,170
cpp_P224_5,1,0.91,27,170
cpp_P224_5,1,0.57,15,170
cpp_P224_5,1,0.36,8,170
cpp_P224_5,1,0.32,7,170
cpp_P224_5,1,0.53,14,170
cpp_P224_5,1,0.38,9,170
cpp_P224_5,1,0.21,3,170
cpp_P224_5,1,0.26,5,170
cpp_P224_5,1,1.10,33,170
cpp_P224_5,1,0.32,7,170
cpp_P224_5,1,0.18,2,170
cpp_P224_5,1,1.01,30,170
cpp_P224_5,1,0.93,27,170
cpp_P224_5,1,0.15,1,170
cpp_P224_5,1,0.30,6,170
cpp_P224_5,1,0.56,15,170
cpp_P224_5,1,0.21,3,170
cpp_P224_5,1,0.76,22,170
cpp_P224_5,1,0.18,2,170
cpp_P224_5,1,0.70,20,170
cpp_P224_5,1,0.64,18,170
cpp_P224_5,1,0.33,7,170
cpp_P224_5,1,0.15,1,170
cpp_P224_5,1,0.15,1,170
cpp_P224_5,1,0.19,2,170
cpp_P224_5,1,0.21,3,170
cpp_P224_5,1,0.21,3,170
cpp_P224_5,1,2.18,70,170
cpp_P224_5,1,0.27,5,170
cpp_P224_5,1,0.40,9,170
cpp_P224_5,1,0.62,17,170
cpp_P224_5,1,0.15,1,170
cpp_P224_5,1,2.61,85,170
cpp_P224_5,1,0.51,13,170
cpp_P224_5,1,0.45,11,170
cpp_P224_5,1,0.66,18,170
cpp_P224_5,1,0.33,7,170
cpp_P224_5,1,0.68,19,170
cpp_P224_5,1,0.27,5,170
cpp_P224_5,1,0.21,3,170
cpp_P224_5,1,0.41,10,170
cpp_P224_5,1,0.75,21,170
cpp_P224_5,1,0.60,16,170
cpp_P224_5,1,0.26,5,170
cpp_P224_5,1,0.32,7,170
cpp_P224_5,1,0.21,3,170
cpp_P224_5,1,0.18,2,170
cpp_P224_5,1,0.34,7,170
cpp_P224_5,1,0.16,1,170
cpp_P224_5,1,0.63,17,170
cpp_P224_5,1,0.18,2,170
cpp_P224_5,1,0.15,1,170
cpp_P224_5,1,0.18,2,170
cpp_P224_5,1,0.21,3,170
cpp_P224_5,1,0.69,19,170
cpp_P224_5,1,0.18,2,170
cpp_P224_5,1,0.65,18,170
cpp_P224_5,1,1.90,60,170
cpp_P224_5,1,0.28,5,170
cpp_P224_5,1,0.19,2,170
cpp_P224_5,1,0.45,11,170
cpp_P224_5,1,0.21,3,170
cpp_P224_5,1,0.27,5,170
cpp_P224_5,1,0.21,3,170
cpp_P224_5,1,0.39,9,170
cpp_P224_5,1,0.51,13,170
cpp_P224_5,1,0.41,10,170
cpp_P224_5,1,0.21,3,170
cpp_P224_5,1,0.18,2,170
cpp_P224_5,1,0.30,6,170
cpp_P224_5,1,0.24,4,170
cpp_P224_5,1,0.61,17,170
cpp_P224_5,1,0.54,14,170
cpp_P224_5,1,0.32,7,170
cpp_P224_5,1,0.18,2,170
cpp_P224_5,1,0.36,8,170
cpp_P224_5,1,0.19,2,170
cpp_P224_5,1,0.29,6,170
cpp_P224_5,1,2.56,82,170
cpp_P224_5,1,0.43,10,170
cpp_P224_5,1,0.36,8,170
cpp_P224_5,1,0.26,4,170
cpp_P224_5,1,0.34,7,170
cpp_P224_5,1,0.67,18,170
cpp_P224_5,1,0.20,2,170
cpp_P224_5,1,0.21,3,170
cpp_P224_5,1,0.18,2,170
cpp_P224_5,1,0.64,17,170
cpp_P224_5,1,0.47,11,170
cpp_P224_5,1,1.80,56,170
cpp_P224_5,1,0.21,3,170
cpp_P224_5,1,0.15,1,170
cpp_P224_5,1,1.18,35,170
cpp_P224_5,1,0.33,7,170
cpp_P224_5,1,0.18,2,170
cpp_P224_5,1,0.15,1,170
cpp_P224_5,1,0.39,9,170
cpp_P224_5,1,0.21,3,170
cpp_P224_5,1,0.15,1,170
cpp_P224_5,1,0.15,1,170
cpp_P224_5,1,0.90,26,170
cpp_P224_5,1,0.30,6,170
cpp_P224_5,1,0.24,4,170
cpp_P224_5,1,0.36,8,170
cpp_P224_5,1,0.21,3,170
cpp_P224_5,1,0.41,10,170
cpp_P224_5,1,0.39,9,170
cpp_P224_5,1,0.47,12,170
cpp_P224_5,1,1.40,43,170
cpp_P224_5,1,0.30,6,170
cpp_P224_5,1,0.95,28,170
cpp_P224_5,1,0.42,10,170
cpp_P224_5,1,0.22,3,170
cpp_P224_5,1,0.59,16,170
cpp_P224_5,1,0.21,3,170
cpp_P224_5,1,0.97,29,170
cpp_P224_5,1,0.27,5,170
cpp_P224_5,1,0.24,4,170
cpp_P224_5,1,0.59,16,170
cpp_P224_5,1,0.25,4,170
cpp_P224_5,1,0.45,11,170
cpp_P224_5,1,0.21,3,170
cpp_P224_5,1,0.31,6,170
cpp_P224_5,1,0.15,1,170
cpp_P224_5,1,1.15,35,170
cpp_P224_5,1,0.45,11,170
cpp_P224_5,1,0.50,13,170
cpp_P224_5,1,1.42,44,170
cpp_P224_5,1,0.24,4,170
cpp_P224_5,1,0.74,21,170
cpp_P224_5,1,0.18,2,170
cpp_P224_5,1,0.57,15,170
cpp_P224_5,1,0.40,9,170
cpp_P224_5,1,0.51,13,170
cpp_P224_5,1,0.34,7,170
cpp_P224_5,1,0.40,9,170
cpp_P224_5,1,0.77,22,170
cpp_P224_5,1,0.15,1,170
cpp_P224_5,1,1.39,43,170
cpp_P224_5,1,0.81,23,170
cpp_P224_5,1,0.51,13,170
cpp_P224_5,1,1.79,56,170
cpp_P224_5,1,0.40,9,170
cpp_P224_5,1,0.31,6,170
cpp_P224_5,1,0.61,16,170
cpp_P224_5,1,0.22,3,170
cpp_P224_5,1,0.21,3,170
cpp_P224_5,1,0.18,2,170
cpp_P224_5,1,0.52,13,170
cpp_P224_5,1,0.85,24,170
cpp_P224_5,1,0.43,10,170
cpp_P224_5,1,0.55,14,170
cpp_P224_5,1,0.55,14,170
cpp_P224_5,1,0.31,6,170
cpp_P224_5,1,1.27,39,170
cpp_P224_5,1,2.74,89,170
sage_P224_5,1,3.43,1,170
sage_P224_5,1,3.89,4,170
sage_P224_5,1,3.78,3,170
sage_P224_5,1,4.24,6,170
sage_P224_5,1,4.07,5,170
sage_P224_5,1,3.74,3,170
sage_P224_5,1,6.81,23,170
sage_P224_5,1,3.55,2,170
sage_P224_5,1,3.91,4,170
sage_P224_5,1,5.00,11,170
sage_P224_5,1,4.21,6,170
sage_P224_5,1,4.00,5,170
sage_P224_5,1,8.52,34,170
sage_P224_5,1,4.98,11,170
sage_P224_5,1,3.69,3,170
sage_P224_5,1,3.71,3,170
sage_P224_5,1,3.50,2,170
sage_P224_5,1,3.41,1,170
sage_P224_5,1,3.87,4,170
sage_P224_5,1,3.90,4,170
sage_P224_5,1,5.03,11,170
sage_P224_5,1,6.56,21,170
sage_P224_5,1,5.88,17,170
sage_P224_5,1,3.35,1,170
sage_P224_5,1,3.53,2,170
sage_P224_5,1,4.55,8,170
sage_P224_5,1,3.93,4,170
sage_P224_5,1,6.17,19,170
sage_P224_5,1,5.70,15,170
sage_P224_5,1,3.60,2,170
sage_P224_5,1,4.29,6,170
sage_P224_5,1,3.39,1,170
sage_P224_5,1,8.04,31,170
sage_P224_5,1,4.69,9,170
sage_P224_5,1,3.70,3,170
sage_P224_5,1,3.57,2,170
sage_P224_5,1,6.53,21,170
sage_P224_5,1,3.49,1,170
sage_P224_5,1,8.78,36,170
sage_P224_5,1,3.46,1,170
sage_P224_5,1,6.32,19,170
sage_P224_5,1,5.09,12,170
sage_P224_5,1,3.43,1,170
sage_P224_5,1,5.40,2,170
sage_P224_5,1,4.88,1,170
sage_P224_5,1,3.48,1,170
sage_P224_5,1,3.95,4,170
sage_P224_5,1,4.32,7,170
sage_P224_5,1,4.46,7,170
sage_P224_5,1,4.52,8,170
sage_P224_5,1,4.50,8,170
sage_P224_5,1,6.09,18,170
sage_P224_5,1,4.77,10,170
sage_P224_5,1,3.40,1,170
sage_P224_5,1,6.13,18,170
sage_P224_5,1,3.66,2,170
sage_P224_5,1,3.93,4,170
sage_P224_5,1,9.09,38,170
sage_P224_5,1,3.60,2,170
sage_P224_5,1,3.65,2,170
sage_P224_5,1,4.00,5,170
sage_P224_5,1,8.94,37,170
sage_P224_5,1,7.15,25,170
sage_P224_5,1,3.63,2,170
sage_P224_5,1,3.94,4,170
sage_P224_5,1,4.39,6,170
sage_P224_5,1,9.87,43,170
sage_P224_5,1,3.65,3,170
sage_P224_5,1,3.44,1,170
sage_P224_5,1,3.60,2,170
sage_P224_5,1,9.39,40,170
sage_P224_5,1,10.13,44,170
sage_P224_5,1,3.49,1,170
sage_P224_5,1,3.50,1,170
sage_P224_5,1,5.79,16,170
sage_P224_5,1,4.22,6,170
sage_P224_5,1,4.68,9,170
sage_P224_5,1,5.77,11,170
sage_P224_5,1,6.29,20,170
sage_P224_5,1,3.37,1,170
sage_P224_5,1,6.93,24,170
sage_P224_5,1,9.08,31,170
sage_P224_5,1,4.67,9,170
sage_P224_5,1,5.77,16,170
sage_P224_5,1,3.48,1,170
sage_P224_5,1,3.87,4,170
sage_P224_5,1,4.04,5,170
sage_P224_5,1,8.50,34,170
sage_P224_5,1,5.00,11,170
sage_P224_5,1,3.74,3,170
sage_P224_5,1,5.89,17,170
sage_P224_5,1,3.77,3,170
sage_P224_5,1,3.84,3,170
sage_P224_5,1,3.61,2,170
sage_P224_5,1,3.79,3,170
sage_P224_5,1,3.45,1,170
sage_P224_5,1,5.37,13,170
sage_P224_5,1,4.61,8,170
sage_P224_5,1,4.26,6,170
sage_P224_5,1,4.86,10,170
sage_P224_5,1,6.64,22,170
sage_P224_5,1,3.64,2,170
sage_P224_5,1,5.66,15,170
sage_P224_5,1,6.50,21,170
sage_P224_5,1,4.40,7,170
sage_P224_5,1,4.86,10,170
sage_P224_5,1,3.63,2,170
sage_P224_5,1,3.44,1,170
sage_P224_5,1,5.02,11,170
sage_P224_5,1,5.05,11,170
sage_P224_5,1,4.39,7,170
sage_P224_5,1,4.19,6,170
sage_P224_5,1,4.06,5,170
sage_P224_5,1,3.77,3,170
sage_P224_5,1,3.98,5,170
sage_P224_5,1,3.49,1,170
sage_P224_5,1,7.38,26,170
sage_P224_5,1,3.96,4,170
sage_P224_5,1,4.01,5,170
sage_P224_5,1,4.18,6,170
sage_P224_5,1,6.02,17,170
sage_P224_5,1,3.53,2,170
sage_P224_5,1,3.99,5,170
sage_P224_5,1,4.65,9,170
sage_P224_5,1,3.53,2,170
sage_P224_5,1,4.67,9,170
sage_P224_5,1,6.25,19,170
sage_P224_5,1,5.89,17,170
sage_P224_5,1,6.35,20,170
sage_P224_5,1,8.80,36,170
sage_P224_5,1,3.39,1,170
sage_P224_5,1,3.74,3,170
sage_P224_5,1,4.11,6,170
sage_P224_5,1,6.16,19,170
sage_P224_5,1,6.76,23,170
sage_P224_5,1,4.49,8,170
sage_P224_5,0,18.43,0,170
sage_P224_5,1,3.62,2,170
sage_P224_5,1,3.49,1,170
sage_P224_5,1,3.45,1,170
sage_P224_5,1,4.24,6,170
sage_P224_5,1,3.59,2,170
sage_P224_5,1,3.63,2,170
sage_P224_5,1,3.80,3,170
sage_P224_5,1,3.48,1,170
sage_P224_5,1,5.07,11,170
sage_P224_5,1,3.73,3,170
sage_P224_5,1,11.83,55,170
sage_P224_5,1,5.26,13,170
sage_P224_5,1,4.66,9,170
sage_P224_5,1,5.31,14,170
sage_P224_5,1,3.73,3,170
sage_P224_5,1,3.90,4,170
sage_P224_5,1,4.40,7,170
sage_P224_5,1,6.81,23,170
sage_P224_5,1,8.05,29,170
sage_P224_5,1,4.01,5,170
sage_P224_5,1,4.95,11,170
sage_P224_5,1,3.59,2,170
sage_P224_5,1,6.41,20,170
sage_P224_5,1,3.52,1,170
sage_P224_5,1,3.47,1,170
sage_P224_5,1,6.47,20,170
sage_P224_5,1,6.43,20,170
sage_P224_5,1,4.97,11,170
sage_P224_5,1,5.19,12,170
sage_P224_5,1,7.24,26,170
sage_P224_5,1,7.06,25,170
sage_P224_5,1,4.35,7,170
sage_P224_5,1,3.73,2,170
sage_P224_5,1,4.57,8,170
sage_P224_5,1,3.45,1,170
sage_P224_5,1,6.95,24,170
sage_P224_5,1,4.23,6,170
sage_P224_5,1,5.66,15,170
sage_P224_5,1,4.35,7,170
sage_P224_5,1,3.77,3,170
sage_P224_5,1,4.18,6,170
sage_P224_5,1,4.66,9,170
sage_P224_5,1,3.44,1,170
sage_P224_5,1,5.60,15,170
sage_P224_5,1,4.53,8,170
sage_P224_5,1,4.61,9,170
sage_P224_5,1,11.66,55,170
sage_P224_5,1,3.48,1,170
sage_P224_5,1,3.53,2,170
sage_P224_5,1,3.60,2,170
sage_P224_5,1,4.14,5,170
sage_P224_5,1,3.53,1,170
sage_P224_5,1,3.77,3,170
sage_P224_5,1,6.11,18,170
sage_P224_5,1,4.14,5,170
sage_P224_5,1,3.60,2,170
sage_P224_5,1,4.99,10,170
sage_P224_5,1,4.65,9,170
sage_P224_5,1,7.03,24,170
sage_P224_5,1,3.64,2,170
sage_P224_5,1,4.07,5,170
sage_P224_5,1,5.29,13,170
sage_P224_5,1,5.09,12,170
sage_P224_5,1,3.43,1,170
sage_P224_5,1,5.04,11,170
sage_P224_5,1,4.41,7,170
sage_P224_5,1,3.77,3,170
sage_P224_5,1,4.18,6,170
sage_P224_5,1,3.60,2,170
sage_P224_5,1,6.27,19,170
sage_P224_5,1,4.53,8,170
sage_P224_5,1,3.88,4,170
sage_P224_5,1,3.54,1,170
sage_P224_5,1,4.43,7,170
sage_P224_5,1,5.21,12,170
sage_P224_5,1,3.71,3,170
sage_P224_5,1,3.93,4,170
sage_P224_5,1,8.69,35,170
sage_P224_5,1,4.05,5,170
sage_P224_5,1,9.28,39,170
sage_P224_5,1,4.82,10,170
sage_P224_5,1,3.86,4,170
sage_P224_5,1,4.47,8,170
sage_P224_5,1,7.20,23,170
sage_P224_5,1,5.48,15,170
sage_P224_5,1,4.36,7,170
sage_P224_5,1,6.10,19,170
sage_P224_5,1,3.47,1,170
sage_P224_5,1,4.71,9,170
sage_P224_5,1,3.42,1,170
sage_P224_5,1,5.29,13,170
sage_P224_5,1,5.81,16,170
sage_P224_5,1,3.62,2,170
sage_P224_5,1,5.32,13,170
sage_P224_5,1,7.28,26,170
sage_P224_5,1,3.45,1,170
sage_P224_5,1,3.71,3,170
sage_P224_5,1,4.99,11,170
sage_P224_5,1,4.52,8,170
sage_P224_5,1,4.54,8,170
sage_P224_5,1,4.77,10,170
sage_P224_5,1,5.31,13,170
sage_P224_5,1,3.39,1,170
sage_P224_5,1,7.61,28,170
sage_P224_5,1,5.43,14,170
sage_P224_5,1,3.89,4,170
cpp_P224_6,1,0.21,3,168
cpp_P224_6,1,0.56,15,168
sage_P224_5,1,4.94,10,170
cpp_P224_6,1,0.73,20,168
cpp_P224_6,1,0.35,7,168
cpp_P224_6,1,0.57,15,168
cpp_P224_6,1,0.77,22,168
cpp_P224_6,1,0.18,2,168
sage_P224_5,1,3.74,3,170
cpp_P224_6,1,0.33,7,168
cpp_P224_6,1,0.36,8,168
sage_P224_5,1,3.43,1,170
cpp_P224_6,1,1.14,35,168
cpp_P224_6,1,0.18,2,168
cpp_P224_6,1,0.21,3,168
cpp_P224_6,1,0.85,25,168
cpp_P224_6,1,0.41,10,168
cpp_P224_6,1,0.24,4,168
cpp_P224_6,1,0.33,7,168
sage_P224_5,1,4.15,6,170
cpp_P224_6,1,0.18,2,168
cpp_P224_6,1,0.61,17,168
cpp_P224_6,1,0.45,11,168
cpp_P224_6,1,0.56,15,168
cpp_P224_6,1,0.33,7,168
cpp_P224_6,1,1.11,33,168
cpp_P224_6,1,1.45,45,168
sage_P224_5,1,3.69,3,170
sage_P224_5,1,8.31,33,170
cpp_P224_6,1,0.51,13,168
cpp_P224_6,1,0.57,15,168
cpp_P224_6,1,2.85,93,168
cpp_P224_6,1,0.65,18,168
cpp_P224_6,1,2.27,72,168
cpp_P224_6,1,1.19,35,168
cpp_P224_6,1,0.38,9,168
cpp_P224_6,1,0.74,21,168
cpp_P224_6,1,0.24,4,168
cpp_P224_6,1,0.56,15,168
cpp_P224_6,1,0.18,2,168
cpp_P224_6,0,3.06,0,168
cpp_P224_6,1,0.19,2,168
cpp_P224_6,1,0.47,12,168
cpp_P224_6,1,0.36,8,168
cpp_P224_6,1,0.55,15,168
cpp_P224_6,1,2.49,81,168
cpp_P224_6,1,0.42,10,168
cpp_P224_6,1,1.63,52,168
cpp_P224_6,1,0.27,5,168
cpp_P224_6,0,2.99,0,168
cpp_P224_6,1,0.53,14,168
cpp_P224_6,1,0.59,16,168
cpp_P224_6,1,0.82,24,168
cpp_P224_6,1,0.18,2,168
cpp_P224_6,1,0.70,20,168
cpp_P224_6,1,0.35,8,168
cpp_P224_6,1,0.95,28,168
cpp_P224_6,0,3.00,0,168
cpp_P224_6,1,0.15,1,168
cpp_P224_6,1,1.92,62,168
cpp_P224_6,0,2.98,0,168
cpp_P224_6,1,2.16,70,168
cpp_P224_6,1,0.24,4,168
cpp_P224_6,1,0.30,6,168
cpp_P224_6,1,1.50,47,168
cpp_P224_6,1,0.15,1,168
cpp_P224_6,1,0.18,2,168
cpp_P224_6,1,0.19,2,168
cpp_P224_6,1,0.16,1,168
cpp_P224_6,1,0.39,9,168
cpp_P224_6,1,0.42,10,168
cpp_P224_6,1,0.59,16,168
cpp_P224_6,1,0.51,13,168
cpp_P224_6,1,0.53,14,168
cpp_P224_6,1,0.30,6,168
cpp_P224_6,1,0.63,17,168
cpp_P224_6,1,0.40,9,168
cpp_P224_6,1,0.22,3,168
cpp_P224_6,0,2.99,0,168
cpp_P224_6,1,0.38,9,168
cpp_P224_6,1,0.15,1,168
cpp_P224_6,1,0.79,23,168
cpp_P224_6,1,0.37,8,168
cpp_P224_6,1,0.85,25,168
cpp_P224_6,1,0.71,20,168
cpp_P224_6,1,0.68,19,168
sage_P224_5,0,18.38,0,170
cpp_P224_6,1,2.25,73,168
cpp_P224_6,1,0.47,12,168
cpp_P224_6,1,0.71,20,168
cpp_P224_6,1,0.39,9,168
cpp_P224_6,1,0.99,30,168
cpp_P224_6,1,1.12,34,168
cpp_P224_6,1,0.21,3,168
cpp_P224_6,1,0.76,22,168
cpp_P224_6,1,0.21,3,168
cpp_P224_6,1,2.55,83,168
cpp_P224_6,1,0.68,19,168
cpp_P224_6,1,0.30,6,168
cpp_P224_6,1,0.71,20,168
cpp_P224_6,1,1.23,38,168
cpp_P224_6,1,0.32,7,168
cpp_P224_6,1,2.66,87,168
cpp_P224_6,1,0.62,17,168
cpp_P224_6,1,0.77,22,168
cpp_P224_6,1,0.52,13,168
cpp_P224_6,1,0.56,14,168
cpp_P224_6,1,0.47,11,168
cpp_P224_6,1,0.62,16,168
cpp_P224_6,1,0.97,28,168
cpp_P224_6,1,1.34,41,168
cpp_P224_6,1,0.18,2,168
cpp_P224_6,1,2.17,70,168
cpp_P224_6,1,0.19,2,168
cpp_P224_6,1,0.45,11,168
cpp_P224_6,1,0.82,24,168
cpp_P224_6,1,1.82,57,168
cpp_P224_6,1,0.24,4,168
cpp_P224_6,1,1.41,44,168
cpp_P224_6,1,0.15,1,168
cpp_P224_6,1,0.91,27,168
cpp_P224_6,0,3.03,0,168
cpp_P224_6,1,1.11,34,168
cpp_P224_6,1,0.88,26,168
cpp_P224_6,1,0.18,2,168
cpp_P224_6,1,0.27,5,168
cpp_P224_6,1,0.35,8,168
cpp_P224_6,1,0.21,3,168
cpp_P224_6,1,0.79,23,168
cpp_P224_6,1,0.35,8,168
cpp_P224_6,1,1.02,31,168
cpp_P224_6,1,0.15,1,168
cpp_P224_6,1,0.29,6,168
cpp_P224_6,1,0.91,27,168
cpp_P224_6,0,3.00,0,168
cpp_P224_6,1,0.15,1,168
cpp_P224_6,1,0.33,7,168
cpp_P224_6,0,3.00,0,168
cpp_P224_6,1,0.67,19,168
cpp_P224_6,1,0.91,27,168
cpp_P224_6,1,0.15,1,168
cpp_P224_6,1,0.38,9,168
cpp_P224_6,1,1.05,32,168
cpp_P224_6,1,1.72,55,168
cpp_P224_6,1,0.62,17,168
cpp_P224_6,1,0.30,6,168
cpp_P224_6,1,0.27,5,168
cpp_P224_6,1,2.69,89,168
cpp_P224_6,1,0.18,2,168
cpp_P224_6,1,1.83,59,168
cpp_P224_6,1,0.99,30,168
cpp_P224_6,1,0.85,25,168
cpp_P224_6,1,0.24,4,168
cpp_P224_6,1,0.33,7,168
cpp_P224_6,1,0.37,8,168
cpp_P224_6,1,0.42,10,168
cpp_P224_6,1,0.45,11,168
cpp_P224_6,1,0.80,23,168
cpp_P224_6,1,1.00,30,168
cpp_P224_6,1,0.50,13,168
cpp_P224_6,1,0.36,8,168
cpp_P224_6,1,1.03,31,168
cpp_P224_6,1,0.38,9,168
cpp_P224_6,1,0.36,8,168
cpp_P224_6,1,0.79,23,168
cpp_P224_6,1,1.35,42,168
cpp_P224_6,1,1.67,53,168
cpp_P224_6,1,1.14,35,168
cpp_P224_6,1,0.76,22,168
cpp_P224_6,1,0.36,8,168
cpp_P224_6,1,0.42,10,168
cpp_P224_6,1,0.32,7,168
cpp_P224_6,1,2.03,65,168
cpp_P224_6,0,2.98,0,168
cpp_P224_6,1,0.30,6,168
cpp_P224_6,1,0.70,20,168
cpp_P224_6,1,2.89,96,168
cpp_P224_6,1,0.24,4,168
cpp_P224_6,1,0.24,4,168
cpp_P224_6,1,0.55,15,168
cpp_P224_6,0,2.99,0,168
cpp_P224_6,1,0.35,8,168
cpp_P224_6,1,0.93,28,168
cpp_P224_6,1,0.15,1,168
cpp_P224_6,1,0.38,9,168
cpp_P224_6,1,0.47,12,168
cpp_P224_6,1,0.38,9,168
cpp_P224_6,1,0.21,3,168
cpp_P224_6,0,3.00,0,168
cpp_P224_6,1,0.27,5,168
cpp_P224_6,1,0.65,18,168
cpp_P224_6,1,2.39,77,168
cpp_P224_6,1,0.36,8,168
cpp_P224_6,1,1.30,40,168
cpp_P224_6,1,1.04,31,168
cpp_P224_6,1,0.20,2,168
cpp_P224_6,1,0.57,15,168
cpp_P224_6,1,0.59,16,168
cpp_P224_6,1,2.02,65,168
cpp_P224_6,1,0.40,9,168
cpp_P224_6,1,0.63,17,168
cpp_P224_6,0,3.01,0,168
cpp_P224_6,1,0.27,5,168
cpp_P224_6,1,0.97,28,168
cpp_P224_6,1,0.18,2,168
cpp_P224_6,1,0.15,1,168
cpp_P224_6,0,3.03,0,168
cpp_P224_6,1,0.29,6,168
cpp_P224_6,1,0.18,2,168
cpp_P224_6,1,0.82,24,168
cpp_P224_6,1,0.21,3,168
cpp_P224_6,1,2.73,89,168
cpp_P224_6,1,0.30,6,168
cpp_P224_6,1,0.74,21,168
cpp_P224_6,1,0.42,10,168
cpp_P224_6,1,1.26,39,168
cpp_P224_6,1,0.21,3,168
cpp_P224_6,0,3.01,0,168
cpp_P224_6,1,0.24,4,168
cpp_P224_6,1,0.18,2,168
cpp_P224_6,1,0.91,27,168
cpp_P224_6,1,0.15,1,168
cpp_P224_6,1,1.10,34,168
cpp_P224_6,1,0.29,6,168
cpp_P224_6,1,1.62,51,168
cpp_P224_6,1,2.92,96,168
cpp_P224_6,1,0.33,7,168
cpp_P224_6,1,1.73,55,168
cpp_P224_6,1,0.48,12,168
cpp_P224_6,1,1.49,47,168
cpp_P224_6,1,0.88,26,168
cpp_P224_6,1,2.86,94,168
cpp_P224_6,1,1.01,30,168
cpp_P224_6,1,2.77,90,168
cpp_P224_6,1,0.94,27,168
cpp_P224_6,1,0.30,6,168
cpp_P224_6,1,0.98,29,168
cpp_P224_6,1,0.41,10,168
cpp_P224_6,1,0.61,17,168
cpp_P224_6,1,0.18,2,168
cpp_P224_6,1,0.76,22,168
cpp_P224_6,1,0.70,20,168
cpp_P224_6,1,1.36,42,168
cpp_P224_6,1,0.27,5,168
cpp_P224_6,1,1.69,53,168
cpp_P224_6,1,1.55,48,168
cpp_P224_6,1,0.34,7,168
cpp_P224_6,1,0.39,9,168
cpp_P224_6,1,0.62,17,168
cpp_P224_6,1,0.33,7,168
cpp_P224_6,1,0.92,27,168
cpp_P224_6,1,0.27,5,168
cpp_P224_6,1,0.66,18,168
cpp_P224_6,1,0.58,15,168
cpp_P224_6,1,0.95,28,168
cpp_P224_6,1,1.04,31,168
cpp_P224_6,1,2.76,92,168
sage_P224_6,1,3.47,1,168
sage_P224_6,1,3.69,3,168
sage_P224_6,1,3.91,4,168
sage_P224_6,1,3.77,3,168
sage_P224_6,1,3.75,3,168
sage_P224_6,1,3.51,1,168
sage_P224_6,1,5.90,17,168
sage_P224_6,1,3.82,3,168
sage_P224_6,1,3.64,2,168
sage_P224_6,1,10.45,47,168
sage_P224_6,1,4.24,6,168
sage_P224_6,1,3.64,2,168
sage_P224_6,1,4.69,10,168
sage_P224_6,1,7.63,28,168
sage_P224_6,1,10.64,49,168
sage_P224_6,1,3.51,1,168
sage_P224_6,1,3.65,2,168
sage_P224_6,1,4.45,7,168
sage_P224_6,1,5.64,16,168
sage_P224_6,1,7.16,25,168
sage_P224_6,1,3.76,3,168
sage_P224_6,1,4.71,9,168
sage_P224_6,1,5.95,17,168
sage_P224_6,1,5.03,11,168
sage_P224_6,1,12.35,62,168
sage_P224_6,1,11.44,53,168
sage_P224_6,1,15.57,82,168
sage_P224_6,1,4.51,8,168
sage_P224_6,1,6.12,19,168
sage_P224_6,1,6.52,22,168
sage_P224_6,1,12.69,61,168
sage_P224_6,1,3.70,3,168
sage_P224_6,1,4.64,9,168
sage_P224_6,1,4.66,9,168
sage_P224_6,1,4.02,5,168
sage_P224_6,1,15.86,83,168
sage_P224_6,1,5.09,12,168
sage_P224_6,1,4.40,7,168
sage_P224_6,0,18.16,0,168
sage_P224_6,1,4.52,8,168
sage_P224_6,1,3.74,3,168
sage_P224_6,1,4.30,6,168
sage_P224_6,1,6.98,24,168
sage_P224_6,1,3.43,1,168
sage_P224_6,1,6.01,18,168
sage_P224_6,1,6.07,18,168
sage_P224_6,1,4.12,6,168
sage_P224_6,1,4.60,9,168
sage_P224_6,1,5.44,14,168
sage_P224_6,1,8.22,32,168
sage_P224_6,1,4.46,8,168
sage_P224_6,1,4.38,7,168
sage_P224_6,1,3.55,1,168
sage_P224_6,1,5.56,15,168
sage_P224_6,1,14.06,71,168
sage_P224_6,1,4.07,5,168
sage_P224_6,1,4.46,7,168
sage_P224_6,1,3.75,3,168
sage_P224_6,1,7.59,29,168
sage_P224_6,1,4.51,8,168
sage_P224_6,1,5.33,13,168
sage_P224_6,1,4.25,7,168
sage_P224_6,1,6.67,23,168
sage_P224_6,1,3.80,3,168
sage_P224_6,1,17.06,91,168
sage_P224_6,0,18.26,0,168
sage_P224_6,1,3.47,1,168
sage_P224_6,1,5.63,15,168
sage_P224_6,1,5.17,12,168
sage_P224_6,1,8.89,37,168
sage_P224_6,1,4.10,6,168
sage_P224_6,1,6.71,23,168
sage_P224_6,1,5.46,14,168
sage_P224_6,1,4.04,5,168
sage_P224_6,1,3.73,3,168
sage_P224_6,1,6.76,23,168
sage_P224_6,1,4.20,6,168
sage_P224_6,1,7.31,27,168
sage_P224_6,1,11.44,54,168
sage_P224_6,1,3.42,1,168
sage_P224_6,1,4.53,8,168
sage_P224_6,1,6.26,20,168
sage_P224_6,1,3.64,2,168
sage_P224_6,1,17.23,92,168
sage_P224_6,1,4.02,5,168
sage_P224_6,1,4.89,11,168
sage_P224_6,1,4.56,9,168
sage_P224_6,1,8.27,33,168
sage_P224_6,0,17.96,0,168
sage_P224_6,1,4.49,7,168
sage_P224_6,0,17.89,0,168
sage_P224_6,1,5.30,13,168
sage_P224_6,1,3.70,2,168
sage_P224_6,1,6.06,18,168
sage_P224_6,1,3.75,3,168
sage_P224_6,1,6.76,23,168
sage_P224_6,1,3.62,2,168
sage_P224_6,1,3.75,3,168
sage_P224_6,1,3.49,1,168
sage_P224_6,1,4.18,6,168
sage_P224_6,1,3.40,1,168
sage_P224_6,1,8.98,37,168
sage_P224_6,1,5.23,13,168
sage_P224_6,1,7.91,31,168
sage_P224_6,1,4.35,7,168
sage_P224_6,0,18.11,0,168
sage_P224_6,1,4.67,9,168
sage_P224_6,1,4.83,10,168
sage_P224_6,1,3.76,3,168
sage_P224_6,1,5.25,13,168
sage_P224_6,0,18.06,0,168
sage_P224_6,1,3.70,3,168
sage_P224_6,1,5.24,13,168
sage_P224_6,1,13.59,69,168
sage_P224_6,1,4.20,6,168
sage_P224_6,1,3.97,5,168
sage_P224_6,1,3.36,1,168
sage_P224_6,1,10.55,49,168
sage_P224_6,1,6.17,19,168
sage_P224_6,1,4.85,10,168
sage_P224_6,1,10.13,45,168
sage_P224_6,1,3.40,1,168
sage_P224_6,1,12.33,61,168
sage_P224_6,1,3.46,1,168
sage_P224_6,1,14.72,76,168
sage_P224_6,1,4.37,7,168
sage_P224_6,1,5.35,13,168
sage_P224_6,1,5.12,12,168
sage_P224_6,1,4.76,10,168
sage_P224_6,1,5.90,17,168
sage_P224_6,1,4.24,6,168
sage_P224_6,1,6.87,24,168
sage_P224_6,1,8.19,32,168
sage_P224_6,1,5.55,15,168
sage_P224_6,1,3.68,2,168
sage_P224_6,1,8.72,37,168
sage_P224_6,1,3.63,2,168
sage_P224_6,1,5.92,17,168
sage_P224_6,1,5.90,17,168
sage_P224_6,1,6.48,21,168
sage_P224_6,1,5.09,12,168
sage_P224_6,1,5.81,17,168
sage_P224_6,1,6.21,20,168
sage_P224_6,1,4.48,8,168
sage_P224_6,1,10.34,47,168
sage_P224_6,1,4.26,7,168
sage_P224_6,1,4.12,5,168
sage_P224_6,1,14.72,77,168
sage_P224_6,1,4.28,6,168
sage_P224_6,1,4.59,8,168
sage_P224_6,1,7.47,28,168
sage_P224_6,1,4.72,9,168
sage_P224_6,1,3.57,2,168
sage_P224_6,1,3.66,2,168
sage_P224_6,1,3.44,1,168
sage_P224_6,1,7.36,27,168
sage_P224_6,0,17.83,0,168
sage_P224_6,1,3.40,1,168
sage_P224_6,1,4.61,9,168
sage_P224_6,1,5.07,12,168
sage_P224_6,1,3.57,2,168
sage_P224_6,1,10.29,47,168
sage_P224_6,1,3.51,1,168
sage_P224_6,1,3.64,2,168
sage_P224_6,1,3.67,2,168
sage_P224_6,1,3.86,4,168
sage_P224_6,1,6.48,21,168
sage_P224_6,1,3.90,4,168
sage_P224_6,1,6.36,20,168
sage_P224_6,1,3.43,1,168
sage_P224_6,1,11.60,56,168
sage_P224_6,1,6.03,18,168
sage_P224_6,1,3.59,2,168
sage_P224_6,1,13.81,69,168
sage_P224_6,1,10.59,49,168
sage_P224_6,1,3.99,4,168
sage_P224_6,1,9.51,42,168
sage_P224_6,1,3.82,3,168
sage_P224_6,1,5.05,11,168
sage_P224_6,1,4.34,6,168
sage_P224_6,1,3.65,2,168
sage_P224_6,1,7.95,30,168
sage_P224_6,1,4.01,5,168
sage_P224_6,1,3.73,3,168
sage_P224_6,1,5.10,12,168
sage_P224_6,1,8.33,33,168
sage_P224_6,1,4.23,6,168
sage_P224_6,1,12.92,63,168
sage_P224_6,1,3.61,2,168
sage_P224_6,1,5.08,12,168
sage_P224_6,1,11.20,53,168
sage_P224_6,1,4.69,9,168
sage_P224_6,0,18.09,0,168
sage_P224_6,1,8.56,35,168
sage_P224_6,1,3.98,4,168
sage_P224_6,1,4.39,7,168
sage_P224_6,1,5.04,12,168
sage_P224_6,1,4.41,7,168
sage_P224_6,1,6.70,22,168
sage_P224_6,1,3.64,2,168
sage_P224_6,1,5.48,14,168
sage_P224_6,1,7.66,29,168
sage_P224_6,1,4.01,5,168
sage_P224_6,1,6.89,24,168
sage_P224_6,1,4.47,8,168
sage_P224_6,1,5.13,12,168
sage_P224_6,1,7.95,31,168
sage_P224_6,1,5.45,14,168
sage_P224_6,1,4.08,5,168
sage_P224_6,1,5.67,15,168
sage_P224_6,1,4.35,7,168
sage_P224_6,1,5.39,14,168
sage_P224_6,1,4.20,5,168
sage_P224_6,1,4.09,5,168
sage_P224_6,1,7.25,26,168
sage_P224_6,1,8.01,32,168
sage_P224_6,1,7.94,29,168
sage_P224_6,1,3.71,3,168
sage_P224_6,1,6.34,20,168
sage_P224_6,1,3.81,3,168
sage_P224_6,1,6.96,22,168
sage_P224_6,1,5.52,14,168
sage_P224_6,1,3.75,3,168
sage_P224_6,1,4.38,7,168
sage_P224_6,1,4.24,6,168
sage_P224_6,1,8.42,34,168
sage_P224_6,1,3.42,1,168
sage_P224_6,1,8.09,32,168
sage_P224_6,0,18.22,0,168
sage_P224_6,1,5.59,15,168
sage_P224_6,1,5.70,16,168
sage_P224_6,1,3.83,4,168
sage_P224_6,1,7.11,25,168
sage_P224_6,1,6.31,20,168
sage_P224_6,1,5.61,15,168
sage_P224_6,1,3.63,2,168
sage_P224_6,1,3.64,2,168
sage_P224_6,1,5.15,12,168
sage_P224_6,1,3.49,1,168
sage_P224_6,1,6.35,20,168
sage_P224_6,1,7.17,25,168
sage_P224_6,1,9.39,40,168
sage_P224_6,1,3.42,1,168
sage_P224_6,1,9.48,41,168
sage_P224_6,1,5.81,17,168
sage_P224_6,1,4.49,8,168
cpp_P224_7,1,0.95,29,167
sage_P224_6,1,3.63,2,168
cpp_P224_7,1,0.41,10,167
cpp_P224_7,1,0.45,11,167
cpp_P224_7,1,2.65,88,167
sage_P224_6,1,4.63,9,168
cpp_P224_7,1,2.89,96,167
sage_P224_6,1,6.23,20,168
cpp_P224_7,0,2.97,0,167
cpp_P224_7,0,2.98,0,167
cpp_P224_7,1,0.57,15,167
cpp_P224_7,1,0.67,19,167
cpp_P224_7,1,0.24,4,167
cpp_P224_7,1,0.59,16,167
cpp_P224_7,1,0.17,1,167
cpp_P224_7,1,0.22,3,167
sage_P224_6,1,3.72,3,168
cpp_P224_7,1,0.19,2,167
cpp_P224_7,0,2.98,0,167
cpp_P224_7,0,2.97,0,167
cpp_P224_7,1,1.58,50,167
cpp_P224_7,1,0.18,2,167
cpp_P224_7,1,1.79,57,167
cpp_P224_7,1,1.25,39,167
cpp_P224_7,1,0.38,9,167
cpp_P224_7,1,1.11,34,167
cpp_P224_7,1,1.13,35,167
cpp_P224_7,1,0.41,10,167
cpp_P224_7,1,1.29,40,167
cpp_P224_7,1,1.42,45,167
cpp_P224_7,0,2.97,0,167
cpp_P224_7,1,2.46,80,167
cpp_P224_7,1,0.21,3,167
cpp_P224_7,1,0.16,1,167
cpp_P224_7,0,3.00,0,167
cpp_P224_7,1,1.56,49,167
cpp_P224_7,1,0.25,4,167
cpp_P224_7,1,2.98,98,167
cpp_P224_7,0,2.96,0,167
cpp_P224_7,1,1.20,37,167
cpp_P224_7,1,0.42,10,167
cpp_P224_7,1,0.22,3,167
cpp_P224_7,0,2.98,0,167
cpp_P224_7,1,0.38,9,167
cpp_P224_7,1,2.31,75,167
cpp_P224_7,1,1.22,37,167
cpp_P224_7,1,2.12,69,167
cpp_P224_7,1,2.84,94,167
cpp_P224_7,1,1.10,34,167
cpp_P224_7,0,3.00,0,167
cpp_P224_7,0,2.98,0,167
cpp_P224_7,1,0.47,12,167
cpp_P224_7,1,2.68,88,167
cpp_P224_7,0,2.99,0,167
cpp_P224_7,0,2.96,0,167
cpp_P224_7,0,2.98,0,167
cpp_P224_7,1,0.18,2,167
cpp_P224_7,1,0.21,3,167
cpp_P224_7,1,0.94,28,167
cpp_P224_7,1,1.74,56,167
cpp_P224_7,1,2.24,73,167
cpp_P224_7,1,0.92,27,167
cpp_P224_7,1,0.16,1,167
cpp_P224_7,1,1.08,33,167
cpp_P224_7,1,0.36,8,167
cpp_P224_7,1,0.97,29,167
cpp_P224_7,0,2.97,0,167
cpp_P224_7,1,0.19,2,167
cpp_P224_7,1,1.80,57,167
cpp_P224_7,1,1.81,57,167
cpp_P224_7,1,0.64,18,167
cpp_P224_7,1,0.89,26,167
cpp_P224_7,1,1.38,43,167
cpp_P224_7,1,2.05,66,167
cpp_P224_7,1,0.24,4,167
cpp_P224_7,1,0.97,29,167
cpp_P224_7,1,0.51,13,167
cpp_P224_7,1,1.04,32,167
cpp_P224_7,1,2.60,86,167
cpp_P224_7,1,1.67,53,167
cpp_P224_7,0,2.97,0,167
cpp_P224_7,1,1.62,52,167
cpp_P224_7,1,2.97,99,167
cpp_P224_7,1,1.17,36,167
cpp_P224_7,1,0.15,1,167
cpp_P224_7,1,0.33,7,167
cpp_P224_7,1,0.28,5,167
cpp_P224_7,1,1.39,44,167
cpp_P224_7,1,2.37,78,167
cpp_P224_7,1,0.48,12,167
cpp_P224_7,1,2.10,69,167
cpp_P224_7,1,0.35,8,167
cpp_P224_7,1,0.94,28,167
cpp_P224_7,0,2.94,0,167
cpp_P224_7,1,2.01,64,167
cpp_P224_7,1,2.27,74,167
cpp_P224_7,1,2.38,79,167
cpp_P224_7,1,1.76,56,167
cpp_P224_7,1,0.77,22,167
cpp_P224_7,1,1.32,40,167
cpp_P224_7,1,0.82,23,167
cpp_P224_7,1,0.87,25,167
cpp_P224_7,1,0.33,7,167
cpp_P224_7,1,0.39,9,167
cpp_P224_7,0,3.03,0,167
cpp_P224_7,1,1.51,47,167
cpp_P224_7,1,0.30,6,167
cpp_P224_7,1,2.94,97,167
cpp_P224_7,0,2.99,0,167
cpp_P224_7,1,1.03,32,167
cpp_P224_7,1,1.81,59,167
cpp_P224_7,1,0.82,24,167
cpp_P224_7,1,0.24,4,167
cpp_P224_7,1,0.42,10,167
cpp_P224_7,0,3.03,0,167
cpp_P224_7,1,0.59,16,167
cpp_P224_7,1,1.37,43,167
cpp_P224_7,1,0.54,14,167
cpp_P224_7,0,2.99,0,167
cpp_P224_7,1,0.45,11,167
cpp_P224_7,1,0.85,25,167
cpp_P224_7,1,0.18,2,167
cpp_P224_7,1,0.30,6,167
cpp_P224_7,1,0.41,10,167
cpp_P224_7,1,1.37,43,167
cpp_P224_7,1,2.34,76,167
cpp_P224_7,1,0.57,15,167
cpp_P224_7,1,0.91,27,167
cpp_P224_7,1,0.63,17,167
cpp_P224_7,1,0.77,22,167
cpp_P224_7,1,0.27,5,167
cpp_P224_7,0,2.98,0,167
cpp_P224_7,1,0.88,26,167
cpp_P224_7,1,0.64,18,167
cpp_P224_7,1,1.75,56,167
cpp_P224_7,1,0.97,29,167
cpp_P224_7,1,0.27,5,167
cpp_P224_7,1,0.70,20,167
cpp_P224_7,1,1.45,46,167
cpp_P224_7,0,2.99,0,167
cpp_P224_7,1,0.18,2,167
cpp_P224_7,1,0.76,22,167
cpp_P224_7,1,1.80,58,167
cpp_P224_7,1,0.84,25,167
cpp_P224_7,1,0.81,24,167
cpp_P224_7,1,0.64,18,167
cpp_P224_7,1,1.25,39,167
cpp_P224_7,0,2.96,0,167
cpp_P224_7,1,0.56,15,167
cpp_P224_7,1,0.52,14,167
cpp_P224_7,1,0.27,5,167
cpp_P224_7,1,0.35,8,167
cpp_P224_7,1,2.16,71,167
cpp_P224_7,1,0.85,25,167
cpp_P224_7,1,1.02,31,167
cpp_P224_7,1,2.78,92,167
cpp_P224_7,1,0.53,14,167
cpp_P224_7,0,2.96,0,167
cpp_P224_7,1,0.48,12,167
cpp_P224_7,1,0.91,27,167
cpp_P224_7,1,1.00,30,167
cpp_P224_7,0,2.96,0,167
cpp_P224_7,1,0.72,20,167
cpp_P224_7,1,1.83,59,167
cpp_P224_7,1,1.29,40,167
cpp_P224_7,1,0.64,18,167
cpp_P224_7,0,2.99,0,167
cpp_P224_7,1,0.39,9,167
cpp_P224_7,1,0.79,23,167
cpp_P224_7,1,0.24,4,167
cpp_P224_7,1,1.16,36,167
cpp_P224_7,1,2.12,69,167
cpp_P224_7,1,1.95,63,167
cpp_P224_7,1,2.17,71,167
cpp_P224_7,0,2.95,0,167
cpp_P224_7,0,2.97,0,167
cpp_P224_7,1,0.47,12,167
cpp_P224_7,1,1.77,57,167
cpp_P224_7,0,2.97,0,167
cpp_P224_7,1,0.30,6,167
cpp_P224_7,1,0.18,2,167
cpp_P224_7,1,0.53,14,167
cpp_P224_7,1,1.47,47,167
cpp_P224_7,1,0.84,25,167
cpp_P224_7,1,1.00,30,167
cpp_P224_7,1,1.35,42,167
cpp_P224_7,1,0.16,1,167
cpp_P224_7,1,1.20,37,167
cpp_P224_7,0,2.94,0,167
cpp_P224_7,1,0.17,1,167
cpp_P224_7,1,0.16,1,167
cpp_P224_7,1,0.43,10,167
cpp_P224_7,1,2.40,78,167
cpp_P224_7,1,1.39,43,167
cpp_P224_7,0,3.00,0,167
cpp_P224_7,1,0.21,3,167
cpp_P224_7,1,2.88,95,167
cpp_P224_7,0,2.96,0,167
cpp_P224_7,1,1.40,44,167
cpp_P224_7,1,0.61,17,167
cpp_P224_7,1,1.75,56,167
cpp_P224_7,0,2.99,0,167
cpp_P224_7,1,0.21,3,167
cpp_P224_7,0,2.96,0,167
cpp_P224_7,0,2.98,0,167
cpp_P224_7,1,0.53,14,167
cpp_P224_7,1,0.24,4,167
cpp_P224_7,1,2.07,68,167
cpp_P224_7,1,0.74,21,167
cpp_P224_7,1,1.24,39,167
cpp_P224_7,1,0.53,14,167
cpp_P224_7,0,2.98,0,167
cpp_P224_7,1,0.51,13,167
cpp_P224_7,1,1.26,39,167
cpp_P224_7,1,0.48,12,167
cpp_P224_7,0,2.99,0,167
cpp_P224_7,0,2.98,0,167
cpp_P224_7,1,0.49,12,167
cpp_P224_7,1,1.28,39,167
cpp_P224_7,1,0.61,16,167
cpp_P224_7,0,2.99,0,167
cpp_P224_7,1,0.98,29,167
cpp_P224_7,1,0.24,4,167
cpp_P224_7,1,0.53,14,167
cpp_P224_7,1,1.91,61,167
cpp_P224_7,1,0.21,3,167
cpp_P224_7,1,0.39,9,167
cpp_P224_7,1,0.18,2,167
cpp_P224_7,1,0.47,12,167
cpp_P224_7,0,3.02,0,167
cpp_P224_7,1,1.12,34,167
cpp_P224_7,1,0.18,2,167
cpp_P224_7,1,0.88,26,167
cpp_P224_7,1,0.15,1,167
cpp_P224_7,1,0.27,5,167
cpp_P224_7,1,0.95,29,167
cpp_P224_7,1,1.83,59,167
cpp_P224_7,1,0.42,10,167
cpp_P224_7,1,1.05,32,167
cpp_P224_7,1,0.64,18,167
cpp_P224_7,1,0.24,4,167
cpp_P224_7,1,2.59,85,167
cpp_P224_7,1,1.46,47,167
cpp_P224_7,0,2.98,0,167
cpp_P224_7,1,2.46,81,167
cpp_P224_7,1,0.64,18,167
cpp_P224_7,1,0.68,19,167
cpp_P224_7,1,1.14,35,167
cpp_P224_7,1,0.48,12,167
cpp_P224_7,1,2.33,76,167
cpp_P224_7,1,2.95,96,167
cpp_P224_7,0,3.04,0,167
cpp_P224_7,1,2.66,85,167
cpp_P224_7,0,3.01,0,167
sage_P224_7,1,3.73,3,167
sage_P224_7,1,3.62,2,167
sage_P224_7,1,4.27,6,167
sage_P224_7,1,5.86,17,167
sage_P224_7,1,6.36,19,167
sage_P224_7,1,4.26,6,167
sage_P224_7,1,7.38,27,167
sage_P224_7,1,9.05,38,167
sage_P224_7,1,11.71,56,167
sage_P224_7,1,4.95,11,167
sage_P224_7,1,3.93,4,167
sage_P224_7,1,8.24,33,167
sage_P224_7,1,3.76,3,167
sage_P224_7,1,9.25,40,167
sage_P224_7,1,5.34,14,167
sage_P224_7,1,6.17,19,167
sage_P224_7,1,4.19,6,167
sage_P224_7,1,10.10,46,167
sage_P224_7,1,11.34,54,167
sage_P224_7,1,4.34,7,167
sage_P224_7,1,4.62,9,167
sage_P224_7,1,12.81,64,167
sage_P224_7,1,4.53,8,167
sage_P224_7,1,5.90,16,167
sage_P224_7,1,4.76,10,167
sage_P224_7,1,10.73,50,167
sage_P224_7,1,9.74,43,167
sage_P224_7,1,8.01,32,167
sage_P224_7,1,3.44,1,167
sage_P224_7,1,4.20,6,167
sage_P224_7,1,17.53,92,167
sage_P224_7,1,5.37,13,167
sage_P224_7,1,3.77,3,167
sage_P224_7,1,7.28,26,167
sage_P224_7,0,17.72,0,167
sage_P224_7,1,4.25,6,167
sage_P224_7,1,12.33,60,167
sage_P224_7,1,4.11,5,167
sage_P224_7,1,7.22,26,167
sage_P224_7,1,17.25,95,167
sage_P224_7,1,9.19,39,167
sage_P224_7,1,7.65,29,167
sage_P224_7,1,7.70,29,167
sage_P224_7,1,3.52,1,167
sage_P224_7,1,4.84,10,167
sage_P224_7,1,9.46,42,167
sage_P224_7,1,5.20,13,167
sage_P224_7,1,8.76,37,167
sage_P224_7,0,17.80,0,167
sage_P224_7,0,17.84,0,167
sage_P224_7,1,3.45,1,167
sage_P224_7,1,10.65,50,167
sage_P224_7,1,3.50,1,167
sage_P224_7,0,17.73,0,167
sage_P224_7,1,8.48,34,167
sage_P224_7,1,3.74,3,167
sage_P224_7,1,5.29,13,167
sage_P224_7,1,4.50,8,167
sage_P224_7,1,9.73,43,167
sage_P224_7,1,10.55,48,167
sage_P224_7,1,11.55,55,167
sage_P224_7,1,11.14,53,167
sage_P224_7,1,6.35,20,167
sage_P224_7,1,3.66,2,167
sage_P224_7,1,8.39,34,167
sage_P224_7,1,4.54,8,167
sage_P224_7,1,15.60,84,167
sage_P224_7,1,4.54,8,167
sage_P224_7,1,14.52,76,167
sage_P224_7,1,15.61,83,167
sage_P224_7,1,13.55,69,167
sage_P224_7,1,3.79,3,167
sage_P224_7,1,5.04,11,167
sage_P224_7,1,6.35,20,167
sage_P224_7,1,4.57,8,167
sage_P224_7,1,5.22,13,167
sage_P224_7,1,14.44,75,167
sage_P224_7,1,5.96,17,167
sage_P224_7,1,3.46,1,167
sage_P224_7,1,4.99,11,167
sage_P224_7,1,6.93,24,167
sage_P224_7,1,10.15,45,167
sage_P224_7,1,6.67,22,167
sage_P224_7,1,4.93,11,167
sage_P224_7,1,3.84,3,167
sage_P224_7,1,10.33,47,167
sage_P224_7,1,5.13,12,167
sage_P224_7,1,3.79,3,167
sage_P224_7,1,8.10,32,167
sage_P224_7,1,4.50,7,167
sage_P224_7,1,5.65,15,167
sage_P224_7,1,4.61,8,167
sage_P224_7,1,5.48,14,167
sage_P224_7,1,7.42,28,167
sage_P224_7,1,4.08,5,167
sage_P224_7,1,9.34,40,167
sage_P224_7,1,8.90,38,167
sage_P224_7,1,3.96,4,167
sage_P224_7,1,7.57,29,167
sage_P224_7,1,3.50,1,167
sage_P224_7,1,4.53,7,167
sage_P224_7,1,12.63,62,167
sage_P224_7,1,4.53,8,167
sage_P224_7,1,3.81,3,167
sage_P224_7,1,10.18,46,167
sage_P224_7,1,10.70,49,167
sage_P224_7,1,6.37,21,167
sage_P224_7,1,12.88,64,167
sage_P224_7,1,4.15,6,167
sage_P224_7,1,10.39,48,167
sage_P224_7,1,6.40,21,167
sage_P224_7,1,4.49,8,167
sage_P224_7,1,14.28,74,167
sage_P224_7,1,3.50,1,167
sage_P224_7,1,5.00,11,167
sage_P224_7,0,17.85,0,167
sage_P224_7,1,4.96,11,167
sage_P224_7,1,4.66,9,167
sage_P224_7,1,10.34,47,167
sage_P224_7,1,4.19,6,167
sage_P224_7,1,8.08,32,167
sage_P224_7,1,11.32,54,167
sage_P224_7,1,15.98,85,167
sage_P224_7,0,17.75,0,167
sage_P224_7,1,4.38,6,167
sage_P224_7,1,11.12,53,167
sage_P224_7,1,5.02,11,167
sage_P224_7,1,3.81,3,167
sage_P224_7,1,5.06,12,167
sage_P224_7,1,6.21,19,167
sage_P224_7,1,6.74,23,167
sage_P224_7,1,3.75,3,167
sage_P224_7,1,3.64,2,167
sage_P224_7,1,7.05,25,167
sage_P224_7,0,17.93,0,167
sage_P224_7,0,20.15,0,167
sage_P224_7,1,7.33,27,167
sage_P224_7,1,8.93,38,167
sage_P224_7,1,4.50,8,167
sage_P224_7,1,4.57,8,167
sage_P224_7,1,16.56,73,167
sage_P224_7,1,13.66,70,167
sage_P224_7,1,4.23,6,167
sage_P224_7,1,9.26,40,167
sage_P224_7,1,5.28,13,167
sage_P224_7,1,5.58,15,167
sage_P224_7,0,17.75,0,167
sage_P224_7,1,12.87,64,167
sage_P224_7,1,3.64,2,167
sage_P224_7,1,12.59,63,167
sage_P224_7,0,17.77,0,167
sage_P224_7,1,7.35,27,167
sage_P224_7,1,7.75,30,167
sage_P224_7,1,9.55,42,167
sage_P224_7,1,5.57,15,167
sage_P224_7,1,16.71,90,167
sage_P224_7,1,13.15,66,167
sage_P224_7,1,10.56,49,167
sage_P224_7,1,9.38,41,167
sage_P224_7,1,7.20,26,167
sage_P224_7,1,5.76,16,167
sage_P224_7,0,17.90,0,167
sage_P224_7,0,17.92,0,167
sage_P224_7,1,5.12,12,167
sage_P224_7,1,4.97,11,167
sage_P224_7,1,11.86,57,167
sage_P224_7,1,4.57,8,167
sage_P224_7,1,3.68,2,167
sage_P224_7,0,17.97,0,167
sage_P224_7,1,5.28,13,167
sage_P224_7,0,17.78,0,167
sage_P224_7,1,14.69,77,167
sage_P224_7,1,3.57,1,167
sage_P224_7,1,7.14,25,167
sage_P224_7,1,6.16,19,167
sage_P224_7,1,5.67,16,167
sage_P224_7,0,17.76,0,167
sage_P224_7,1,8.08,32,167
sage_P224_7,1,10.06,46,167
sage_P224_7,1,7.56,29,167
sage_P224_7,1,12.00,58,167
sage_P224_7,1,8.40,34,167
sage_P224_7,1,3.76,3,167
sage_P224_7,1,10.37,48,167
sage_P224_7,1,6.19,19,167
sage_P224_7,1,4.20,6,167
sage_P224_7,1,5.93,17,167
sage_P224_7,1,8.54,33,167
sage_P224_7,1,5.56,15,167
sage_P224_7,1,9.83,43,167
sage_P224_7,1,14.23,73,167
sage_P224_7,1,3.48,1,167
sage_P224_7,1,5.07,11,167
sage_P224_7,1,3.79,3,167
sage_P224_7,1,7.48,28,167
sage_P224_7,1,8.94,38,167
sage_P224_7,1,7.00,25,167
sage_P224_7,1,6.04,18,167
sage_P224_7,1,6.72,23,167
sage_P224_7,1,6.60,22,167
sage_P224_7,1,4.39,7,167
sage_P224_7,1,4.08,5,167
sage_P224_7,1,10.61,45,167
sage_P224_7,1,7.68,29,167
sage_P224_7,1,16.28,88,167
sage_P224_7,1,6.04,18,167
sage_P224_7,1,4.36,7,167
sage_P224_7,1,3.76,3,167
sage_P224_7,1,7.90,31,167
sage_P224_7,1,3.52,1,167
sage_P224_7,1,14.82,77,167
sage_P224_7,1,3.44,1,167
sage_P224_7,1,10.35,47,167
sage_P224_7,1,4.30,6,167
sage_P224_7,1,10.51,48,167
sage_P224_7,0,17.94,0,167
sage_P224_7,1,7.67,29,167
sage_P224_7,1,6.47,21,167
sage_P224_7,1,5.12,12,167
sage_P224_7,1,3.47,1,167
sage_P224_7,1,4.23,6,167
sage_P224_7,1,6.80,23,167
sage_P224_7,1,6.60,21,167
sage_P224_7,1,4.25,6,167
sage_P224_7,1,12.99,65,167
sage_P224_7,1,4.53,8,167
sage_P224_7,1,4.91,11,167
sage_P224_7,1,8.11,32,167
sage_P224_7,1,14.02,71,167
sage_P224_7,1,3.70,3,167
sage_P224_7,1,9.74,44,167
sage_P224_7,1,16.04,86,167
sage_P224_7,1,3.83,3,167
sage_P224_7,1,5.81,17,167
sage_P224_7,1,17.07,92,167
sage_P224_7,1,7.43,28,167
sage_P224_7,0,17.75,0,167
sage_P224_7,1,4.09,5,167
sage_P224_7,0,17.70,0,167
sage_P224_7,1,4.89,10,167
sage_P224_7,1,4.89,10,167
sage_P224_7,1,5.06,12,167
sage_P224_7,1,5.81,16,167
cpp_P256_0,1,0.15,1,256
cpp_P256_0,1,0.13,1,256
sage_P224_7,1,14.48,76,167
cpp_P256_0,1,0.13,1,256
cpp_P256_0,1,0.13,1,256
cpp_P256_0,1,0.13,1,256
cpp_P256_0,1,0.13,1,256
cpp_P256_0,1,0.13,1,256
cpp_P256_0,1,0.13,1,256
cpp_P256_0,1,0.13,1,256
cpp_P256_0,1,0.20,1,256
cpp_P256_0,1,0.12,1,256
sage_P224_7,1,17.24,94,167
cpp_P256_0,1,0.13,1,256
sage_P224_7,0,17.75,0,167
cpp_P256_0,1,0.24,1,256
cpp_P256_0,1,0.13,1,256
cpp_P256_0,1,0.24,1,256
cpp_P256_0,1,0.13,1,256
cpp_P256_0,1,0.13,1,256
cpp_P256_0,1,0.12,1,256
cpp_P256_0,1,0.23,1,256
cpp_P256_0,1,0.13,1,256
cpp_P256_0,1,0.23,1,256
cpp_P256_0,1,0.12,1,256
cpp_P256_0,1,0.13,1,256
cpp_P256_0,1,0.23,1,256
cpp_P256_0,1,0.13,1,256
cpp_P256_0,1,0.23,1,256
cpp_P256_0,1,0.13,1,256
cpp_P256_0,1,0.13,1,256
cpp_P256_0,1,0.13,1,256
cpp_P256_0,1,0.23,1,256
sage_P224_7,1,4.68,9,167
cpp_P256_0,1,0.12,1,256
cpp_P256_0,1,0.23,1,256
cpp_P256_0,1,0.13,1,256
cpp_P256_0,1,0.12,1,256
cpp_P256_0,1,0.12,1,256
cpp_P256_0,1,0.23,1,256
cpp_P256_0,1,0.13,1,256
cpp_P256_0,1,0.12,1,256
cpp_P256_0,1,0.12,1,256
cpp_P256_0,1,0.23,1,256
cpp_P256_0,1,0.12,1,256
cpp_P256_0,1,0.13,1,256
cpp_P256_0,1,0.12,1,256
cpp_P256_0,1,0.23,1,256
cpp_P256_0,1,0.12,1,256
cpp_P256_0,1,0.13,1,256
cpp_P256_0,1,0.23,1,256
cpp_P256_0,1,0.13,1,256
cpp_P256_0,1,0.12,1,256
cpp_P256_0,1,0.13,1,256
cpp_P256_0,1,0.12,1,256
cpp_P256_0,1,0.23,1,256
cpp_P256_0,1,0.23,1,256
cpp_P256_0,1,0.12,1,256
cpp_P256_0,1,0.13,1,256
cpp_P256_0,1,0.12,1,256
cpp_P256_0,1,0.12,1,256
cpp_P256_0,1,0.13,1,256
cpp_P256_0,1,0.12,1,256
cpp_P256_0,1,0.23,1,256
cpp_P256_0,1,0.23,1,256
cpp_P256_0,1,0.12,1,256
cpp_P256_0,1,0.12,1,256
cpp_P256_0,1,0.12,1,256
cpp_P256_0,1,0.13,1,256
cpp_P256_0,1,0.23,1,256
cpp_P256_0,1,0.13,1,256
cpp_P256_0,1,0.13,1,256
cpp_P256_0,1,0.23,1,256
cpp_P256_0,1,0.13,1,256
cpp_P256_0,1,0.13,1,256
cpp_P256_0,1,0.13,1,256
cpp_P256_0,1,0.23,1,256
sage_P224_7,0,17.68,0,167
cpp_P256_0,1,0.13,1,256
cpp_P256_0,1,0.13,1,256
cpp_P256_0,1,0.13,1,256
cpp_P256_0,1,0.23,1,256
cpp_P256_0,1,0.12,1,256
cpp_P256_0,1,0.12,1,256
cpp_P256_0,1,0.13,1,256
cpp_P256_0,1,0.12,1,256
cpp_P256_0,1,0.23,1,256
cpp_P256_0,1,0.12,1,256
cpp_P256_0,1,0.13,1,256
cpp_P256_0,1,0.13,1,256
cpp_P256_0,1,0.13,1,256
cpp_P256_0,1,0.23,1,256
cpp_P256_0,1,0.13,1,256
cpp_P256_0,1,0.13,1,256
cpp_P256_0,1,0.13,1,256
cpp_P256_0,1,0.13,1,256
cpp_P256_0,1,0.23,1,256
cpp_P256_0,1,0.23,1,256
cpp_P256_0,1,0.12,1,256
cpp_P256_0,1,0.13,1,256
cpp_P256_0,1,0.12,1,256
cpp_P256_0,1,0.12,1,256
sage_P224_7,1,5.00,12,167
cpp_P256_0,1,0.12,1,256
cpp_P256_0,1,0.13,1,256
cpp_P256_0,1,0.12,1,256
cpp_P256_0,1,0.12,1,256
cpp_P256_0,1,0.23,1,256
cpp_P256_0,1,0.23,1,256
cpp_P256_0,1,0.13,1,256
cpp_P256_0,1,0.13,1,256
cpp_P256_0,1,0.13,1,256
cpp_P256_0,1,0.13,1,256
cpp_P256_0,1,0.12,1,256
cpp_P256_0,1,0.12,1,256
cpp_P256_0,1,0.23,1,256
cpp_P256_0,1,0.12,1,256
cpp_P256_0,1,0.13,1,256
cpp_P256_0,1,0.12,1,256
cpp_P256_0,1,0.12,1,256
cpp_P256_0,1,0.23,1,256
cpp_P256_0,1,0.12,1,256
cpp_P256_0,1,0.12,1,256
cpp_P256_0,1,0.13,1,256
cpp_P256_0,1,0.12,1,256
cpp_P256_0,1,0.13,1,256
cpp_P256_0,1,0.23,1,256
cpp_P256_0,1,0.13,1,256
cpp_P256_0,1,0.12,1,256
cpp_P256_0,1,0.12,1,256
cpp_P256_0,1,0.12,1,256
cpp_P256_0,1,0.13,1,256
cpp_P256_0,1,0.23,1,256
cpp_P256_0,1,0.12,1,256
cpp_P256_0,1,0.12,1,256
cpp_P256_0,1,0.12,1,256
cpp_P256_0,1,0.12,1,256
cpp_P256_0,1,0.13,1,256
cpp_P256_0,1,0.23,1,256
cpp_P256_0,1,0.12,1,256
cpp_P256_0,1,0.12,1,256
cpp_P256_0,1,0.12,1,256
cpp_P256_0,1,0.12,1,256
cpp_P256_0,1,0.23,1,256
cpp_P256_0,1,0.13,1,256
cpp_P256_0,1,0.12,1,256
cpp_P256_0,1,0.12,1,256
cpp_P256_0,1,0.12,1,256
cpp_P256_0,1,0.12,1,256
cpp_P256_0,1,0.13,1,256
cpp_P256_0,1,0.23,1,256
cpp_P256_0,1,0.14,1,256
cpp_P256_0,1,0.13,1,256
cpp_P256_0,1,0.13,1,256
cpp_P256_0,1,0.24,1,256
cpp_P256_0,1,0.13,1,256
cpp_P256_0,1,0.14,1,256
cpp_P256_0,1,0.12,1,256
cpp_P256_0,1,0.12,1,256
cpp_P256_0,1,0.12,1,256
cpp_P256_0,1,0.12,1,256
cpp_P256_0,1,0.23,1,256
cpp_P256_0,1,0.13,1,256
cpp_P256_0,1,0.23,1,256
cpp_P256_0,1,0.12,1,256
cpp_P256_0,1,0.13,1,256
cpp_P256_0,1,0.12,1,256
cpp_P256_0,1,0.12,1,256
cpp_P256_0,1,0.13,1,256
cpp_P256_0,1,0.12,1,256
cpp_P256_0,1,0.12,1,256
cpp_P256_0,1,0.13,1,256
cpp_P256_0,1,0.12,1,256
cpp_P256_0,1,0.23,1,256
cpp_P256_0,1,0.13,1,256
cpp_P256_0,1,0.23,1,256
cpp_P256_0,1,0.12,1,256
cpp_P256_0,1,0.12,1,256
cpp_P256_0,1,0.13,1,256
cpp_P256_0,1,0.13,1,256
cpp_P256_0,1,0.13,1,256
cpp_P256_0,1,0.23,1,256
cpp_P256_0,1,0.12,1,256
cpp_P256_0,1,0.12,1,256
cpp_P256_0,1,0.12,1,256
cpp_P256_0,1,0.12,1,256
cpp_P256_0,1,0.13,1,256
cpp_P256_0,1,0.23,1,256
cpp_P256_0,1,0.13,1,256
cpp_P256_0,1,0.13,1,256
cpp_P256_0,1,0.12,1,256
cpp_P256_0,1,0.13,1,256
cpp_P256_0,1,0.13,1,256
cpp_P256_0,1,0.23,1,256
cpp_P256_0,1,0.13,1,256
cpp_P256_0,1,0.13,1,256
cpp_P256_0,1,0.13,1,256
cpp_P256_0,1,0.20,1,256
cpp_P256_0,1,0.14,1,256
cpp_P256_0,1,0.14,1,256
cpp_P256_0,1,0.13,1,256
cpp_P256_0,1,0.13,1,256
cpp_P256_0,1,0.13,1,256
cpp_P256_0,1,0.13,1,256
cpp_P256_0,1,0.13,1,256
cpp_P256_0,1,0.13,1,256
cpp_P256_0,1,0.13,1,256
cpp_P256_0,1,0.13,1,256
cpp_P256_0,1,0.13,1,256
cpp_P256_0,1,0.13,1,256
cpp_P256_0,1,0.13,1,256
cpp_P256_0,1,0.13,1,256
cpp_P256_0,1,0.13,1,256
cpp_P256_0,1,0.13,1,256
cpp_P256_0,1,0.13,1,256
cpp_P256_0,1,0.13,1,256
cpp_P256_0,1,0.13,1,256
cpp_P256_0,1,0.13,1,256
cpp_P256_0,1,0.13,1,256
cpp_P256_0,1,0.13,1,256
cpp_P256_0,1,0.13,1,256
cpp_P256_0,1,0.13,1,256
cpp_P256_0,1,0.13,1,256
cpp_P256_0,1,0.13,1,256
cpp_P256_0,1,0.14,1,256
cpp_P256_0,1,0.13,1,256
cpp_P256_0,1,0.13,1,256
cpp_P256_0,1,0.13,1,256
cpp_P256_0,1,0.14,1,256
cpp_P256_0,1,0.13,1,256
cpp_P256_0,1,0.13,1,256
cpp_P256_0,1,0.13,1,256
cpp_P256_0,1,0.13,1,256
cpp_P256_0,1,0.14,1,256
cpp_P256_0,1,0.13,1,256
cpp_P256_0,1,0.13,1,256
cpp_P256_0,1,0.12,1,256
cpp_P256_0,1,0.12,1,256
cpp_P256_0,1,0.12,1,256
cpp_P256_0,1,0.12,1,256
cpp_P256_0,1,0.13,1,256
cpp_P256_0,1,0.13,1,256
cpp_P256_0,1,0.13,1,256
cpp_P256_0,1,0.12,1,256
cpp_P256_0,1,0.12,1,256
cpp_P256_0,1,0.12,1,256
cpp_P256_0,1,0.13,1,256
cpp_P256_0,1,0.13,1,256
cpp_P256_0,1,0.13,1,256
cpp_P256_0,1,0.13,1,256
cpp_P256_0,1,0.12,1,256
cpp_P256_0,1,0.12,1,256
cpp_P256_0,1,0.12,1,256
cpp_P256_0,1,0.13,1,256
cpp_P256_0,1,0.13,1,256
cpp_P256_0,1,0.13,1,256
sage_P256_0,1,2.57,1,256
sage_P256_0,1,2.56,1,256
sage_P256_0,1,2.59,1,256
sage_P256_0,1,2.67,1,256
sage_P256_0,1,2.65,1,256
sage_P256_0,1,2.64,1,256
sage_P256_0,1,2.62,1,256
sage_P224_7,1,12.85,64,167
sage_P256_0,1,2.56,1,256
sage_P256_0,1,2.57,1,256
sage_P256_0,1,2.62,1,256
sage_P256_0,1,2.55,1,256
sage_P256_0,1,2.59,1,256
sage_P256_0,1,2.59,1,256
sage_P256_0,1,2.61,1,256
sage_P256_0,1,2.64,1,256
sage_P256_0,1,2.57,1,256
sage_P256_0,1,2.55,1,256
sage_P256_0,1,2.54,1,256
sage_P256_0,1,2.66,1,256
sage_P256_0,1,2.59,1,256
sage_P256_0,1,2.62,1,256
sage_P256_0,1,2.57,1,256
sage_P256_0,1,2.63,1,256
sage_P256_0,1,2.58,1,256
sage_P256_0,1,2.53,1,256
sage_P256_0,1,2.56,1,256
sage_P256_0,1,2.61,1,256
sage_P256_0,1,2.55,1,256
sage_P256_0,1,2.60,1,256
sage_P256_0,1,2.62,1,256
sage_P256_0,1,2.64,1,256
sage_P256_0,1,2.55,1,256
sage_P256_0,1,2.57,1,256
sage_P256_0,1,2.58,1,256
sage_P256_0,1,2.61,1,256
sage_P256_0,1,2.58,1,256
sage_P256_0,1,2.56,1,256
sage_P256_0,1,2.59,1,256
sage_P256_0,1,2.55,1,256
sage_P256_0,1,2.61,1,256
sage_P256_0,1,2.60,1,256
sage_P256_0,1,2.58,1,256
sage_P256_0,1,2.56,1,256
sage_P256_0,1,2.58,1,256
sage_P256_0,1,2.57,1,256
sage_P256_0,1,2.58,1,256
sage_P256_0,1,2.56,1,256
sage_P256_0,1,2.56,1,256
sage_P256_0,1,2.55,1,256
sage_P256_0,1,2.54,1,256
sage_P256_0,1,2.56,1,256
sage_P256_0,1,2.69,1,256
sage_P256_0,1,2.56,1,256
sage_P256_0,1,2.58,1,256
sage_P256_0,1,2.54,1,256
sage_P256_0,1,2.57,1,256
sage_P256_0,1,2.61,1,256
sage_P256_0,1,2.63,1,256
sage_P256_0,1,2.52,1,256
sage_P256_0,1,2.59,1,256
sage_P256_0,1,2.63,1,256
sage_P256_0,1,2.63,1,256
sage_P256_0,1,2.61,1,256
sage_P256_0,1,2.53,1,256
sage_P256_0,1,2.52,1,256
sage_P256_0,1,2.62,1,256
sage_P256_0,1,2.68,1,256
sage_P256_0,1,2.55,1,256
sage_P256_0,1,2.58,1,256
sage_P256_0,1,2.61,1,256
sage_P256_0,1,2.57,1,256
sage_P256_0,1,2.52,1,256
sage_P256_0,1,2.54,1,256
sage_P256_0,1,2.57,1,256
sage_P256_0,1,2.55,1,256
sage_P256_0,1,2.56,1,256
sage_P256_0,1,2.57,1,256
sage_P256_0,1,2.60,1,256
sage_P256_0,1,2.59,1,256
sage_P256_0,1,2.62,1,256
sage_P256_0,1,2.59,1,256
sage_P256_0,1,2.57,1,256
sage_P256_0,1,2.56,1,256
sage_P256_0,1,2.54,1,256
sage_P256_0,1,2.55,1,256
sage_P256_0,1,2.57,1,256
sage_P256_0,1,2.61,1,256
sage_P256_0,1,2.55,1,256
sage_P256_0,1,2.57,1,256
sage_P256_0,1,2.57,1,256
sage_P256_0,1,2.55,1,256
sage_P256_0,1,2.54,1,256
sage_P256_0,1,2.60,1,256
sage_P256_0,1,2.56,1,256
sage_P256_0,1,2.60,1,256
sage_P256_0,1,2.55,1,256
sage_P256_0,1,2.56,1,256
sage_P256_0,1,2.55,1,256
sage_P256_0,1,2.55,1,256
sage_P256_0,1,2.53,1,256
sage_P256_0,1,2.59,1,256
sage_P256_0,1,2.83,1,256
sage_P256_0,1,2.57,1,256
sage_P256_0,1,2.62,1,256
sage_P256_0,1,2.58,1,256
sage_P256_0,1,2.57,1,256
sage_P256_0,1,2.60,1,256
sage_P256_0,1,2.61,1,256
sage_P256_0,1,2.64,1,256
sage_P256_0,1,2.66,1,256
sage_P256_0,1,2.57,1,256
sage_P256_0,1,2.61,1,256
sage_P256_0,1,2.58,1,256
sage_P256_0,1,2.54,1,256
sage_P256_0,1,2.54,1,256
sage_P256_0,1,2.55,1,256
sage_P256_0,1,2.57,1,256
sage_P256_0,1,2.57,1,256
sage_P256_0,1,2.57,1,256
sage_P256_0,1,2.57,1,256
sage_P256_0,1,2.57,1,256
sage_P256_0,1,2.55,1,256
sage_P256_0,1,2.59,1,256
sage_P256_0,1,2.55,1,256
sage_P256_0,1,2.56,1,256
sage_P256_0,1,2.58,1,256
sage_P256_0,1,2.58,1,256
sage_P256_0,1,2.68,1,256
sage_P256_0,1,2.58,1,256
sage_P256_0,1,2.56,1,256
sage_P256_0,1,2.62,1,256
sage_P256_0,1,2.59,1,256
sage_P256_0,1,2.57,1,256
sage_P256_0,1,2.56,1,256
sage_P256_0,1,2.58,1,256
sage_P256_0,1,2.60,1,256
sage_P256_0,1,2.56,1,256
sage_P256_0,1,2.61,1,256
sage_P256_0,1,2.56,1,256
sage_P256_0,1,2.55,1,256
sage_P256_0,1,2.55,1,256
sage_P256_0,1,2.58,1,256
sage_P256_0,1,2.58,1,256
sage_P256_0,1,2.56,1,256
sage_P256_0,1,2.58,1,256
sage_P256_0,1,2.54,1,256
sage_P256_0,1,2.57,1,256
sage_P256_0,1,2.56,1,256
sage_P256_0,1,2.57,1,256
sage_P256_0,1,2.58,1,256
sage_P256_0,1,2.60,1,256
sage_P256_0,1,2.56,1,256
sage_P256_0,1,2.60,1,256
sage_P256_0,1,2.60,1,256
sage_P256_0,1,2.59,1,256
sage_P256_0,1,2.59,1,256
sage_P256_0,1,2.61,1,256
sage_P256_0,1,2.64,1,256
sage_P256_0,1,2.62,1,256
sage_P256_0,1,2.58,1,256
sage_P256_0,1,2.58,1,256
sage_P256_0,1,2.57,1,256
sage_P256_0,1,2.58,1,256
sage_P256_0,1,2.61,1,256
sage_P256_0,1,2.56,1,256
sage_P256_0,1,2.57,1,256
sage_P256_0,1,2.54,1,256
sage_P256_0,1,2.58,1,256
sage_P256_0,1,2.57,1,256
sage_P256_0,1,2.57,1,256
sage_P256_0,1,2.56,1,256
sage_P256_0,1,2.61,1,256
sage_P256_0,1,2.54,1,256
sage_P256_0,1,2.57,1,256
sage_P256_0,1,2.59,1,256
sage_P256_0,1,2.59,1,256
sage_P256_0,1,2.58,1,256
sage_P256_0,1,2.66,1,256
sage_P256_0,1,2.58,1,256
sage_P256_0,1,2.63,1,256
sage_P256_0,1,2.62,1,256
sage_P256_0,1,2.60,1,256
sage_P256_0,1,2.67,1,256
sage_P256_0,1,2.63,1,256
sage_P256_0,1,2.62,1,256
sage_P256_0,1,2.60,1,256
sage_P256_0,1,2.59,1,256
sage_P256_0,1,2.56,1,256
sage_P256_0,1,2.57,1,256
sage_P256_0,1,2.62,1,256
sage_P256_0,1,2.59,1,256
sage_P256_0,1,2.60,1,256
sage_P256_0,1,2.59,1,256
sage_P256_0,1,2.65,1,256
sage_P256_0,1,2.61,1,256
sage_P256_0,1,2.57,1,256
sage_P256_0,1,2.55,1,256
sage_P256_0,1,2.57,1,256
sage_P256_0,1,2.58,1,256
sage_P256_0,1,2.58,1,256
sage_P256_0,1,2.57,1,256
sage_P256_0,1,2.59,1,256
sage_P256_0,1,2.65,1,256
sage_P256_0,1,2.64,1,256
sage_P256_0,1,2.62,1,256
sage_P256_0,1,2.64,1,256
sage_P256_0,1,2.61,1,256
sage_P256_0,1,2.64,1,256
sage_P256_0,1,2.61,1,256
sage_P256_0,1,2.59,1,256
sage_P256_0,1,2.59,1,256
sage_P256_0,1,2.56,1,256
sage_P256_0,1,2.55,1,256
sage_P256_0,1,2.58,1,256
sage_P256_0,1,2.60,1,256
sage_P256_0,1,2.61,1,256
sage_P256_0,1,2.62,1,256
sage_P256_0,1,2.53,1,256
sage_P256_0,1,2.60,1,256
sage_P256_0,1,2.64,1,256
sage_P256_0,1,2.65,1,256
sage_P256_0,1,2.60,1,256
sage_P256_0,1,2.74,1,256
sage_P256_0,1,2.68,1,256
sage_P256_0,1,2.65,1,256
sage_P256_0,1,2.55,1,256
sage_P256_0,1,2.62,1,256
sage_P256_0,1,2.63,1,256
sage_P256_0,1,2.64,1,256
sage_P256_0,1,2.62,1,256
sage_P256_0,1,2.70,1,256
sage_P256_0,1,2.63,1,256
sage_P256_0,1,2.67,1,256
sage_P256_0,1,2.62,1,256
sage_P256_0,1,2.60,1,256
sage_P256_0,1,2.60,1,256
sage_P256_0,1,2.58,1,256
sage_P256_0,1,2.54,1,256
sage_P256_0,1,2.82,1,256
sage_P256_0,1,2.61,1,256
sage_P256_0,1,2.62,1,256
sage_P256_0,1,2.63,1,256
sage_P256_0,1,2.61,1,256
cpp_P256_2,1,0.14,1,256
cpp_P256_2,1,0.14,1,256
sage_P256_0,1,2.60,1,256
sage_P256_0,1,2.60,1,256
sage_P256_0,1,2.55,1,256
cpp_P256_2,1,0.14,1,256
cpp_P256_2,1,0.14,1,256
cpp_P256_2,1,0.14,1,256
cpp_P256_2,1,0.14,1,256
cpp_P256_2,1,0.14,1,256
cpp_P256_2,1,0.14,1,256
cpp_P256_2,1,0.15,1,256
cpp_P256_2,1,0.14,1,256
cpp_P256_2,1,0.14,1,256
sage_P256_0,1,2.64,1,256
cpp_P256_2,1,0.14,1,256
cpp_P256_2,1,0.14,1,256
cpp_P256_2,1,0.15,1,256
cpp_P256_2,1,0.14,1,256
cpp_P256_2,1,0.15,1,256
cpp_P256_2,1,0.14,1,256
cpp_P256_2,1,0.14,1,256
cpp_P256_2,1,0.14,1,256
cpp_P256_2,1,0.14,1,256
cpp_P256_2,1,0.14,1,256
cpp_P256_2,1,0.14,1,256
cpp_P256_2,1,0.14,1,256
cpp_P256_2,1,0.14,1,256
cpp_P256_2,1,0.14,1,256
cpp_P256_2,1,0.14,1,256
cpp_P256_2,1,0.14,1,256
cpp_P256_2,1,0.14,1,256
cpp_P256_2,1,0.14,1,256
cpp_P256_2,1,0.14,1,256
cpp_P256_2,1,0.14,1,256
cpp_P256_2,1,0.14,1,256
cpp_P256_2,1,0.14,1,256
cpp_P256_2,1,0.14,1,256
cpp_P256_2,1,0.14,1,256
cpp_P256_2,1,0.14,1,256
cpp_P256_2,1,0.14,1,256
cpp_P256_2,1,0.14,1,256
cpp_P256_2,1,0.14,1,256
cpp_P256_2,1,0.14,1,256
cpp_P256_2,1,0.14,1,256
cpp_P256_2,1,0.14,1,256
cpp_P256_2,1,0.14,1,256
cpp_P256_2,1,0.13,1,256
cpp_P256_2,1,0.14,1,256
cpp_P256_2,1,0.14,1,256
cpp_P256_2,1,0.13,1,256
cpp_P256_2,1,0.14,1,256
cpp_P256_2,1,0.14,1,256
cpp_P256_2,1,0.14,1,256
cpp_P256_2,1,0.14,1,256
sage_P256_0,1,2.64,1,256
cpp_P256_2,1,0.14,1,256
cpp_P256_2,1,0.14,1,256
cpp_P256_2,1,0.14,1,256
cpp_P256_2,1,0.14,1,256
cpp_P256_2,1,0.14,1,256
cpp_P256_2,1,0.14,1,256
cpp_P256_2,1,0.14,1,256
cpp_P256_2,1,0.14,1,256
cpp_P256_2,1,0.14,1,256
cpp_P256_2,1,0.14,1,256
cpp_P256_2,1,0.14,1,256
cpp_P256_2,1,0.14,1,256
cpp_P256_2,1,0.14,1,256
cpp_P256_2,1,0.14,1,256
cpp_P256_2,1,0.14,1,256
cpp_P256_2,1,0.14,1,256
cpp_P256_2,1,0.14,1,256
cpp_P256_2,1,0.14,1,256
cpp_P256_2,1,0.13,1,256
cpp_P256_2,1,0.14,1,256
cpp_P256_2,1,0.14,1,256
cpp_P256_2,1,0.14,1,256
cpp_P256_2,1,0.14,1,256
cpp_P256_2,1,0.14,1,256
sage_P256_0,1,2.52,1,256
cpp_P256_2,1,0.14,1,256
cpp_P256_2,1,0.14,1,256
cpp_P256_2,1,0.14,1,256
cpp_P256_2,1,0.14,1,256
cpp_P256_2,1,0.14,1,256
cpp_P256_2,1,0.14,1,256
cpp_P256_2,1,0.14,1,256
cpp_P256_2,1,0.14,1,256
cpp_P256_2,1,0.14,1,256
cpp_P256_2,1,0.14,1,256
cpp_P256_2,1,0.14,1,256
cpp_P256_2,1,0.15,1,256
cpp_P256_2,1,0.15,1,256
cpp_P256_2,1,0.15,1,256
cpp_P256_2,1,0.14,1,256
cpp_P256_2,1,0.15,1,256
cpp_P256_2,1,0.15,1,256
cpp_P256_2,1,0.14,1,256
cpp_P256_2,1,0.14,1,256
cpp_P256_2,1,0.14,1,256
cpp_P256_2,1,0.14,1,256
cpp_P256_2,1,0.14,1,256
cpp_P256_2,1,0.14,1,256
cpp_P256_2,1,0.14,1,256
cpp_P256_2,1,0.14,1,256
cpp_P256_2,1,0.14,1,256
cpp_P256_2,1,0.14,1,256
cpp_P256_2,1,0.14,1,256
cpp_P256_2,1,0.14,1,256
cpp_P256_2,1,0.14,1,256
cpp_P256_2,1,0.14,1,256
cpp_P256_2,1,0.14,1,256
cpp_P256_2,1,0.14,1,256
cpp_P256_2,1,0.14,1,256
cpp_P256_2,1,0.14,1,256
cpp_P256_2,1,0.14,1,256
cpp_P256_2,1,0.14,1,256
cpp_P256_2,1,0.15,1,256
cpp_P256_2,1,0.14,1,256
cpp_P256_2,1,0.14,1,256
cpp_P256_2,1,0.14,1,256
cpp_P256_2,1,0.14,1,256
cpp_P256_2,1,0.14,1,256
cpp_P256_2,1,0.14,1,256
cpp_P256_2,1,0.14,1,256
sage_P256_0,1,2.58,1,256
cpp_P256_2,1,0.14,1,256
cpp_P256_2,1,0.14,1,256
cpp_P256_2,1,0.14,1,256
cpp_P256_2,1,0.14,1,256
cpp_P256_2,1,0.14,1,256
cpp_P256_2,1,0.14,1,256
cpp_P256_2,1,0.14,1,256
cpp_P256_2,1,0.14,1,256
cpp_P256_2,1,0.14,1,256
cpp_P256_2,1,0.14,1,256
cpp_P256_2,1,0.14,1,256
cpp_P256_2,1,0.15,1,256
cpp_P256_2,1,0.15,1,256
cpp_P256_2,1,0.15,1,256
cpp_P256_2,1,0.15,1,256
cpp_P256_2,1,0.15,1,256
cpp_P256_2,1,0.15,1,256
cpp_P256_2,1,0.15,1,256
cpp_P256_2,1,0.15,1,256
cpp_P256_2,1,0.15,1,256
cpp_P256_2,1,0.15,1,256
cpp_P256_2,1,0.14,1,256
cpp_P256_2,1,0.14,1,256
cpp_P256_2,1,0.14,1,256
cpp_P256_2,1,0.15,1,256
cpp_P256_2,1,0.14,1,256
cpp_P256_2,1,0.14,1,256
cpp_P256_2,1,0.14,1,256
cpp_P256_2,1,0.14,1,256
cpp_P256_2,1,0.14,1,256
cpp_P256_2,1,0.14,1,256
cpp_P256_2,1,0.14,1,256
cpp_P256_2,1,0.14,1,256
cpp_P256_2,1,0.14,1,256
cpp_P256_2,1,0.14,1,256
cpp_P256_2,1,0.14,1,256
cpp_P256_2,1,0.14,1,256
cpp_P256_2,1,0.14,1,256
cpp_P256_2,1,0.14,1,256
cpp_P256_2,1,0.14,1,256
cpp_P256_2,1,0.14,1,256
cpp_P256_2,1,0.14,1,256
cpp_P256_2,1,0.14,1,256
cpp_P256_2,1,0.14,1,256
cpp_P256_2,1,0.14,1,256
cpp_P256_2,1,0.14,1,256
cpp_P256_2,1,0.14,1,256
cpp_P256_2,1,0.15,1,256
cpp_P256_2,1,0.15,1,256
cpp_P256_2,1,0.15,1,256
cpp_P256_2,1,0.15,1,256
cpp_P256_2,1,0.15,1,256
cpp_P256_2,1,0.15,1,256
cpp_P256_2,1,0.15,1,256
cpp_P256_2,1,0.16,1,256
cpp_P256_2,1,0.16,1,256
cpp_P256_2,1,0.16,1,256
cpp_P256_2,1,0.15,1,256
cpp_P256_2,1,0.15,1,256
cpp_P256_2,1,0.15,1,256
cpp_P256_2,1,0.15,1,256
cpp_P256_2,1,0.15,1,256
cpp_P256_2,1,0.16,1,256
cpp_P256_2,1,0.15,1,256
cpp_P256_2,1,0.15,1,256
cpp_P256_2,1,0.15,1,256
cpp_P256_2,1,0.15,1,256
cpp_P256_2,1,0.15,1,256
cpp_P256_2,1,0.15,1,256
cpp_P256_2,1,0.14,1,256
cpp_P256_2,1,0.14,1,256
cpp_P256_2,1,0.14,1,256
cpp_P256_2,1,0.14,1,256
cpp_P256_2,1,0.14,1,256
cpp_P256_2,1,0.14,1,256
cpp_P256_2,1,0.14,1,256
cpp_P256_2,1,0.15,1,256
cpp_P256_2,1,0.14,1,256
cpp_P256_2,1,0.15,1,256
cpp_P256_2,1,0.14,1,256
cpp_P256_2,1,0.14,1,256
cpp_P256_2,1,0.14,1,256
cpp_P256_2,1,0.14,1,256
cpp_P256_2,1,0.14,1,256
cpp_P256_2,1,0.14,1,256
cpp_P256_2,1,0.14,1,256
cpp_P256_2,1,0.14,1,256
cpp_P256_2,1,0.14,1,256
cpp_P256_2,1,0.14,1,256
cpp_P256_2,1,0.14,1,256
cpp_P256_2,1,0.14,1,256
cpp_P256_2,1,0.14,1,256
cpp_P256_2,1,0.14,1,256
cpp_P256_2,1,0.14,1,256
cpp_P256_2,1,0.15,1,256
cpp_P256_2,1,0.14,1,256
cpp_P256_2,1,0.14,1,256
cpp_P256_2,1,0.14,1,256
cpp_P256_2,1,0.14,1,256
cpp_P256_2,1,0.14,1,256
cpp_P256_2,1,0.14,1,256
cpp_P256_2,1,0.14,1,256
cpp_P256_2,1,0.14,1,256
cpp_P256_2,1,0.14,1,256
cpp_P256_2,1,0.14,1,256
cpp_P256_2,1,0.14,1,256
cpp_P256_2,1,0.14,1,256
cpp_P256_2,1,0.14,1,256
cpp_P256_2,1,0.14,1,256
cpp_P256_2,1,0.15,1,256
cpp_P256_2,1,0.14,1,256
cpp_P256_2,1,0.14,1,256
cpp_P256_2,1,0.14,1,256
cpp_P256_2,1,0.14,1,256
cpp_P256_2,1,0.14,1,256
cpp_P256_2,1,0.14,1,256
cpp_P256_2,1,0.14,1,256
cpp_P256_2,1,0.14,1,256
cpp_P256_2,1,0.14,1,256
cpp_P256_2,1,0.14,1,256
cpp_P256_2,1,0.14,1,256
cpp_P256_2,1,0.14,1,256
cpp_P256_2,1,0.14,1,256
cpp_P256_2,1,0.14,1,256
cpp_P256_2,1,0.15,1,256
cpp_P256_2,1,0.14,1,256
cpp_P256_2,1,0.14,1,256
cpp_P256_2,1,0.14,1,256
cpp_P256_2,1,0.14,1,256
cpp_P256_2,1,0.15,1,256
sage_P256_2,1,3.97,1,256
sage_P256_2,1,3.94,1,256
sage_P256_2,1,4.01,1,256
sage_P256_2,1,3.99,1,256
sage_P256_2,1,3.93,1,256
sage_P256_2,1,3.99,1,256
sage_P256_2,1,3.97,1,256
sage_P256_2,1,4.02,1,256
sage_P256_2,1,3.95,1,256
sage_P256_2,1,3.99,1,256
sage_P256_2,1,3.95,1,256
sage_P256_2,1,3.99,1,256
sage_P256_2,1,3.99,1,256
sage_P256_2,1,3.93,1,256
sage_P256_2,1,3.98,1,256
sage_P256_2,1,3.95,1,256
sage_P256_2,1,4.20,1,256
sage_P256_2,1,3.98,1,256
sage_P256_2,1,4.07,1,256
sage_P256_2,1,4.00,1,256
sage_P256_2,1,4.01,1,256
sage_P256_2,1,3.97,1,256
sage_P256_2,1,4.02,1,256
sage_P256_2,1,4.01,1,256
sage_P256_2,1,3.96,1,256
sage_P256_2,1,3.93,1,256
sage_P256_2,1,3.97,1,256
sage_P256_2,1,3.99,1,256
sage_P256_2,1,4.00,1,256
sage_P256_2,1,3.96,1,256
sage_P256_2,1,3.99,1,256
sage_P256_2,1,4.01,1,256
sage_P256_2,1,4.03,1,256
sage_P256_2,1,3.99,1,256
sage_P256_2,1,4.01,1,256
sage_P256_2,1,4.08,1,256
sage_P256_2,1,4.04,1,256
sage_P256_2,1,3.99,1,256
sage_P256_2,1,4.00,1,256
sage_P256_2,1,4.02,1,256
sage_P256_2,1,3.93,1,256
sage_P256_2,1,3.91,1,256
sage_P256_2,1,3.98,1,256
sage_P256_2,1,3.97,1,256
sage_P256_2,1,4.01,1,256
sage_P256_2,1,4.01,1,256
sage_P256_2,1,3.97,1,256
sage_P256_2,1,3.94,1,256
sage_P256_2,1,3.94,1,256
sage_P256_2,1,3.98,1,256
sage_P256_2,1,3.99,1,256
sage_P256_2,1,4.02,1,256
sage_P256_2,1,3.99,1,256
sage_P256_2,1,3.97,1,256
sage_P256_2,1,3.99,1,256
sage_P256_2,1,3.99,1,256
sage_P256_2,1,3.98,1,256
sage_P256_2,1,3.95,1,256
sage_P256_2,1,3.96,1,256
sage_P256_2,1,3.98,1,256
sage_P256_2,1,3.97,1,256
sage_P256_2,1,3.93,1,256
sage_P256_2,1,6.34,1,256
sage_P256_2,1,6.29,1,256
sage_P256_2,1,3.96,1,256
sage_P256_2,1,3.97,1,256
sage_P256_2,1,3.93,1,256
sage_P256_2,1,3.94,1,256
sage_P256_2,1,3.98,1,256
sage_P256_2,1,4.02,1,256
sage_P256_2,1,4.02,1,256
sage_P256_2,1,4.00,1,256
sage_P256_2,1,4.00,1,256
sage_P256_2,1,4.07,1,256
sage_P256_2,1,3.99,1,256
sage_P256_2,1,3.97,1,256
sage_P256_2,1,4.05,1,256
sage_P256_2,1,3.97,1,256
sage_P256_2,1,4.06,1,256
sage_P256_2,1,4.01,1,256
sage_P256_2,1,4.01,1,256
sage_P256_2,1,4.04,1,256
sage_P256_2,1,4.00,1,256
sage_P256_2,1,4.03,1,256
sage_P256_2,1,4.02,1,256
sage_P256_2,1,3.98,1,256
sage_P256_2,1,3.99,1,256
sage_P256_2,1,4.04,1,256
sage_P256_2,1,4.04,1,256
sage_P256_2,1,3.98,1,256
sage_P256_2,1,4.05,1,256
sage_P256_2,1,4.00,1,256
sage_P256_2,1,4.03,1,256
sage_P256_2,1,4.08,1,256
sage_P256_2,1,3.95,1,256
sage_P256_2,1,4.03,1,256
sage_P256_2,1,3.97,1,256
sage_P256_2,1,3.98,1,256
sage_P256_2,1,3.99,1,256
sage_P256_2,1,4.01,1,256
sage_P256_2,1,4.03,1,256
sage_P256_2,1,4.05,1,256
sage_P256_2,1,3.99,1,256
sage_P256_2,1,3.97,1,256
sage_P256_2,1,4.04,1,256
sage_P256_2,1,4.05,1,256
sage_P256_2,1,4.05,1,256
sage_P256_2,1,3.98,1,256
sage_P256_2,1,4.02,1,256
sage_P256_2,1,4.03,1,256
sage_P256_2,1,4.11,1,256
sage_P256_2,1,4.06,1,256
sage_P256_2,1,4.05,1,256
sage_P256_2,1,4.00,1,256
sage_P256_2,1,4.03,1,256
sage_P256_2,1,3.99,1,256
sage_P256_2,1,4.01,1,256
sage_P256_2,1,4.04,1,256
sage_P256_2,1,4.04,1,256
sage_P256_2,1,3.97,1,256
sage_P256_2,1,4.01,1,256
sage_P256_2,1,3.98,1,256
sage_P256_2,1,4.02,1,256
sage_P256_2,1,3.93,1,256
sage_P256_2,1,3.97,1,256
sage_P256_2,1,4.01,1,256
sage_P256_2,1,3.98,1,256
sage_P256_2,1,4.00,1,256
sage_P256_2,1,4.05,1,256
sage_P256_2,1,4.02,1,256
sage_P256_2,1,4.02,1,256
sage_P256_2,1,4.02,1,256
sage_P256_2,1,4.05,1,256
sage_P256_2,1,4.01,1,256
sage_P256_2,1,3.99,1,256
sage_P256_2,1,3.99,1,256
sage_P256_2,1,3.99,1,256
sage_P256_2,1,3.98,1,256
sage_P256_2,1,3.99,1,256
sage_P256_2,1,3.97,1,256
sage_P256_2,1,3.98,1,256
sage_P256_2,1,4.07,1,256
sage_P256_2,1,4.00,1,256
sage_P256_2,1,4.00,1,256
sage_P256_2,1,4.05,1,256
sage_P256_2,1,4.08,1,256
sage_P256_2,1,4.03,1,256
sage_P256_2,1,4.06,1,256
sage_P256_2,1,4.02,1,256
sage_P256_2,1,4.04,1,256
sage_P256_2,1,4.04,1,256
sage_P256_2,1,4.01,1,256
sage_P256_2,1,4.06,1,256
sage_P256_2,1,4.05,1,256
sage_P256_2,1,4.02,1,256
sage_P256_2,1,4.00,1,256
sage_P256_2,1,4.00,1,256
sage_P256_2,1,4.02,1,256
sage_P256_2,1,3.92,1,256
sage_P256_2,1,3.94,1,256
sage_P256_2,1,4.01,1,256
sage_P256_2,1,4.00,1,256
sage_P256_2,1,3.93,1,256
sage_P256_2,1,3.99,1,256
sage_P256_2,1,3.99,1,256
sage_P256_2,1,3.99,1,256
sage_P256_2,1,4.01,1,256
sage_P256_2,1,3.99,1,256
sage_P256_2,1,4.05,1,256
sage_P256_2,1,4.00,1,256
sage_P256_2,1,4.07,1,256
sage_P256_2,1,4.06,1,256
sage_P256_2,1,4.02,1,256
sage_P256_2,1,4.00,1,256
sage_P256_2,1,3.98,1,256
sage_P256_2,1,3.94,1,256
sage_P256_2,1,4.03,1,256
sage_P256_2,1,4.04,1,256
sage_P256_2,1,3.99,1,256
sage_P256_2,1,4.05,1,256
sage_P256_2,1,3.96,1,256
sage_P256_2,1,3.99,1,256
sage_P256_2,1,3.99,1,256
sage_P256_2,1,3.96,1,256
sage_P256_2,1,4.04,1,256
sage_P256_2,1,4.00,1,256
sage_P256_2,1,3.95,1,256
sage_P256_2,1,4.00,1,256
sage_P256_2,1,4.01,1,256
sage_P256_2,1,4.05,1,256
sage_P256_2,1,4.00,1,256
sage_P256_2,1,4.00,1,256
sage_P256_2,1,4.06,1,256
sage_P256_2,1,4.06,1,256
sage_P256_2,1,4.02,1,256
sage_P256_2,1,4.01,1,256
sage_P256_2,1,4.04,1,256
sage_P256_2,1,4.02,1,256
sage_P256_2,1,4.04,1,256
sage_P256_2,1,4.03,1,256
sage_P256_2,1,4.00,1,256
sage_P256_2,1,4.00,1,256
sage_P256_2,1,3.99,1,256
sage_P256_2,1,3.99,1,256
sage_P256_2,1,4.00,1,256
sage_P256_2,1,4.01,1,256
sage_P256_2,1,3.98,1,256
sage_P256_2,1,3.97,1,256
sage_P256_2,1,4.00,1,256
sage_P256_2,1,4.05,1,256
sage_P256_2,1,4.01,1,256
sage_P256_2,1,3.99,1,256
sage_P256_2,1,4.02,1,256
sage_P256_2,1,3.99,1,256
sage_P256_2,1,3.98,1,256
sage_P256_2,1,3.98,1,256
sage_P256_2,1,4.03,1,256
sage_P256_2,1,3.99,1,256
sage_P256_2,1,3.98,1,256
sage_P256_2,1,4.08,1,256
sage_P256_2,1,4.04,1,256
sage_P256_2,1,4.02,1,256
sage_P256_2,1,4.06,1,256
sage_P256_2,1,4.04,1,256
sage_P256_2,1,3.97,1,256
sage_P256_2,1,4.02,1,256
sage_P256_2,1,4.03,1,256
sage_P256_2,1,4.03,1,256
sage_P256_2,1,4.09,1,256
sage_P256_2,1,4.05,1,256
sage_P256_2,1,4.06,1,256
sage_P256_2,1,4.09,1,256
sage_P256_2,1,4.07,1,256
sage_P256_2,1,3.97,1,256
sage_P256_2,1,4.03,1,256
sage_P256_2,1,3.97,1,256
sage_P256_2,1,4.01,1,256
sage_P256_2,1,3.98,1,256
sage_P256_2,1,3.97,1,256
sage_P256_2,1,4.01,1,256
sage_P256_2,1,4.00,1,256
sage_P256_2,1,4.00,1,256
sage_P256_2,1,4.05,1,256
cpp_P256_3,1,0.15,2,209
cpp_P256_3,1,0.12,1,209
cpp_P256_3,1,0.15,2,209
sage_P256_2,1,4.01,1,256
sage_P256_2,1,3.97,1,256
cpp_P256_3,1,0.37,10,209
cpp_P256_3,1,0.20,4,209
cpp_P256_3,1,0.16,2,209
sage_P256_2,1,3.98,1,256
cpp_P256_3,1,0.13,1,209
cpp_P256_3,1,0.16,2,209
cpp_P256_3,1,0.16,2,209
cpp_P256_3,1,0.13,1,209
cpp_P256_3,1,0.21,4,209
cpp_P256_3,1,0.12,1,209
cpp_P256_3,1,0.18,3,209
cpp_P256_3,1,0.13,1,209
cpp_P256_3,1,0.31,8,209
cpp_P256_3,1,0.15,2,209
cpp_P256_3,1,0.51,15,209
cpp_P256_3,1,0.15,2,209
cpp_P256_3,1,0.34,9,209
sage_P256_2,1,3.97,1,256
sage_P256_2,1,3.96,1,256
cpp_P256_3,1,0.31,8,209
cpp_P256_3,1,0.18,3,209
cpp_P256_3,1,0.23,5,209
cpp_P256_3,1,0.18,3,209
cpp_P256_3,1,0.18,3,209
cpp_P256_3,1,0.13,1,209
cpp_P256_3,1,0.13,1,209
cpp_P256_3,1,0.18,3,209
cpp_P256_3,1,0.24,5,209
cpp_P256_3,1,0.12,1,209
cpp_P256_3,1,0.15,2,209
cpp_P256_3,1,0.29,7,209
cpp_P256_3,1,0.15,2,209
cpp_P256_3,1,0.12,1,209
cpp_P256_3,1,0.15,2,209
cpp_P256_3,1,0.48,14,209
cpp_P256_3,1,0.15,2,209
cpp_P256_3,1,0.15,2,209
cpp_P256_3,1,0.13,1,209
cpp_P256_3,1,0.15,2,209
cpp_P256_3,1,0.15,2,209
cpp_P256_3,1,0.12,1,209
cpp_P256_3,1,0.34,9,209
cpp_P256_3,1,0.35,9,209
cpp_P256_3,1,0.15,2,209
cpp_P256_3,1,0.12,1,209
cpp_P256_3,1,0.15,2,209
cpp_P256_3,1,0.12,1,209
cpp_P256_3,1,0.15,2,209
cpp_P256_3,1,0.12,1,209
cpp_P256_3,1,0.12,1,209
cpp_P256_3,1,0.18,3,209
cpp_P256_3,1,0.12,1,209
cpp_P256_3,1,0.12,1,209
cpp_P256_3,1,0.21,4,209
cpp_P256_3,1,0.31,8,209
cpp_P256_3,1,0.15,2,209
cpp_P256_3,1,0.12,1,209
cpp_P256_3,1,0.12,1,209
cpp_P256_3,1,0.18,3,209
cpp_P256_3,1,0.23,5,209
cpp_P256_3,1,0.26,6,209
cpp_P256_3,1,0.15,2,209
cpp_P256_3,1,0.28,7,209
cpp_P256_3,1,0.15,2,209
cpp_P256_3,1,0.36,10,209
cpp_P256_3,1,0.12,1,209
cpp_P256_3,1,0.12,1,209
cpp_P256_3,1,0.18,3,209
cpp_P256_3,1,0.12,1,209
cpp_P256_3,1,0.44,13,209
cpp_P256_3,1,0.28,7,209
cpp_P256_3,1,0.15,2,209
cpp_P256_3,1,0.20,4,209
cpp_P256_3,1,0.12,1,209
cpp_P256_3,1,0.42,12,209
cpp_P256_3,1,0.15,2,209
cpp_P256_3,1,0.17,3,209
cpp_P256_3,1,0.18,3,209
cpp_P256_3,1,0.12,1,209
cpp_P256_3,1,0.15,2,209
cpp_P256_3,1,0.12,1,209
cpp_P256_3,1,0.17,3,209
cpp_P256_3,1,0.15,2,209
cpp_P256_3,1,0.12,1,209
cpp_P256_3,1,0.23,5,209
cpp_P256_3,1,0.12,1,209
cpp_P256_3,1,0.20,4,209
cpp_P256_3,1,0.13,1,209
cpp_P256_3,1,0.18,3,209
cpp_P256_3,1,0.18,3,209
cpp_P256_3,1,0.13,1,209
cpp_P256_3,1,0.15,2,209
sage_P256_2,1,3.96,1,256
cpp_P256_3,1,0.12,1,209
cpp_P256_3,1,0.15,2,209
cpp_P256_3,1,0.17,3,209
cpp_P256_3,1,0.81,27,209
cpp_P256_3,1,0.12,1,209
cpp_P256_3,1,0.20,4,209
cpp_P256_3,1,0.17,3,209
cpp_P256_3,1,0.12,1,209
cpp_P256_3,1,0.20,4,209
cpp_P256_3,1,0.42,12,209
cpp_P256_3,1,0.20,4,209
cpp_P256_3,1,0.39,11,209
cpp_P256_3,1,0.12,1,209
cpp_P256_3,1,0.17,3,209
cpp_P256_3,1,0.15,2,209
cpp_P256_3,1,0.18,3,209
cpp_P256_3,1,0.15,2,209
cpp_P256_3,1,0.15,2,209
cpp_P256_3,1,0.23,5,209
cpp_P256_3,1,0.13,1,209
cpp_P256_3,1,0.13,1,209
cpp_P256_3,1,0.28,7,209
cpp_P256_3,1,0.15,2,209
cpp_P256_3,1,0.39,11,209
cpp_P256_3,1,0.15,2,209
cpp_P256_3,1,0.13,1,209
cpp_P256_3,1,0.12,1,209
cpp_P256_3,1,0.18,3,209
cpp_P256_3,1,0.12,1,209
cpp_P256_3,1,0.12,1,209
sage_P256_2,1,4.00,1,256
cpp_P256_3,1,0.18,3,209
cpp_P256_3,1,0.13,1,209
cpp_P256_3,1,0.12,1,209
cpp_P256_3,1,0.12,1,209
cpp_P256_3,1,0.15,2,209
cpp_P256_3,1,0.36,10,209
cpp_P256_3,1,0.12,1,209
cpp_P256_3,1,0.12,1,209
cpp_P256_3,1,0.13,1,209
cpp_P256_3,1,0.18,3,209
cpp_P256_3,1,0.15,2,209
cpp_P256_3,1,0.12,1,209
cpp_P256_3,1,0.12,1,209
cpp_P256_3,1,0.12,1,209
cpp_P256_3,1,0.12,1,209
cpp_P256_3,1,0.18,3,209
cpp_P256_3,1,0.12,1,209
cpp_P256_3,1,0.15,2,209
cpp_P256_3,1,0.12,1,209
cpp_P256_3,1,0.12,1,209
cpp_P256_3,1,0.12,1,209
cpp_P256_3,1,0.12,1,209
cpp_P256_3,1,0.20,4,209
cpp_P256_3,1,0.12,1,209
cpp_P256_3,1,0.12,1,209
cpp_P256_3,1,0.15,2,209
cpp_P256_3,1,0.12,1,209
cpp_P256_3,1,0.15,2,209
cpp_P256_3,1,0.12,1,209
cpp_P256_3,1,0.20,4,209
cpp_P256_3,1,0.15,2,209
cpp_P256_3,1,0.12,1,209
cpp_P256_3,1,0.12,1,209
cpp_P256_3,1,0.12,1,209
cpp_P256_3,1,0.13,1,209
cpp_P256_3,1,0.18,3,209
cpp_P256_3,1,0.12,1,209
cpp_P256_3,1,0.18,3,209
cpp_P256_3,1,0.15,2,209
cpp_P256_3,1,0.12,1,209
cpp_P256_3,1,0.12,1,209
cpp_P256_3,1,0.12,1,209
cpp_P256_3,1,0.18,3,209
cpp_P256_3,1,0.18,3,209
cpp_P256_3,1,0.21,4,209
cpp_P256_3,1,0.21,4,209
cpp_P256_3,1,0.20,3,209
cpp_P256_3,1,0.13,1,209
cpp_P256_3,1,0.18,3,209
cpp_P256_3,1,0.16,2,209
cpp_P256_3,1,0.13,1,209
cpp_P256_3,1,0.13,1,209
cpp_P256_3,1,0.13,1,209
cpp_P256_3,1,0.12,1,209
cpp_P256_3,1,0.13,1,209
cpp_P256_3,1,0.15,2,209
cpp_P256_3,1,0.18,3,209
cpp_P256_3,1,0.13,1,209
cpp_P256_3,1,0.54,16,209
cpp_P256_3,1,0.15,2,209
cpp_P256_3,1,0.12,1,209
cpp_P256_3,1,0.12,1,209
cpp_P256_3,1,0.18,3,209
cpp_P256_3,1,0.12,1,209
cpp_P256_3,1,0.12,1,209
cpp_P256_3,1,0.12,1,209
cpp_P256_3,1,0.20,4,209
cpp_P256_3,1,0.26,6,209
cpp_P256_3,1,0.12,1,209
cpp_P256_3,1,0.17,3,209
cpp_P256_3,1,0.15,2,209
cpp_P256_3,1,0.18,3,209
cpp_P256_3,1,0.12,1,209
cpp_P256_3,1,0.12,1,209
cpp_P256_3,1,0.12,1,209
cpp_P256_3,1,0.12,1,209
cpp_P256_3,1,0.23,5,209
cpp_P256_3,1,0.53,16,209
cpp_P256_3,1,0.15,2,209
cpp_P256_3,1,0.12,1,209
cpp_P256_3,1,0.12,1,209
cpp_P256_3,1,0.12,1,209
cpp_P256_3,1,0.12,1,209
cpp_P256_3,1,0.15,2,209
cpp_P256_3,1,0.23,5,209
cpp_P256_3,1,0.12,1,209
cpp_P256_3,1,0.23,5,209
cpp_P256_3,1,0.21,4,209
cpp_P256_3,1,0.13,1,209
cpp_P256_3,1,0.18,3,209
cpp_P256_3,1,0.13,1,209
cpp_P256_3,1,0.22,4,209
cpp_P256_3,1,0.19,3,209
cpp_P256_3,1,0.12,1,209
cpp_P256_3,1,0.32,8,209
cpp_P256_3,1,0.15,2,209
cpp_P256_3,1,0.26,6,209
cpp_P256_3,1,0.18,3,209
cpp_P256_3,1,0.15,2,209
cpp_P256_3,1,0.28,7,209
cpp_P256_3,1,0.12,1,209
cpp_P256_3,1,0.48,14,209
cpp_P256_3,1,0.15,2,209
cpp_P256_3,1,0.18,3,209
cpp_P256_3,1,0.12,1,209
cpp_P256_3,1,0.25,6,209
cpp_P256_3,1,0.25,6,209
cpp_P256_3,1,0.20,4,209
cpp_P256_3,1,0.44,13,209
cpp_P256_3,1,0.23,5,209
cpp_P256_3,1,0.12,1,209
cpp_P256_3,1,0.20,4,209
cpp_P256_3,1,0.17,3,209
cpp_P256_3,1,0.25,6,209
cpp_P256_3,1,0.12,1,209
cpp_P256_3,1,0.17,3,209
cpp_P256_3,1,0.12,1,209
cpp_P256_3,1,0.15,2,209
cpp_P256_3,1,0.12,1,209
cpp_P256_3,1,0.12,1,209
cpp_P256_3,1,0.71,23,209
cpp_P256_3,1,0.15,2,209
cpp_P256_3,1,0.44,13,209
cpp_P256_3,1,0.15,2,209
cpp_P256_3,1,0.15,2,209
cpp_P256_3,1,0.13,1,209
cpp_P256_3,1,0.18,3,209
cpp_P256_3,1,0.15,2,209
sage_P256_3,1,3.76,1,209
sage_P256_3,1,3.99,2,209
sage_P256_3,1,4.01,2,209
sage_P256_3,1,4.14,3,209
sage_P256_3,1,4.35,4,209
sage_P256_3,1,4.38,4,209
sage_P256_3,1,4.63,5,209
sage_P256_3,1,4.86,6,209
sage_P256_3,1,3.75,1,209
sage_P256_3,1,3.73,1,209
sage_P256_3,1,3.94,2,209
sage_P256_3,1,3.74,1,209
sage_P256_3,1,4.61,5,209
sage_P256_3,1,3.94,2,209
sage_P256_3,1,3.73,1,209
sage_P256_3,1,3.73,1,209
sage_P256_3,1,4.00,2,209
sage_P256_3,1,3.73,1,209
sage_P256_3,1,3.68,1,209
sage_P256_3,1,3.67,1,209
sage_P256_3,1,3.72,1,209
sage_P256_3,1,3.73,1,209
sage_P256_3,1,4.39,4,209
sage_P256_3,1,4.96,7,209
sage_P256_3,1,4.00,2,209
sage_P256_3,1,3.76,1,209
sage_P256_3,1,4.17,3,209
sage_P256_3,1,3.77,1,209
sage_P256_3,1,3.99,2,209
sage_P256_3,1,4.61,5,209
sage_P256_3,1,3.76,1,209
sage_P256_3,1,4.97,7,209
sage_P256_3,1,3.76,1,209
sage_P256_3,1,4.17,3,209
sage_P256_3,1,4.02,2,209
sage_P256_3,1,3.71,1,209
sage_P256_3,1,3.77,1,209
sage_P256_3,1,3.94,2,209
sage_P256_3,1,3.97,2,209
sage_P256_3,1,3.99,2,209
sage_P256_3,1,3.95,2,209
sage_P256_3,1,4.12,3,209
sage_P256_3,1,4.14,3,209
sage_P256_3,1,3.97,2,209
sage_P256_3,1,3.75,1,209
sage_P256_3,1,4.18,3,209
sage_P256_3,1,4.01,2,209
sage_P256_3,1,4.54,5,209
sage_P256_3,1,4.20,3,209
sage_P256_3,1,3.71,1,209
sage_P256_3,1,3.76,1,209
sage_P256_3,1,3.92,2,209
sage_P256_3,1,3.73,1,209
sage_P256_3,1,4.10,3,209
sage_P256_3,1,5.24,8,209
sage_P256_3,1,3.90,2,209
sage_P256_3,1,3.81,1,209
sage_P256_3,1,3.77,1,209
sage_P256_3,1,3.94,2,209
sage_P256_3,1,3.74,1,209
sage_P256_3,1,3.93,2,209
sage_P256_3,1,4.62,5,209
sage_P256_3,1,3.87,1,209
sage_P256_3,1,3.68,1,209
sage_P256_3,1,3.77,1,209
sage_P256_3,1,3.89,1,209
sage_P256_3,1,4.05,2,209
sage_P256_3,1,4.21,3,209
sage_P256_3,1,3.86,1,209
sage_P256_3,1,3.97,2,209
sage_P256_3,1,3.77,1,209
sage_P256_3,1,3.98,2,209
sage_P256_3,1,3.80,1,209
sage_P256_3,1,4.26,3,209
sage_P256_3,1,3.73,1,209
sage_P256_3,1,4.65,5,209
sage_P256_3,1,4.05,2,209
sage_P256_3,1,3.96,2,209
sage_P256_3,1,3.87,2,209
sage_P256_3,1,4.15,3,209
sage_P256_3,1,3.80,1,209
sage_P256_3,1,3.78,1,209
sage_P256_3,1,3.77,1,209
sage_P256_3,1,4.16,3,209
sage_P256_3,1,4.19,3,209
sage_P256_3,1,4.82,6,209
sage_P256_3,1,3.95,2,209
sage_P256_3,1,3.76,1,209
sage_P256_3,1,3.80,1,209
sage_P256_3,1,3.77,1,209
sage_P256_3,1,4.10,2,209
sage_P256_3,1,4.01,2,209
sage_P256_3,1,4.58,5,209
sage_P256_3,1,3.91,2,209
sage_P256_3,1,4.34,4,209
sage_P256_3,1,5.89,11,209
sage_P256_3,1,4.01,2,209
sage_P256_3,1,3.78,1,209
sage_P256_3,1,3.76,1,209
sage_P256_3,1,3.95,2,209
sage_P256_3,1,4.23,3,209
sage_P256_3,1,3.76,1,209
sage_P256_3,1,3.77,1,209
sage_P256_3,1,3.70,1,209
sage_P256_3,1,3.81,1,209
sage_P256_3,1,4.69,5,209
sage_P256_3,1,3.76,1,209
sage_P256_3,1,3.90,2,209
sage_P256_3,1,3.71,1,209
sage_P256_3,1,3.98,2,209
sage_P256_3,1,4.21,3,209
sage_P256_3,1,3.74,1,209
sage_P256_3,1,4.21,3,209
sage_P256_3,1,4.00,2,209
sage_P256_3,1,3.73,1,209
sage_P256_3,1,3.78,1,209
sage_P256_3,1,3.76,1,209
sage_P256_3,1,4.35,2,209
sage_P256_3,1,3.80,1,209
sage_P256_3,1,5.97,10,209
sage_P256_3,1,3.86,1,209
sage_P256_3,1,4.27,3,209
sage_P256_3,1,3.83,1,209
sage_P256_3,1,4.04,3,209
sage_P256_3,1,5.56,10,209
sage_P256_3,1,4.47,4,209
sage_P256_3,1,4.72,5,209
sage_P256_3,1,4.92,6,209
sage_P256_3,1,4.40,4,209
sage_P256_3,1,3.77,1,209
sage_P256_3,1,3.75,1,209
sage_P256_3,1,3.77,1,209
sage_P256_3,1,3.78,1,209
sage_P256_3,1,4.03,2,209
sage_P256_3,1,3.71,1,209
sage_P256_3,1,5.62,10,209
sage_P256_3,1,3.72,1,209
sage_P256_3,1,4.43,4,209
sage_P256_3,1,3.69,1,209
sage_P256_3,1,3.99,2,209
sage_P256_3,1,3.80,1,209
sage_P256_3,1,3.81,1,209
sage_P256_3,1,6.67,15,209
sage_P256_3,1,3.83,1,209
sage_P256_3,1,3.81,1,209
sage_P256_3,1,3.98,2,209
sage_P256_3,1,3.76,1,209
sage_P256_3,1,4.44,4,209
sage_P256_3,1,3.77,1,209
sage_P256_3,1,3.99,2,209
sage_P256_3,1,5.38,9,209
sage_P256_3,1,3.97,1,209
sage_P256_3,1,4.54,5,209
sage_P256_3,1,4.70,5,209
sage_P256_3,1,4.45,4,209
sage_P256_3,1,3.70,1,209
sage_P256_3,1,4.10,3,209
sage_P256_3,1,4.00,2,209
sage_P256_3,1,4.00,2,209
sage_P256_3,1,3.97,2,209
sage_P256_3,1,3.89,2,209
sage_P256_3,1,3.81,1,209
sage_P256_3,1,3.97,1,209
sage_P256_3,1,3.98,2,209
sage_P256_3,1,3.78,1,209
sage_P256_3,1,3.82,1,209
sage_P256_3,1,3.81,1,209
sage_P256_3,1,4.39,4,209
sage_P256_3,1,3.80,1,209
sage_P256_3,1,3.98,2,209
sage_P256_3,1,3.82,1,209
sage_P256_3,1,4.42,4,209
sage_P256_3,1,3.81,1,209
sage_P256_3,1,3.77,1,209
sage_P256_3,1,3.81,1,209
sage_P256_3,1,3.77,1,209
sage_P256_3,1,4.81,6,209
sage_P256_3,1,4.55,5,209
sage_P256_3,1,3.79,1,209
sage_P256_3,1,3.71,1,209
sage_P256_3,1,3.87,1,209
sage_P256_3,1,3.84,1,209
sage_P256_3,1,4.05,2,209
sage_P256_3,1,3.80,1,209
sage_P256_3,1,4.05,2,209
sage_P256_3,1,3.75,1,209
sage_P256_3,1,3.99,2,209
sage_P256_3,1,3.99,2,209
sage_P256_3,1,4.57,5,209
sage_P256_3,1,3.77,1,209
sage_P256_3,1,3.85,1,209
sage_P256_3,1,3.79,1,209
sage_P256_3,1,4.03,2,209
sage_P256_3,1,4.37,4,209
sage_P256_3,1,3.81,1,209
sage_P256_3,1,3.81,1,209
sage_P256_3,1,3.87,1,209
sage_P256_3,1,4.59,5,209
sage_P256_3,1,3.81,1,209
sage_P256_3,1,3.72,1,209
sage_P256_3,1,4.16,3,209
sage_P256_3,1,4.03,2,209
sage_P256_3,1,3.84,1,209
sage_P256_3,1,3.75,1,209
sage_P256_3,1,4.05,2,209
sage_P256_3,1,3.83,1,209
sage_P256_3,1,4.16,3,209
sage_P256_3,1,3.67,1,209
sage_P256_3,1,4.38,4,209
sage_P256_3,1,3.79,1,209
sage_P256_3,1,4.77,6,209
sage_P256_3,1,4.21,3,209
sage_P256_3,1,3.96,2,209
sage_P256_3,1,5.24,8,209
sage_P256_3,1,3.98,2,209
sage_P256_3,1,3.71,1,209
sage_P256_3,1,3.77,1,209
sage_P256_3,1,3.78,1,209
sage_P256_3,1,3.77,1,209
sage_P256_3,1,3.97,2,209
sage_P256_3,1,3.77,1,209
sage_P256_3,1,3.97,2,209
sage_P256_3,1,3.85,1,209
sage_P256_3,1,4.41,4,209
sage_P256_3,1,4.01,2,209
sage_P256_3,1,3.96,2,209
sage_P256_3,1,3.76,1,209
sage_P256_3,1,4.86,6,209
sage_P256_3,1,3.74,1,209
sage_P256_3,1,3.75,1,209
sage_P256_3,1,3.75,1,209
sage_P256_3,1,4.39,4,209
sage_P256_3,1,3.74,1,209
sage_P256_3,1,3.76,1,209
sage_P256_3,1,3.78,1,209
sage_P256_3,1,4.79,6,209
sage_P256_3,1,3.75,1,209
sage_P256_3,1,3.77,1,209
sage_P256_3,1,4.65,5,209
sage_P256_3,1,4.45,4,209
sage_P256_3,1,4.38,4,209
sage_P256_3,1,3.73,1,209
sage_P256_3,1,3.84,1,209
cpp_P256_4,1,0.42,13,198
cpp_P256_4,1,0.30,8,198
cpp_P256_4,1,0.15,2,198
cpp_P256_4,1,0.15,2,198
sage_P256_3,1,3.75,1,209
cpp_P256_4,1,0.34,9,198
sage_P256_3,1,3.76,1,209
cpp_P256_4,1,0.20,4,198
cpp_P256_4,1,0.30,8,198
cpp_P256_4,1,0.39,11,198
cpp_P256_4,1,0.23,5,198
cpp_P256_4,1,0.12,1,198
cpp_P256_4,1,0.25,6,198
cpp_P256_4,1,0.28,7,198
sage_P256_3,1,4.60,5,209
cpp_P256_4,1,0.13,1,198
sage_P256_3,1,3.73,1,209
sage_P256_3,1,5.26,8,209
cpp_P256_4,1,0.19,3,198
cpp_P256_4,1,0.13,1,198
cpp_P256_4,1,0.22,5,198
cpp_P256_4,1,0.20,4,198
cpp_P256_4,1,0.15,2,198
cpp_P256_4,1,0.22,5,198
cpp_P256_4,1,0.22,5,198
cpp_P256_4,1,0.17,3,198
cpp_P256_4,1,0.17,3,198
cpp_P256_4,1,0.37,11,198
cpp_P256_4,1,0.17,3,198
cpp_P256_4,1,0.15,2,198
cpp_P256_4,1,0.15,2,198
cpp_P256_4,1,0.12,1,198
cpp_P256_4,1,0.12,1,198
cpp_P256_4,1,0.15,2,198
cpp_P256_4,1,0.22,5,198
cpp_P256_4,1,0.12,1,198
cpp_P256_4,1,0.37,11,198
cpp_P256_4,1,0.19,4,198
sage_P256_3,1,3.76,1,209
cpp_P256_4,1,0.20,4,198
cpp_P256_4,1,0.15,2,198
cpp_P256_4,1,0.27,7,198
cpp_P256_4,1,0.45,14,198
cpp_P256_4,1,0.20,4,198
cpp_P256_4,1,0.49,16,198
cpp_P256_4,1,0.17,3,198
cpp_P256_4,1,0.17,3,198
cpp_P256_4,1,0.35,10,198
cpp_P256_4,1,0.32,9,198
cpp_P256_4,1,0.27,7,198
cpp_P256_4,1,0.32,9,198
cpp_P256_4,1,0.78,27,198
cpp_P256_4,1,0.20,4,198
cpp_P256_4,1,0.36,11,198
cpp_P256_4,1,0.12,1,198
cpp_P256_4,1,0.12,1,198
cpp_P256_4,1,0.17,3,198
cpp_P256_4,1,0.15,2,198
cpp_P256_4,1,0.59,20,198
cpp_P256_4,1,0.22,5,198
cpp_P256_4,1,0.20,4,198
cpp_P256_4,1,0.25,6,198
cpp_P256_4,1,0.22,5,198
cpp_P256_4,1,0.25,6,198
cpp_P256_4,1,0.22,5,198
cpp_P256_4,1,0.12,1,198
cpp_P256_4,1,0.27,7,198
cpp_P256_4,1,0.15,2,198
cpp_P256_4,1,0.12,1,198
cpp_P256_4,1,0.30,8,198
cpp_P256_4,1,0.47,15,198
cpp_P256_4,1,0.12,1,198
cpp_P256_4,1,0.15,2,198
cpp_P256_4,1,0.15,2,198
cpp_P256_4,1,0.20,4,198
cpp_P256_4,1,0.12,1,198
cpp_P256_4,1,0.82,29,198
cpp_P256_4,1,0.12,1,198
cpp_P256_4,1,0.15,2,198
cpp_P256_4,1,0.89,32,198
cpp_P256_4,1,0.12,1,198
cpp_P256_4,1,0.12,1,198
cpp_P256_4,1,0.15,2,198
cpp_P256_4,1,0.12,1,198
cpp_P256_4,1,0.25,6,198
cpp_P256_4,1,0.22,5,198
cpp_P256_4,1,0.37,11,198
cpp_P256_4,1,0.22,5,198
cpp_P256_4,1,0.24,6,198
cpp_P256_4,1,0.15,2,198
cpp_P256_4,1,0.12,1,198
cpp_P256_4,1,1.36,51,198
cpp_P256_4,1,0.42,13,198
cpp_P256_4,1,0.35,10,198
cpp_P256_4,1,0.14,2,198
cpp_P256_4,1,0.17,3,198
cpp_P256_4,1,0.30,8,198
cpp_P256_4,1,0.13,1,198
cpp_P256_4,1,0.22,5,198
cpp_P256_4,1,0.12,1,198
cpp_P256_4,1,0.14,2,198
cpp_P256_4,1,0.24,6,198
cpp_P256_4,1,0.12,1,198
cpp_P256_4,1,0.20,4,198
cpp_P256_4,1,0.15,2,198
cpp_P256_4,1,0.22,5,198
cpp_P256_4,1,0.50,16,198
cpp_P256_4,1,0.25,6,198
cpp_P256_4,1,0.15,2,198
cpp_P256_4,1,0.62,21,198
cpp_P256_4,1,0.12,1,198
cpp_P256_4,1,0.27,7,198
cpp_P256_4,1,0.12,1,198
cpp_P256_4,1,0.47,15,198
cpp_P256_4,1,0.25,6,198
cpp_P256_4,1,0.22,5,198
cpp_P256_4,1,0.15,2,198
cpp_P256_4,1,0.18,3,198
cpp_P256_4,1,0.67,23,198
cpp_P256_4,1,0.23,5,198
cpp_P256_4,1,0.20,4,198
sage_P256_3,1,7.06,17,209
cpp_P256_4,1,0.40,12,198
cpp_P256_4,1,0.20,4,198
cpp_P256_4,1,0.17,3,198
cpp_P256_4,1,0.12,1,198
cpp_P256_4,1,0.17,3,198
cpp_P256_4,1,0.15,2,198
cpp_P256_4,1,0.25,6,198
cpp_P256_4,1,0.80,28,198
cpp_P256_4,1,0.12,1,198
cpp_P256_4,1,0.20,4,198
cpp_P256_4,1,0.22,5,198
cpp_P256_4,1,0.27,7,198
cpp_P256_4,1,0.27,7,198
cpp_P256_4,1,0.20,4,198
cpp_P256_4,1,0.12,1,198
cpp_P256_4,1,0.27,7,198
cpp_P256_4,1,0.18,3,198
cpp_P256_4,1,0.15,2,198
cpp_P256_4,1,0.14,1,198
cpp_P256_4,1,0.15,2,198
cpp_P256_4,1,0.23,5,198
cpp_P256_4,1,0.12,1,198
cpp_P256_4,1,0.20,4,198
cpp_P256_4,1,0.18,3,198
cpp_P256_4,1,0.20,4,198
cpp_P256_4,1,0.36,10,198
cpp_P256_4,1,0.15,2,198
cpp_P256_4,1,0.33,9,198
cpp_P256_4,1,0.43,13,198
cpp_P256_4,1,0.20,4,198
cpp_P256_4,1,0.12,1,198
cpp_P256_4,1,0.17,3,198
cpp_P256_4,1,0.91,32,198
cpp_P256_4,1,0.15,2,198
cpp_P256_4,1,0.12,1,198
cpp_P256_4,1,0.17,3,198
cpp_P256_4,1,0.25,6,198
cpp_P256_4,1,0.22,5,198
cpp_P256_4,1,1.11,40,198
cpp_P256_4,1,0.17,3,198
cpp_P256_4,1,0.35,10,198
cpp_P256_4,1,0.15,2,198
cpp_P256_4,1,0.83,28,198
cpp_P256_4,1,0.17,3,198
cpp_P256_4,1,0.48,15,198
cpp_P256_4,1,0.30,8,198
cpp_P256_4,1,0.12,1,198
cpp_P256_4,1,0.67,23,198
cpp_P256_4,1,0.17,3,198
cpp_P256_4,1,0.27,7,198
cpp_P256_4,1,0.32,9,198
cpp_P256_4,1,0.12,1,198
cpp_P256_4,1,0.52,17,198
cpp_P256_4,1,0.20,4,198
cpp_P256_4,1,0.22,5,198
cpp_P256_4,1,0.22,5,198
cpp_P256_4,1,0.15,2,198
cpp_P256_4,1,0.30,8,198
cpp_P256_4,1,0.25,6,198
cpp_P256_4,1,0.72,25,198
cpp_P256_4,1,0.15,2,198
cpp_P256_4,1,0.12,1,198
cpp_P256_4,1,0.25,6,198
cpp_P256_4,1,0.37,11,198
cpp_P256_4,1,0.20,4,198
cpp_P256_4,1,0.12,1,198
cpp_P256_4,1,0.30,8,198
cpp_P256_4,1,0.55,18,198
cpp_P256_4,1,0.53,17,198
cpp_P256_4,1,0.51,16,198
cpp_P256_4,1,0.12,1,198
cpp_P256_4,1,0.12,1,198
cpp_P256_4,1,0.12,1,198
cpp_P256_4,1,0.20,4,198
cpp_P256_4,1,0.22,5,198
cpp_P256_4,1,0.45,14,198
cpp_P256_4,1,0.17,3,198
cpp_P256_4,1,0.12,1,198
cpp_P256_4,1,0.20,4,198
cpp_P256_4,1,0.13,1,198
cpp_P256_4,1,0.15,2,198
cpp_P256_4,1,0.12,1,198
cpp_P256_4,1,0.12,1,198
cpp_P256_4,1,0.12,1,198
cpp_P256_4,1,0.12,1,198
cpp_P256_4,1,0.35,10,198
cpp_P256_4,1,0.12,1,198
cpp_P256_4,1,0.22,5,198
cpp_P256_4,1,0.32,9,198
cpp_P256_4,1,0.22,5,198
cpp_P256_4,1,0.12,1,198
cpp_P256_4,1,0.15,2,198
cpp_P256_4,1,0.20,4,198
cpp_P256_4,1,0.15,2,198
cpp_P256_4,1,0.12,1,198
cpp_P256_4,1,0.30,8,198
cpp_P256_4,1,0.17,3,198
cpp_P256_4,1,0.47,15,198
cpp_P256_4,1,0.12,1,198
cpp_P256_4,1,0.17,3,198
cpp_P256_4,1,0.15,2,198
cpp_P256_4,1,0.12,1,198
cpp_P256_4,1,0.12,1,198
cpp_P256_4,1,0.17,3,198
cpp_P256_4,1,0.20,4,198
cpp_P256_4,1,0.12,1,198
cpp_P256_4,1,0.17,3,198
cpp_P256_4,1,0.25,6,198
cpp_P256_4,1,0.60,20,198
cpp_P256_4,1,0.17,3,198
cpp_P256_4,1,0.20,4,198
cpp_P256_4,1,0.20,4,198
cpp_P256_4,1,0.13,1,198
cpp_P256_4,1,0.12,1,198
cpp_P256_4,1,0.30,8,198
cpp_P256_4,1,0.12,1,198
cpp_P256_4,1,0.28,7,198
cpp_P256_4,1,0.28,7,198
cpp_P256_4,1,0.13,1,198
cpp_P256_4,1,0.18,3,198
cpp_P256_4,1,0.25,6,198
cpp_P256_4,1,0.12,1,198
cpp_P256_4,1,0.12,1,198
cpp_P256_4,1,0.12,1,198
cpp_P256_4,1,0.12,1,198
cpp_P256_4,1,0.15,2,198
cpp_P256_4,1,0.53,17,198
cpp_P256_4,1,0.12,1,198
cpp_P256_4,1,0.28,7,198
cpp_P256_4,1,0.12,1,198
cpp_P256_4,1,0.50,16,198
cpp_P256_4,1,0.54,18,198
cpp_P256_4,1,0.23,5,198
cpp_P256_4,1,0.51,16,198
cpp_P256_4,1,0.94,33,198
sage_P256_4,1,3.72,1,198
sage_P256_4,1,3.75,1,198
sage_P256_4,1,3.73,1,198
sage_P256_4,1,3.97,2,198
sage_P256_4,1,4.68,6,198
sage_P256_4,1,4.49,5,198
sage_P256_4,1,5.29,9,198
sage_P256_4,1,5.63,11,198
sage_P256_4,1,3.72,1,198
sage_P256_4,1,4.54,5,198
sage_P256_4,1,4.13,3,198
sage_P256_4,1,4.14,3,198
sage_P256_4,1,5.44,10,198
sage_P256_4,1,6.78,17,198
sage_P256_4,1,5.97,13,198
sage_P256_4,1,6.21,10,198
sage_P256_4,1,3.93,1,198
sage_P256_4,1,3.73,1,198
sage_P256_4,1,4.34,4,198
sage_P256_4,1,5.08,8,198
sage_P256_4,1,4.12,3,198
sage_P256_4,1,4.26,3,198
sage_P256_4,1,5.44,10,198
sage_P256_4,1,5.11,8,198
sage_P256_4,1,3.79,1,198
sage_P256_4,1,3.99,2,198
sage_P256_4,1,6.10,14,198
sage_P256_4,1,3.86,2,198
sage_P256_4,1,4.37,4,198
sage_P256_4,1,3.81,1,198
sage_P256_4,1,4.88,5,198
sage_P256_4,1,3.76,1,198
sage_P256_4,1,3.99,2,198
sage_P256_4,1,3.74,1,198
sage_P256_4,1,4.90,7,198
sage_P256_4,1,4.12,3,198
sage_P256_4,1,3.99,2,198
sage_P256_4,1,4.12,3,198
sage_P256_4,1,4.57,5,198
sage_P256_4,1,3.94,2,198
sage_P256_4,1,3.94,2,198
sage_P256_4,1,3.81,1,198
sage_P256_4,1,3.72,1,198
sage_P256_4,1,3.99,2,198
sage_P256_4,1,3.83,1,198
sage_P256_4,1,4.36,4,198
sage_P256_4,1,6.17,14,198
sage_P256_4,1,3.72,1,198
sage_P256_4,1,3.93,2,198
sage_P256_4,1,3.73,1,198
sage_P256_4,1,7.05,18,198
sage_P256_4,1,3.96,2,198
sage_P256_4,1,4.09,3,198
sage_P256_4,1,3.72,1,198
sage_P256_4,1,4.71,6,198
sage_P256_4,1,4.13,3,198
sage_P256_4,1,8.08,23,198
sage_P256_4,1,4.04,2,198
sage_P256_4,1,4.00,2,198
sage_P256_4,1,3.76,1,198
sage_P256_4,1,4.89,7,198
sage_P256_4,1,7.12,19,198
sage_P256_4,1,4.57,5,198
sage_P256_4,1,3.87,2,198
sage_P256_4,1,6.50,15,198
sage_P256_4,1,3.93,2,198
sage_P256_4,1,4.17,3,198
sage_P256_4,1,3.97,2,198
sage_P256_4,1,4.23,4,198
sage_P256_4,1,3.79,1,198
sage_P256_4,1,9.14,29,198
sage_P256_4,1,4.57,5,198
sage_P256_4,1,4.39,4,198
sage_P256_4,1,4.14,3,198
sage_P256_4,1,4.16,3,198
sage_P256_4,1,3.92,2,198
sage_P256_4,1,4.14,3,198
sage_P256_4,1,4.82,6,198
sage_P256_4,1,5.71,11,198
sage_P256_4,1,4.53,5,198
sage_P256_4,1,3.76,1,198
sage_P256_4,1,3.81,1,198
sage_P256_4,1,4.17,3,198
sage_P256_4,1,6.36,15,198
sage_P256_4,1,3.92,2,198
sage_P256_4,1,3.76,1,198
sage_P256_4,1,4.32,2,198
sage_P256_4,1,4.40,4,198
sage_P256_4,1,5.19,8,198
sage_P256_4,1,3.81,1,198
sage_P256_4,1,3.72,1,198
sage_P256_4,1,4.16,3,198
sage_P256_4,1,3.71,1,198
sage_P256_4,1,3.92,2,198
sage_P256_4,1,5.16,8,198
sage_P256_4,1,4.35,4,198
sage_P256_4,1,4.18,3,198
sage_P256_4,1,3.83,1,198
sage_P256_4,1,3.75,1,198
sage_P256_4,1,3.81,1,198
sage_P256_4,1,4.07,3,198
sage_P256_4,1,3.86,2,198
sage_P256_4,1,3.81,1,198
sage_P256_4,1,4.81,6,198
sage_P256_4,1,4.75,6,198
sage_P256_4,1,4.42,4,198
sage_P256_4,1,4.53,5,198
sage_P256_4,1,4.24,3,198
sage_P256_4,1,3.89,2,198
sage_P256_4,1,3.87,1,198
sage_P256_4,1,4.19,3,198
sage_P256_4,1,4.16,3,198
sage_P256_4,1,4.74,6,198
sage_P256_4,1,3.84,1,198
sage_P256_4,1,3.72,1,198
sage_P256_4,1,4.01,2,198
sage_P256_4,1,3.91,2,198
sage_P256_4,1,3.66,1,198
sage_P256_4,1,4.00,2,198
sage_P256_4,1,5.14,8,198
sage_P256_4,1,4.12,3,198
sage_P256_4,1,4.34,4,198
sage_P256_4,1,4.69,6,198
sage_P256_4,1,4.02,2,198
sage_P256_4,1,4.27,4,198
sage_P256_4,1,4.25,4,198
sage_P256_4,1,4.63,5,198
sage_P256_4,1,3.84,1,198
sage_P256_4,1,4.34,4,198
sage_P256_4,1,4.58,5,198
sage_P256_4,1,3.93,2,198
sage_P256_4,1,3.76,1,198
sage_P256_4,1,4.17,3,198
sage_P256_4,1,3.85,1,198
sage_P256_4,1,6.25,14,198
sage_P256_4,1,4.74,6,198
sage_P256_4,1,3.82,1,198
sage_P256_4,1,3.87,2,198
sage_P256_4,1,6.22,14,198
sage_P256_4,1,3.81,1,198
sage_P256_4,1,4.53,5,198
sage_P256_4,1,3.93,2,198
sage_P256_4,1,3.87,1,198
sage_P256_4,1,4.23,3,198
sage_P256_4,1,4.91,7,198
sage_P256_4,1,3.76,1,198
sage_P256_4,1,5.87,12,198
sage_P256_4,1,5.07,8,198
sage_P256_4,1,4.14,3,198
sage_P256_4,1,4.11,3,198
sage_P256_4,1,4.26,4,198
sage_P256_4,1,3.76,1,198
sage_P256_4,1,4.68,6,198
sage_P256_4,1,4.76,6,198
sage_P256_4,1,3.77,1,198
sage_P256_4,1,3.83,1,198
sage_P256_4,1,3.94,2,198
sage_P256_4,1,3.93,2,198
sage_P256_4,1,4.27,4,198
sage_P256_4,1,3.98,2,198
sage_P256_4,1,3.95,2,198
sage_P256_4,1,3.79,1,198
sage_P256_4,1,3.75,1,198
sage_P256_4,1,3.81,1,198
sage_P256_4,1,3.76,1,198
sage_P256_4,1,5.55,10,198
sage_P256_4,1,4.30,4,198
sage_P256_4,1,3.78,1,198
sage_P256_4,1,3.78,1,198
sage_P256_4,1,3.74,1,198
sage_P256_4,1,4.11,3,198
sage_P256_4,1,4.08,3,198
sage_P256_4,1,5.70,11,198
sage_P256_4,1,5.12,8,198
sage_P256_4,1,3.76,1,198
sage_P256_4,1,4.52,5,198
sage_P256_4,1,7.55,21,198
sage_P256_4,1,4.00,2,198
sage_P256_4,1,3.79,1,198
sage_P256_4,1,4.18,3,198
sage_P256_4,1,5.75,11,198
sage_P256_4,1,4.96,7,198
sage_P256_4,1,4.77,6,198
sage_P256_4,1,4.35,4,198
sage_P256_4,1,3.93,2,198
sage_P256_4,1,4.17,3,198
sage_P256_4,1,4.11,3,198
sage_P256_4,1,5.64,11,198
sage_P256_4,1,7.74,22,198
sage_P256_4,1,3.88,2,198
sage_P256_4,1,5.17,8,198
sage_P256_4,1,4.35,4,198
sage_P256_4,1,3.98,2,198
sage_P256_4,1,3.75,1,198
sage_P256_4,1,3.77,1,198
sage_P256_4,1,3.76,1,198
sage_P256_4,1,4.38,4,198
sage_P256_4,1,4.23,3,198
sage_P256_4,1,5.36,9,198
sage_P256_4,1,4.59,5,198
sage_P256_4,1,4.43,4,198
sage_P256_4,1,4.31,4,198
sage_P256_4,1,4.53,5,198
sage_P256_4,1,4.96,7,198
sage_P256_4,1,3.98,2,198
sage_P256_4,1,5.81,12,198
sage_P256_4,1,3.95,2,198
sage_P256_4,1,3.76,1,198
sage_P256_4,1,3.77,1,198
sage_P256_4,1,4.64,6,198
sage_P256_4,1,3.72,1,198
sage_P256_4,1,5.09,8,198
sage_P256_4,1,4.36,4,198
sage_P256_4,1,5.13,8,198
sage_P256_4,1,3.78,1,198
sage_P256_4,1,4.52,5,198
sage_P256_4,1,4.13,3,198
sage_P256_4,1,4.56,5,198
sage_P256_4,1,7.11,18,198
sage_P256_4,1,3.92,2,198
sage_P256_4,1,4.01,2,198
sage_P256_4,1,3.78,1,198
sage_P256_4,1,4.02,2,198
sage_P256_4,1,3.73,1,198
sage_P256_4,1,3.98,2,198
sage_P256_4,1,5.31,9,198
sage_P256_4,1,3.80,1,198
sage_P256_4,1,3.78,1,198
sage_P256_4,1,4.48,5,198
sage_P256_4,1,3.66,1,198
sage_P256_4,1,4.18,3,198
sage_P256_4,1,6.47,15,198
sage_P256_4,1,4.02,2,198
sage_P256_4,1,4.18,3,198
sage_P256_4,1,4.92,7,198
sage_P256_4,1,3.80,1,198
sage_P256_4,1,4.57,4,198
sage_P256_4,1,3.69,1,198
sage_P256_4,1,4.19,3,198
sage_P256_4,1,5.80,12,198
sage_P256_4,1,4.83,6,198
sage_P256_4,1,3.97,2,198
sage_P256_4,1,4.73,6,198
cpp_P256_5,1,0.33,10,195
cpp_P256_5,1,0.44,14,195
cpp_P256_5,1,0.24,6,195
cpp_P256_5,1,0.24,6,195
sage_P256_4,1,3.84,1,198
cpp_P256_5,1,0.22,5,195
cpp_P256_5,1,0.13,1,195
cpp_P256_5,1,0.15,2,195
cpp_P256_5,1,0.20,4,195
sage_P256_4,1,4.02,3,198
cpp_P256_5,1,0.45,14,195
cpp_P256_5,1,0.22,5,195
cpp_P256_5,1,0.51,17,195
sage_P256_4,1,4.40,4,198
cpp_P256_5,1,0.38,12,195
sage_P256_4,1,3.76,1,198
cpp_P256_5,1,0.33,9,195
cpp_P256_5,1,0.60,20,195
cpp_P256_5,1,0.62,22,195
cpp_P256_5,1,0.18,3,195
cpp_P256_5,1,0.13,1,195
cpp_P256_5,1,0.12,1,195
cpp_P256_5,1,0.34,10,195
cpp_P256_5,1,0.67,24,195
cpp_P256_5,1,0.42,13,195
cpp_P256_5,1,0.47,15,195
cpp_P256_5,1,0.18,3,195
cpp_P256_5,1,0.15,2,195
cpp_P256_5,1,0.50,15,195
cpp_P256_5,1,0.65,22,195
cpp_P256_5,1,0.52,17,195
sage_P256_4,1,3.94,2,198
cpp_P256_5,1,0.15,2,195
sage_P256_4,1,8.79,27,198
cpp_P256_5,1,1.29,48,195
cpp_P256_5,1,0.30,8,195
cpp_P256_5,1,2.01,76,195
cpp_P256_5,1,0.93,34,195
cpp_P256_5,1,0.22,4,195
sage_P256_4,1,4.33,4,198
cpp_P256_5,1,0.21,4,195
cpp_P256_5,1,0.63,21,195
cpp_P256_5,1,0.20,4,195
cpp_P256_5,1,1.14,42,195
cpp_P256_5,1,0.30,8,195
cpp_P256_5,1,0.17,3,195
cpp_P256_5,1,0.70,24,195
cpp_P256_5,1,0.12,1,195
cpp_P256_5,1,0.69,24,195
cpp_P256_5,1,0.30,8,195
cpp_P256_5,1,0.15,2,195
cpp_P256_5,1,0.54,18,195
cpp_P256_5,1,0.71,25,195
cpp_P256_5,1,0.17,3,195
cpp_P256_5,1,0.27,7,195
cpp_P256_5,1,0.32,9,195
cpp_P256_5,1,0.27,7,195
cpp_P256_5,1,0.25,6,195
cpp_P256_5,1,0.30,8,195
cpp_P256_5,1,0.22,5,195
cpp_P256_5,1,0.12,1,195
cpp_P256_5,1,0.59,20,195
cpp_P256_5,1,0.30,8,195
cpp_P256_5,1,0.37,11,195
cpp_P256_5,1,0.20,4,195
cpp_P256_5,1,0.57,19,195
cpp_P256_5,1,0.44,14,195
cpp_P256_5,1,0.51,17,195
cpp_P256_5,1,0.67,23,195
cpp_P256_5,1,1.32,50,195
cpp_P256_5,1,0.15,2,195
cpp_P256_5,1,0.19,4,195
cpp_P256_5,1,0.62,21,195
cpp_P256_5,1,0.12,1,195
cpp_P256_5,1,0.30,8,195
cpp_P256_5,1,0.18,3,195
cpp_P256_5,1,0.20,4,195
cpp_P256_5,1,0.47,15,195
cpp_P256_5,1,0.52,17,195
cpp_P256_5,1,0.39,12,195
cpp_P256_5,1,0.55,18,195
cpp_P256_5,1,0.20,4,195
cpp_P256_5,1,0.18,3,195
cpp_P256_5,1,0.78,27,195
cpp_P256_5,1,2.49,96,195
cpp_P256_5,1,0.21,4,195
cpp_P256_5,1,0.53,18,195
cpp_P256_5,1,0.78,27,195
cpp_P256_5,1,0.44,13,195
cpp_P256_5,1,0.15,2,195
cpp_P256_5,1,0.22,5,195
cpp_P256_5,1,0.13,1,195
cpp_P256_5,1,0.31,9,195
cpp_P256_5,1,0.59,19,195
cpp_P256_5,1,2.43,92,195
cpp_P256_5,0,2.57,0,195
cpp_P256_5,1,0.58,18,195
cpp_P256_5,1,0.13,1,195
cpp_P256_5,0,2.50,0,195
cpp_P256_5,1,0.20,4,195
cpp_P256_5,1,0.20,4,195
cpp_P256_5,1,1.27,46,195
cpp_P256_5,1,0.73,26,195
cpp_P256_5,1,0.34,10,195
cpp_P256_5,1,0.15,2,195
cpp_P256_5,1,0.78,27,195
cpp_P256_5,1,0.86,30,195
cpp_P256_5,1,0.19,4,195
cpp_P256_5,1,0.42,13,195
cpp_P256_5,1,0.70,24,195
cpp_P256_5,1,0.60,20,195
cpp_P256_5,1,0.22,5,195
cpp_P256_5,1,0.20,4,195
cpp_P256_5,1,0.19,4,195
cpp_P256_5,1,0.71,24,195
cpp_P256_5,1,1.17,43,195
cpp_P256_5,1,0.12,1,195
cpp_P256_5,1,0.17,3,195
cpp_P256_5,1,0.35,10,195
cpp_P256_5,0,2.58,0,195
cpp_P256_5,1,0.51,17,195
cpp_P256_5,1,0.68,23,195
cpp_P256_5,1,1.12,41,195
cpp_P256_5,1,0.12,1,195
cpp_P256_5,1,0.41,12,195
cpp_P256_5,1,0.23,5,195
cpp_P256_5,1,0.21,4,195
cpp_P256_5,1,0.27,7,195
cpp_P256_5,1,0.13,1,195
cpp_P256_5,1,0.22,5,195
cpp_P256_5,1,1.82,69,195
cpp_P256_5,1,0.12,1,195
cpp_P256_5,1,0.15,2,195
cpp_P256_5,1,0.35,10,195
cpp_P256_5,1,0.15,2,195
cpp_P256_5,1,0.20,4,195
cpp_P256_5,1,0.15,2,195
cpp_P256_5,1,0.40,12,195
cpp_P256_5,1,0.18,3,195
cpp_P256_5,1,0.13,1,195
cpp_P256_5,1,0.60,21,195
cpp_P256_5,0,2.49,0,195
cpp_P256_5,1,0.47,15,195
cpp_P256_5,1,0.49,16,195
cpp_P256_5,1,0.85,30,195
cpp_P256_5,1,0.55,18,195
cpp_P256_5,1,0.43,14,195
cpp_P256_5,1,0.46,15,195
cpp_P256_5,1,0.22,5,195
cpp_P256_5,1,0.12,1,195
cpp_P256_5,1,0.30,8,195
cpp_P256_5,1,0.14,2,195
cpp_P256_5,1,0.36,11,195
cpp_P256_5,0,2.55,0,195
cpp_P256_5,1,0.17,3,195
cpp_P256_5,1,0.34,10,195
cpp_P256_5,1,2.53,98,195
cpp_P256_5,1,0.25,6,195
cpp_P256_5,1,0.25,6,195
cpp_P256_5,1,1.17,43,195
cpp_P256_5,1,0.17,3,195
cpp_P256_5,1,0.32,9,195
cpp_P256_5,1,0.99,36,195
cpp_P256_5,1,0.22,5,195
cpp_P256_5,1,1.31,49,195
cpp_P256_5,1,0.16,2,195
cpp_P256_5,1,0.33,9,195
cpp_P256_5,1,0.79,28,195
cpp_P256_5,1,1.37,51,195
cpp_P256_5,1,0.25,6,195
cpp_P256_5,1,0.33,9,195
cpp_P256_5,1,0.20,4,195
cpp_P256_5,1,0.14,2,195
cpp_P256_5,1,0.18,3,195
cpp_P256_5,1,0.13,1,195
cpp_P256_5,1,0.25,6,195
cpp_P256_5,1,0.12,1,195
cpp_P256_5,1,0.55,18,195
cpp_P256_5,1,0.36,10,195
cpp_P256_5,1,0.43,13,195
cpp_P256_5,1,0.27,7,195
cpp_P256_5,1,1.32,50,195
cpp_P256_5,1,1.19,44,195
cpp_P256_5,1,0.39,12,195
cpp_P256_5,1,0.14,1,195
cpp_P256_5,1,0.43,13,195
cpp_P256_5,1,0.48,15,195
cpp_P256_5,1,0.23,5,195
cpp_P256_5,1,0.92,33,195
cpp_P256_5,1,0.24,6,195
cpp_P256_5,1,0.32,9,195
cpp_P256_5,1,0.12,1,195
cpp_P256_5,1,0.37,11,195
cpp_P256_5,1,0.20,4,195
cpp_P256_5,1,0.22,5,195
cpp_P256_5,1,0.54,18,195
cpp_P256_5,1,0.86,31,195
cpp_P256_5,1,1.11,41,195
cpp_P256_5,1,0.84,30,195
cpp_P256_5,1,0.76,27,195
cpp_P256_5,1,0.18,3,195
cpp_P256_5,1,0.27,7,195
cpp_P256_5,1,2.39,93,195
cpp_P256_5,1,0.65,22,195
cpp_P256_5,1,0.93,33,195
cpp_P256_5,1,0.20,4,195
cpp_P256_5,1,0.22,5,195
cpp_P256_5,1,2.09,81,195
cpp_P256_5,1,0.85,30,195
cpp_P256_5,1,1.06,40,195
cpp_P256_5,1,0.20,4,195
cpp_P256_5,1,1.30,50,195
cpp_P256_5,1,0.15,2,195
cpp_P256_5,1,0.34,10,195
cpp_P256_5,1,0.24,6,195
cpp_P256_5,1,0.73,25,195
cpp_P256_5,1,0.22,5,195
cpp_P256_5,1,1.84,70,195
cpp_P256_5,1,0.27,7,195
cpp_P256_5,1,0.49,16,195
cpp_P256_5,1,0.22,5,195
cpp_P256_5,1,1.00,36,195
cpp_P256_5,1,1.12,41,195
cpp_P256_5,1,0.12,1,195
cpp_P256_5,1,1.07,39,195
cpp_P256_5,1,0.30,8,195
cpp_P256_5,1,1.52,57,195
cpp_P256_5,1,0.12,1,195
cpp_P256_5,1,0.14,2,195
cpp_P256_5,1,0.55,18,195
cpp_P256_5,1,0.45,14,195
cpp_P256_5,1,0.35,10,195
cpp_P256_5,1,0.30,8,195
cpp_P256_5,1,0.15,2,195
cpp_P256_5,1,0.50,16,195
cpp_P256_5,1,0.20,4,195
cpp_P256_5,1,0.79,29,195
cpp_P256_5,1,0.20,4,195
cpp_P256_5,1,0.13,1,195
cpp_P256_5,1,0.18,3,195
cpp_P256_5,1,0.35,10,195
cpp_P256_5,1,0.34,9,195
cpp_P256_5,1,0.13,1,195
cpp_P256_5,1,0.32,9,195
cpp_P256_5,1,0.74,26,195
cpp_P256_5,1,0.12,1,195
cpp_P256_5,1,0.23,5,195
cpp_P256_5,1,0.47,15,195
cpp_P256_5,1,0.31,9,195
cpp_P256_5,1,0.50,17,195
cpp_P256_5,1,0.37,11,195
cpp_P256_5,1,0.66,23,195
cpp_P256_5,1,1.48,55,195
cpp_P256_5,1,0.78,27,195
cpp_P256_5,1,1.47,55,195
cpp_P256_5,1,1.15,43,195
cpp_P256_5,0,2.59,0,195
sage_P256_5,1,4.42,4,195
sage_P256_5,1,4.85,7,195
sage_P256_5,1,4.12,3,195
sage_P256_5,1,4.69,6,195
sage_P256_5,1,6.07,13,195
sage_P256_5,1,6.03,13,195
sage_P256_5,1,9.21,30,195
sage_P256_5,1,5.67,11,195
sage_P256_5,1,5.57,10,195
sage_P256_5,1,5.49,10,195
sage_P256_5,1,4.97,7,195
sage_P256_5,1,5.13,8,195
sage_P256_5,1,4.88,7,195
sage_P256_5,1,17.51,74,195
sage_P256_5,1,9.95,34,195
sage_P256_5,1,4.59,5,195
sage_P256_5,1,5.26,9,195
sage_P256_5,1,3.75,1,195
sage_P256_5,1,8.27,25,195
sage_P256_5,1,3.99,2,195
sage_P256_5,1,5.98,13,195
sage_P256_5,1,4.13,3,195
sage_P256_5,1,12.89,49,195
sage_P256_5,1,7.45,21,195
sage_P256_5,1,4.08,3,195
sage_P256_5,1,14.31,57,195
sage_P256_5,1,3.83,1,195
sage_P256_5,1,5.70,12,195
sage_P256_5,1,9.74,30,195
sage_P256_5,1,5.16,8,195
sage_P256_5,1,5.36,9,195
sage_P256_5,1,9.84,33,195
sage_P256_5,1,5.40,9,195
sage_P256_5,1,4.64,5,195
sage_P256_5,1,10.92,40,195
sage_P256_5,1,4.98,7,195
sage_P256_5,1,7.69,21,195
sage_P256_5,1,7.66,21,195
sage_P256_5,1,3.99,2,195
sage_P256_5,1,8.45,25,195
sage_P256_5,1,5.98,12,195
sage_P256_5,1,5.83,11,195
sage_P256_5,1,6.01,12,195
sage_P256_5,1,8.07,23,195
sage_P256_5,1,5.67,12,195
sage_P256_5,1,7.36,19,195
sage_P256_5,1,12.47,46,195
sage_P256_5,1,7.18,15,195
sage_P256_5,1,3.91,1,195
sage_P256_5,1,4.42,4,195
sage_P256_5,1,5.36,9,195
sage_P256_5,1,6.60,17,195
sage_P256_5,1,8.94,29,195
sage_P256_5,1,4.22,3,195
sage_P256_5,1,7.95,23,195
sage_P256_5,1,5.27,9,195
sage_P256_5,1,9.95,34,195
sage_P256_5,1,4.99,8,195
sage_P256_5,1,13.99,55,195
sage_P256_5,1,15.58,64,195
sage_P256_5,1,3.87,1,195
sage_P256_5,1,9.39,31,195
sage_P256_5,1,4.23,3,195
sage_P256_5,1,4.43,4,195
sage_P256_5,1,4.16,3,195
sage_P256_5,1,4.15,3,195
sage_P256_5,1,5.10,8,195
sage_P256_5,1,4.49,5,195
sage_P256_5,1,13.50,53,195
sage_P256_5,1,3.77,1,195
sage_P256_5,1,4.79,6,195
sage_P256_5,1,4.38,4,195
sage_P256_5,1,5.15,8,195
sage_P256_5,1,4.80,6,195
sage_P256_5,1,4.95,7,195
sage_P256_5,1,3.80,1,195
sage_P256_5,1,3.82,1,195
sage_P256_5,1,16.60,69,195
sage_P256_5,1,4.92,7,195
sage_P256_5,1,6.83,17,195
sage_P256_5,1,11.97,46,195
sage_P256_5,1,7.43,20,195
sage_P256_5,1,4.20,3,195
sage_P256_5,1,5.57,11,195
sage_P256_5,1,5.89,12,195
sage_P256_5,1,7.42,20,195
sage_P256_5,1,4.07,2,195
sage_P256_5,1,5.19,8,195
sage_P256_5,1,3.70,1,195
sage_P256_5,1,3.79,1,195
sage_P256_5,1,4.02,2,195
sage_P256_5,1,5.75,11,195
sage_P256_5,1,7.13,18,195
sage_P256_5,1,14.90,61,195
sage_P256_5,1,6.12,13,195
sage_P256_5,1,3.87,1,195
sage_P256_5,1,4.97,7,195
sage_P256_5,1,6.12,13,195
sage_P256_5,1,4.30,4,195
sage_P256_5,1,10.75,38,195
sage_P256_5,1,4.18,3,195
sage_P256_5,1,9.23,30,195
sage_P256_5,1,4.08,3,195
sage_P256_5,1,5.93,12,195
sage_P256_5,1,11.67,44,195
sage_P256_5,1,17.41,75,195
sage_P256_5,1,5.74,11,195
sage_P256_5,1,4.20,3,195
sage_P256_5,1,4.27,3,195
sage_P256_5,1,4.34,4,195
sage_P256_5,1,4.06,2,195
sage_P256_5,1,5.12,8,195
sage_P256_5,1,4.51,5,195
sage_P256_5,1,3.78,1,195
sage_P256_5,1,4.05,2,195
sage_P256_5,1,15.08,61,195
sage_P256_5,1,4.76,6,195
sage_P256_5,1,3.86,1,195
sage_P256_5,1,4.36,4,195
sage_P256_5,1,3.91,1,195
sage_P256_5,1,4.41,4,195
sage_P256_5,1,4.42,4,195
sage_P256_5,1,4.10,2,195
sage_P256_5,1,6.09,13,195
sage_P256_5,1,6.60,16,195
sage_P256_5,1,4.44,4,195
sage_P256_5,1,5.21,8,195
sage_P256_5,1,4.66,5,195
sage_P256_5,1,8.56,26,195
sage_P256_5,1,3.89,1,195
sage_P256_5,1,7.67,21,195
sage_P256_5,1,4.36,4,195
sage_P256_5,1,3.95,2,195
sage_P256_5,1,6.61,13,195
sage_P256_5,1,5.09,8,195
sage_P256_5,1,4.00,2,195
sage_P256_5,1,7.37,20,195
sage_P256_5,1,3.86,1,195
sage_P256_5,1,4.79,6,195
sage_P256_5,1,5.26,9,195
sage_P256_5,1,5.64,11,195
sage_P256_5,1,7.16,19,195
sage_P256_5,1,5.89,12,195
sage_P256_5,1,3.79,1,195
sage_P256_5,1,5.14,8,195
sage_P256_5,1,7.04,18,195
sage_P256_5,1,4.61,5,195
sage_P256_5,1,4.20,3,195
sage_P256_5,1,3.85,1,195
sage_P256_5,1,3.85,1,195
sage_P256_5,1,4.79,6,195
sage_P256_5,1,4.45,4,195
sage_P256_5,1,4.79,6,195
sage_P256_5,1,4.15,3,195
sage_P256_5,1,12.20,46,195
sage_P256_5,1,6.04,13,195
sage_P256_5,1,6.61,16,195
sage_P256_5,1,4.98,7,195
sage_P256_5,1,5.43,10,195
sage_P256_5,1,7.33,20,195
sage_P256_5,1,4.77,6,195
sage_P256_5,1,3.84,1,195
sage_P256_5,1,5.70,11,195
sage_P256_5,1,8.30,25,195
sage_P256_5,1,5.31,9,195
sage_P256_5,1,3.78,1,195
sage_P256_5,1,10.64,38,195
sage_P256_5,1,7.65,22,195
sage_P256_5,1,4.01,2,195
sage_P256_5,1,8.75,28,195
sage_P256_5,1,4.00,2,195
sage_P256_5,1,5.56,11,195
sage_P256_5,1,4.12,3,195
sage_P256_5,1,4.35,4,195
sage_P256_5,1,4.34,4,195
sage_P256_5,1,4.40,4,195
sage_P256_5,1,5.06,8,195
sage_P256_5,1,6.24,14,195
sage_P256_5,1,6.72,16,195
sage_P256_5,1,4.13,3,195
sage_P256_5,1,3.80,1,195
sage_P256_5,1,7.78,22,195
sage_P256_5,1,4.76,6,195
sage_P256_5,1,11.65,43,195
sage_P256_5,1,4.34,4,195
sage_P256_5,1,4.15,3,195
sage_P256_5,1,7.60,21,195
sage_P256_5,1,4.06,2,195
sage_P256_5,1,5.28,9,195
sage_P256_5,1,3.81,1,195
sage_P256_5,1,6.97,18,195
sage_P256_5,1,4.74,6,195
sage_P256_5,1,5.53,10,195
sage_P256_5,1,6.26,14,195
sage_P256_5,1,5.82,12,195
sage_P256_5,1,4.20,3,195
sage_P256_5,1,6.76,17,195
sage_P256_5,1,4.01,2,195
sage_P256_5,1,4.15,3,195
sage_P256_5,1,5.78,11,195
sage_P256_5,1,4.50,5,195
sage_P256_5,1,8.51,26,195
sage_P256_5,1,4.31,4,195
sage_P256_5,1,5.11,8,195
sage_P256_5,1,4.23,3,195
sage_P256_5,1,4.78,6,195
sage_P256_5,1,5.90,12,195
sage_P256_5,1,4.22,3,195
sage_P256_5,1,5.17,8,195
sage_P256_5,1,4.35,4,195
sage_P256_5,1,4.97,5,195
sage_P256_5,1,17.20,73,195
sage_P256_5,1,4.39,4,195
sage_P256_5,1,10.64,38,195
sage_P256_5,1,6.10,14,195
sage_P256_5,1,3.99,2,195
sage_P256_5,1,5.14,8,195
sage_P256_5,1,4.06,2,195
sage_P256_5,1,5.41,10,195
sage_P256_5,1,10.97,39,195
sage_P256_5,1,4.65,5,195
sage_P256_5,1,4.79,6,195
sage_P256_5,1,5.76,11,195
sage_P256_5,1,5.44,10,195
sage_P256_5,1,5.20,8,195
sage_P256_5,1,4.03,2,195
sage_P256_5,1,4.09,3,195
sage_P256_5,1,5.17,8,195
sage_P256_5,1,4.04,2,195
sage_P256_5,1,5.52,10,195
sage_P256_5,1,10.25,35,195
sage_P256_5,1,3.84,1,195
sage_P256_5,1,3.88,2,195
sage_P256_5,1,4.22,3,195
sage_P256_5,1,14.47,59,195
sage_P256_5,1,3.89,1,195
sage_P256_5,1,12.80,49,195
sage_P256_5,1,9.13,29,195
sage_P256_5,1,5.47,10,195
sage_P256_5,1,7.41,20,195
sage_P256_5,1,4.56,5,195
sage_P256_5,1,4.20,3,195
sage_P256_5,1,5.46,10,195
cpp_P256_6,1,0.27,7,193
sage_P256_5,1,3.83,1,195
sage_P256_5,1,6.49,15,195
cpp_P256_6,1,0.96,36,193
cpp_P256_6,1,0.44,13,193
sage_P256_5,1,10.94,39,195
cpp_P256_6,1,1.53,57,193
cpp_P256_6,1,1.08,41,193
sage_P256_5,1,3.88,2,195
cpp_P256_6,1,0.48,15,193
cpp_P256_6,1,0.23,5,193
cpp_P256_6,1,0.29,8,193
cpp_P256_6,1,1.16,42,193
cpp_P256_6,1,0.20,4,193
cpp_P256_6,1,0.13,1,193
cpp_P256_6,1,0.42,13,193
cpp_P256_6,1,0.66,23,193
cpp_P256_6,1,0.65,22,193
cpp_P256_6,1,0.15,2,193
cpp_P256_6,1,1.48,57,193
cpp_P256_6,1,0.40,12,193
cpp_P256_6,1,0.27,7,193
cpp_P256_6,1,0.81,29,193
cpp_P256_6,1,0.41,13,193
cpp_P256_6,1,2.07,81,193
cpp_P256_6,0,2.47,0,193
cpp_P256_6,1,0.18,3,193
cpp_P256_6,1,1.11,41,193
cpp_P256_6,1,0.22,5,193
cpp_P256_6,1,0.74,26,193
cpp_P256_6,1,0.20,4,193
cpp_P256_6,1,0.83,29,193
cpp_P256_6,1,0.35,10,193
cpp_P256_6,1,2.02,78,193
cpp_P256_6,1,0.18,3,193
sage_P256_5,1,6.25,14,195
cpp_P256_6,1,2.35,90,193
cpp_P256_6,1,0.63,21,193
cpp_P256_6,1,0.13,1,193
cpp_P256_6,1,0.75,25,193
cpp_P256_6,1,1.00,36,193
cpp_P256_6,1,0.35,10,193
cpp_P256_6,1,1.01,37,193
cpp_P256_6,1,1.67,65,193
cpp_P256_6,1,1.02,38,193
cpp_P256_6,1,1.48,57,193
cpp_P256_6,1,0.20,4,193
cpp_P256_6,1,2.24,88,193
cpp_P256_6,1,0.22,5,193
cpp_P256_6,0,2.48,0,193
cpp_P256_6,1,0.90,33,193
cpp_P256_6,1,0.15,2,193
cpp_P256_6,1,0.90,33,193
cpp_P256_6,0,2.48,0,193
sage_P256_5,1,11.12,40,195
cpp_P256_6,1,0.15,2,193
cpp_P256_6,1,0.61,21,193
cpp_P256_6,1,0.58,20,193
cpp_P256_6,1,1.17,44,193
cpp_P256_6,1,0.13,1,193
cpp_P256_6,1,0.30,8,193
cpp_P256_6,1,0.28,7,193
cpp_P256_6,1,1.42,54,193
cpp_P256_6,1,0.13,1,193
cpp_P256_6,1,0.20,4,193
cpp_P256_6,1,0.13,1,193
sage_P256_5,1,10.90,37,195
cpp_P256_6,1,0.85,30,193
cpp_P256_6,1,0.63,22,193
cpp_P256_6,1,0.25,6,193
cpp_P256_6,1,0.13,1,193
cpp_P256_6,1,0.39,12,193
cpp_P256_6,1,0.32,9,193
cpp_P256_6,0,2.50,0,193
cpp_P256_6,1,0.16,2,193
cpp_P256_6,1,0.52,17,193
cpp_P256_6,0,2.49,0,193
cpp_P256_6,1,0.22,5,193
cpp_P256_6,1,0.51,17,193
cpp_P256_6,1,0.20,4,193
cpp_P256_6,1,0.27,7,193
cpp_P256_6,1,1.26,47,193
cpp_P256_6,1,1.10,41,193
cpp_P256_6,1,1.58,60,193
cpp_P256_6,1,0.41,12,193
cpp_P256_6,1,0.17,3,193
cpp_P256_6,1,0.47,15,193
cpp_P256_6,1,0.62,21,193
cpp_P256_6,1,0.20,4,193
cpp_P256_6,1,1.93,75,193
cpp_P256_6,1,0.27,7,193
cpp_P256_6,1,0.17,3,193
cpp_P256_6,1,0.70,25,193
cpp_P256_6,1,0.20,4,193
cpp_P256_6,1,0.78,28,193
cpp_P256_6,1,0.15,2,193
cpp_P256_6,1,0.68,24,193
cpp_P256_6,0,2.50,0,193
cpp_P256_6,1,0.78,28,193
cpp_P256_6,1,0.15,2,193
cpp_P256_6,1,0.97,36,193
cpp_P256_6,1,0.77,27,193
cpp_P256_6,1,0.60,21,193
cpp_P256_6,1,0.37,11,193
cpp_P256_6,1,0.13,1,193
cpp_P256_6,1,0.39,12,193
cpp_P256_6,0,2.47,0,193
cpp_P256_6,1,0.59,20,193
cpp_P256_6,1,0.93,34,193
cpp_P256_6,1,0.17,3,193
cpp_P256_6,1,0.15,2,193
cpp_P256_6,1,0.35,10,193
cpp_P256_6,1,0.32,9,193
cpp_P256_6,1,0.42,13,193
cpp_P256_6,1,0.25,6,193
cpp_P256_6,1,0.44,14,193
cpp_P256_6,1,0.29,8,193
cpp_P256_6,1,0.27,7,193
cpp_P256_6,1,0.18,3,193
cpp_P256_6,1,1.14,43,193
cpp_P256_6,1,0.89,32,193
cpp_P256_6,1,0.13,1,193
cpp_P256_6,0,2.49,0,193
cpp_P256_6,1,0.45,14,193
cpp_P256_6,1,0.25,6,193
cpp_P256_6,1,1.08,40,193
cpp_P256_6,1,0.27,7,193
cpp_P256_6,1,0.13,1,193
cpp_P256_6,1,0.18,3,193
cpp_P256_6,1,1.88,74,193
cpp_P256_6,1,0.18,3,193
cpp_P256_6,1,1.59,61,193
cpp_P256_6,1,0.18,3,193
cpp_P256_6,1,1.16,43,193
cpp_P256_6,1,0.60,20,193
cpp_P256_6,1,0.33,9,193
cpp_P256_6,1,0.24,5,193
cpp_P256_6,1,0.49,16,193
cpp_P256_6,1,0.27,7,193
cpp_P256_6,1,0.91,33,193
cpp_P256_6,1,0.34,10,193
cpp_P256_6,1,1.47,56,193
cpp_P256_6,1,1.21,45,193
cpp_P256_6,1,0.40,12,193
cpp_P256_6,1,0.24,6,193
cpp_P256_6,1,0.82,29,193
cpp_P256_6,1,0.12,1,193
cpp_P256_6,1,0.20,4,193
cpp_P256_6,1,0.42,13,193
cpp_P256_6,1,1.45,55,193
cpp_P256_6,1,0.50,16,193
cpp_P256_6,1,0.78,28,193
cpp_P256_6,1,0.69,24,193
cpp_P256_6,1,0.56,19,193
cpp_P256_6,1,0.71,25,193
cpp_P256_6,1,1.20,45,193
cpp_P256_6,1,0.39,12,193
cpp_P256_6,1,0.25,6,193
cpp_P256_6,1,0.73,26,193
cpp_P256_6,1,2.10,82,193
cpp_P256_6,1,0.17,3,193
cpp_P256_6,1,0.29,8,193
cpp_P256_6,1,0.23,5,193
cpp_P256_6,1,1.47,56,193
cpp_P256_6,1,1.22,46,193
cpp_P256_6,1,0.13,1,193
cpp_P256_6,1,0.16,2,193
cpp_P256_6,1,0.20,4,193
cpp_P256_6,1,0.48,15,193
cpp_P256_6,1,0.65,23,193
cpp_P256_6,1,0.22,5,193
cpp_P256_6,1,0.55,18,193
cpp_P256_6,1,0.61,21,193
cpp_P256_6,1,0.46,15,193
cpp_P256_6,1,0.51,17,193
cpp_P256_6,1,0.37,11,193
cpp_P256_6,1,1.61,61,193
cpp_P256_6,1,0.42,13,193
cpp_P256_6,1,0.88,32,193
cpp_P256_6,1,0.23,5,193
cpp_P256_6,1,0.13,1,193
cpp_P256_6,1,0.20,4,193
cpp_P256_6,1,0.38,11,193
cpp_P256_6,1,0.31,8,193
cpp_P256_6,1,0.67,23,193
cpp_P256_6,1,0.38,11,193
cpp_P256_6,1,1.34,50,193
cpp_P256_6,1,0.37,10,193
cpp_P256_6,0,2.56,0,193
cpp_P256_6,1,0.81,28,193
cpp_P256_6,1,0.37,11,193
cpp_P256_6,1,0.49,15,193
cpp_P256_6,1,0.58,19,193
cpp_P256_6,1,0.17,3,193
cpp_P256_6,1,0.42,13,193
cpp_P256_6,1,1.19,44,193
cpp_P256_6,1,1.91,74,193
cpp_P256_6,1,2.53,99,193
cpp_P256_6,1,0.16,2,193
cpp_P256_6,1,0.71,25,193
cpp_P256_6,1,0.50,16,193
cpp_P256_6,1,0.13,1,193
cpp_P256_6,0,2.56,0,193
cpp_P256_6,1,0.68,23,193
cpp_P256_6,1,0.54,18,193
cpp_P256_6,1,0.79,28,193
cpp_P256_6,0,2.52,0,193
cpp_P256_6,1,0.78,28,193
cpp_P256_6,1,0.59,20,193
cpp_P256_6,1,0.32,9,193
cpp_P256_6,1,0.97,36,193
cpp_P256_6,1,1.75,67,193
cpp_P256_6,1,0.63,22,193
cpp_P256_6,1,0.23,5,193
cpp_P256_6,1,0.47,15,193
cpp_P256_6,1,0.80,29,193
cpp_P256_6,1,0.18,3,193
cpp_P256_6,1,0.18,3,193
cpp_P256_6,1,0.27,7,193
cpp_P256_6,1,0.63,22,193
cpp_P256_6,1,1.26,48,193
cpp_P256_6,1,0.37,11,193
cpp_P256_6,1,0.15,2,193
cpp_P256_6,1,0.22,5,193
cpp_P256_6,1,0.20,4,193
cpp_P256_6,1,0.13,1,193
cpp_P256_6,1,0.32,9,193
cpp_P256_6,1,0.18,3,193
cpp_P256_6,1,0.86,31,193
cpp_P256_6,1,0.52,17,193
cpp_P256_6,1,1.37,53,193
cpp_P256_6,1,0.18,3,193
cpp_P256_6,1,0.42,13,193
cpp_P256_6,1,0.25,6,193
cpp_P256_6,1,0.30,8,193
cpp_P256_6,1,0.27,7,193
cpp_P256_6,1,0.29,8,193
cpp_P256_6,1,0.46,15,193
cpp_P256_6,1,0.39,12,193
cpp_P256_6,1,0.59,20,193
cpp_P256_6,1,0.15,2,193
cpp_P256_6,1,0.20,4,193
cpp_P256_6,1,1.33,51,193
cpp_P256_6,1,0.61,21,193
cpp_P256_6,1,0.42,13,193
cpp_P256_6,1,0.52,17,193
cpp_P256_6,1,1.16,44,193
cpp_P256_6,1,0.23,5,193
cpp_P256_6,1,0.28,7,193
cpp_P256_6,1,0.52,17,193
cpp_P256_6,1,0.72,25,193
cpp_P256_6,1,0.46,15,193
cpp_P256_6,1,1.34,50,193
cpp_P256_6,1,1.60,61,193
cpp_P256_6,1,1.26,47,193
cpp_P256_6,1,1.21,45,193
cpp_P256_6,1,2.21,86,193
sage_P256_6,1,4.36,4,193
sage_P256_6,1,4.61,5,193
sage_P256_6,1,5.10,8,193
sage_P256_6,1,5.42,10,193
sage_P256_6,1,7.20,19,193
sage_P256_6,1,7.44,21,193
sage_P256_6,1,8.18,25,193
sage_P256_6,1,3.92,1,193
sage_P256_6,1,10.84,38,193
sage_P256_6,1,4.04,2,193
sage_P256_6,1,3.83,1,193
sage_P256_6,1,4.28,3,193
sage_P256_6,1,5.56,11,193
sage_P256_6,1,7.07,18,193
sage_P256_6,1,9.42,31,193
sage_P256_6,1,5.12,8,193
sage_P256_6,1,5.14,8,193
sage_P256_6,1,5.14,8,193
sage_P256_6,1,3.88,1,193
sage_P256_6,1,5.69,11,193
sage_P256_6,1,5.95,12,193
sage_P256_6,1,5.82,12,193
sage_P256_6,1,9.81,33,193
sage_P256_6,1,6.20,14,193
sage_P256_6,1,9.81,26,193
sage_P256_6,1,4.19,3,193
sage_P256_6,1,6.49,16,193
sage_P256_6,1,21.74,99,193
sage_P256_6,1,4.30,4,193
sage_P256_6,1,18.50,82,193
sage_P256_6,1,5.62,11,193
sage_P256_6,1,9.72,33,193
sage_P256_6,1,7.45,21,193
sage_P256_6,1,6.62,16,193
sage_P256_6,1,5.77,11,193
sage_P256_6,1,16.87,73,193
sage_P256_6,1,4.61,5,193
sage_P256_6,1,4.41,4,193
sage_P256_6,1,7.96,24,193
sage_P256_6,1,10.28,36,193
sage_P256_6,1,4.78,6,193
sage_P256_6,1,6.58,16,193
sage_P256_6,1,4.88,7,193
sage_P256_6,1,4.04,2,193
sage_P256_6,1,4.31,3,193
sage_P256_6,1,9.68,33,193
sage_P256_6,1,11.91,45,193
sage_P256_6,1,3.77,1,193
sage_P256_6,1,4.61,5,193
sage_P256_6,0,21.63,0,193
sage_P256_6,1,6.22,14,193
sage_P256_6,1,7.80,22,193
sage_P256_6,1,4.61,5,193
sage_P256_6,1,5.12,8,193
sage_P256_6,1,6.16,14,193
sage_P256_6,1,5.67,11,193
sage_P256_6,1,4.19,3,193
sage_P256_6,1,6.50,15,193
sage_P256_6,1,5.71,11,193
sage_P256_6,1,6.61,16,193
sage_P256_6,1,5.28,9,193
sage_P256_6,1,9.32,31,193
sage_P256_6,1,19.08,84,193
sage_P256_6,1,7.83,23,193
sage_P256_6,1,8.44,26,193
sage_P256_6,1,3.82,1,193
sage_P256_6,1,4.20,3,193
sage_P256_6,1,9.31,31,193
sage_P256_6,1,7.21,18,193
sage_P256_6,1,6.61,16,193
sage_P256_6,1,4.12,2,193
sage_P256_6,1,4.63,5,193
sage_P256_6,1,4.78,6,193
sage_P256_6,1,4.62,5,193
sage_P256_6,1,3.90,1,193
sage_P256_6,1,8.20,25,193
sage_P256_6,1,4.16,3,193
sage_P256_6,1,5.27,9,193
sage_P256_6,1,4.61,5,193
sage_P256_6,1,12.77,50,193
sage_P256_6,1,9.36,32,193
sage_P256_6,1,4.93,7,193
sage_P256_6,1,6.18,14,193
sage_P256_6,1,4.68,5,193
sage_P256_6,1,6.31,15,193
sage_P256_6,1,16.20,69,193
sage_P256_6,1,4.12,2,193
sage_P256_6,1,5.24,8,193
sage_P256_6,1,4.21,3,193
sage_P256_6,1,5.86,12,193
sage_P256_6,1,12.89,50,193
sage_P256_6,1,4.10,3,193
sage_P256_6,1,4.16,3,193
sage_P256_6,1,8.67,27,193
sage_P256_6,1,4.36,4,193
sage_P256_6,1,4.26,3,193
sage_P256_6,1,6.52,15,193
sage_P256_6,1,3.92,1,193
sage_P256_6,1,6.32,14,193
sage_P256_6,1,3.86,1,193
sage_P256_6,1,9.43,31,193
sage_P256_6,1,5.23,8,193
sage_P256_6,1,4.73,6,193
sage_P256_6,1,6.88,17,193
sage_P256_6,1,12.07,44,193
sage_P256_6,1,10.16,36,193
sage_P256_6,1,7.80,23,193
sage_P256_6,1,3.79,1,193
sage_P256_6,1,4.04,2,193
sage_P256_6,1,5.15,8,193
sage_P256_6,0,21.51,0,193
sage_P256_6,1,3.87,1,193
sage_P256_6,1,8.30,25,193
sage_P256_6,1,3.91,1,193
sage_P256_6,1,13.17,52,193
sage_P256_6,1,9.56,32,193
sage_P256_6,1,4.18,3,193
sage_P256_6,1,9.64,33,193
sage_P256_6,1,4.99,7,193
sage_P256_6,1,4.94,7,193
sage_P256_6,1,5.86,12,193
sage_P256_6,1,5.58,10,193
sage_P256_6,1,6.84,17,193
sage_P256_6,1,6.44,15,193
sage_P256_6,1,3.85,1,193
sage_P256_6,1,3.88,1,193
sage_P256_6,1,11.00,40,193
sage_P256_6,1,3.91,1,193
sage_P256_6,1,11.57,44,193
sage_P256_6,1,4.05,2,193
sage_P256_6,1,4.15,3,193
sage_P256_6,1,10.11,35,193
sage_P256_6,1,4.30,4,193
sage_P256_6,1,4.02,2,193
sage_P256_6,1,12.41,48,193
sage_P256_6,0,21.17,0,193
sage_P256_6,1,4.84,7,193
sage_P256_6,1,5.69,11,193
sage_P256_6,1,3.88,1,193
sage_P256_6,1,17.24,72,193
sage_P256_6,1,6.20,13,193
sage_P256_6,1,5.27,9,193
sage_P256_6,1,4.52,5,193
sage_P256_6,1,4.04,2,193
sage_P256_6,1,18.43,80,193
sage_P256_6,1,4.25,3,193
sage_P256_6,1,10.14,35,193
sage_P256_6,1,4.08,2,193
sage_P256_6,1,4.71,6,193
sage_P256_6,1,5.58,11,193
sage_P256_6,1,11.80,45,193
sage_P256_6,1,4.65,5,193
sage_P256_6,1,5.54,10,193
sage_P256_6,1,4.84,6,193
sage_P256_6,1,3.81,1,193
sage_P256_6,1,10.19,35,193
sage_P256_6,1,6.36,15,193
sage_P256_6,1,11.51,43,193
sage_P256_6,1,7.91,23,193
sage_P256_6,1,6.43,15,193
sage_P256_6,1,11.21,41,193
sage_P256_6,1,4.33,4,193
sage_P256_6,1,10.45,37,193
sage_P256_6,1,4.03,2,193
sage_P256_6,1,4.20,3,193
sage_P256_6,1,8.76,27,193
sage_P256_6,1,6.57,16,193
sage_P256_6,1,5.79,12,193
sage_P256_6,1,6.51,16,193
sage_P256_6,1,8.40,26,193
sage_P256_6,1,5.69,11,193
sage_P256_6,1,6.42,15,193
sage_P256_6,1,6.50,16,193
sage_P256_6,0,21.74,0,193
sage_P256_6,1,8.06,24,193
sage_P256_6,1,5.48,10,193
sage_P256_6,1,8.59,27,193
sage_P256_6,1,6.25,14,193
sage_P256_6,1,13.26,53,193
sage_P256_6,1,7.90,23,193
sage_P256_6,1,4.91,7,193
sage_P256_6,1,6.38,15,193
sage_P256_6,1,5.81,12,193
sage_P256_6,1,11.17,41,193
sage_P256_6,1,4.69,6,193
sage_P256_6,1,7.45,21,193
sage_P256_6,1,11.37,42,193
sage_P256_6,1,3.87,1,193
sage_P256_6,1,4.71,5,193
sage_P256_6,1,7.55,21,193
sage_P256_6,1,6.17,14,193
sage_P256_6,1,4.22,3,193
sage_P256_6,1,3.83,1,193
sage_P256_6,1,5.00,7,193
sage_P256_6,1,4.59,5,193
sage_P256_6,1,5.75,11,193
sage_P256_6,1,10.99,39,193
sage_P256_6,1,8.40,26,193
sage_P256_6,1,4.53,5,193
sage_P256_6,1,8.45,26,193
sage_P256_6,1,9.01,29,193
sage_P256_6,1,6.05,13,193
sage_P256_6,1,4.11,2,193
sage_P256_6,1,4.78,6,193
sage_P256_6,1,8.71,27,193
sage_P256_6,1,8.64,27,193
sage_P256_6,1,6.02,13,193
sage_P256_6,1,10.42,37,193
sage_P256_6,1,3.80,1,193
sage_P256_6,1,15.28,64,193
sage_P256_6,1,12.03,45,193
sage_P256_6,1,6.22,14,193
sage_P256_6,1,3.76,1,193
sage_P256_6,1,11.47,44,193
sage_P256_6,1,13.56,55,193
sage_P256_6,0,21.73,0,193
sage_P256_6,1,8.40,26,193
sage_P256_6,1,4.75,6,193
sage_P256_6,1,4.40,4,193
sage_P256_6,1,4.11,2,193
sage_P256_6,1,21.24,96,193
sage_P256_6,1,5.25,9,193
sage_P256_6,1,4.16,2,193
sage_P256_6,1,4.04,2,193
sage_P256_6,1,6.06,13,193
sage_P256_6,1,3.79,1,193
sage_P256_6,1,4.07,2,193
sage_P256_6,1,5.38,9,193
sage_P256_6,1,3.78,1,193
sage_P256_6,1,6.59,16,193
sage_P256_6,1,6.20,14,193
sage_P256_6,1,13.06,50,193
sage_P256_6,1,5.10,8,193
sage_P256_6,1,3.94,2,193
sage_P256_6,1,5.66,11,193
sage_P256_6,1,10.86,40,193
sage_P256_6,1,4.25,3,193
sage_P256_6,1,7.07,19,193
sage_P256_6,1,6.41,15,193
sage_P256_6,1,6.26,14,193
sage_P256_6,1,3.94,1,193
sage_P256_6,1,21.90,99,193
sage_P256_6,1,5.45,10,193
cpp_P256_7,1,0.21,4,192
cpp_P256_7,1,0.77,28,192
cpp_P256_7,1,0.36,11,192
sage_P256_6,1,4.89,7,193
cpp_P256_7,1,0.69,25,192
cpp_P256_7,1,0.13,1,192
sage_P256_6,1,3.91,1,193
cpp_P256_7,1,1.06,40,192
cpp_P256_7,1,0.92,32,192
cpp_P256_7,1,0.70,25,192
cpp_P256_7,1,0.18,3,192
cpp_P256_7,1,0.25,6,192
sage_P256_6,1,9.05,30,193
sage_P256_6,1,4.11,2,193
cpp_P256_7,1,0.16,2,192
cpp_P256_7,1,2.08,82,192
cpp_P256_7,1,0.54,18,192
cpp_P256_7,1,0.34,10,192
cpp_P256_7,1,1.05,39,192
cpp_P256_7,1,0.54,18,192
cpp_P256_7,1,0.53,17,192
cpp_P256_7,1,1.81,70,192
cpp_P256_7,1,0.63,21,192
cpp_P256_7,1,0.35,9,192
cpp_P256_7,1,0.96,34,192
cpp_P256_7,1,0.20,4,192
cpp_P256_7,1,0.97,36,192
cpp_P256_7,1,1.18,44,192
cpp_P256_7,1,0.15,2,192
cpp_P256_7,1,1.58,61,192
cpp_P256_7,1,0.99,37,192
cpp_P256_7,1,1.36,52,192
cpp_P256_7,1,0.28,7,192
cpp_P256_7,1,0.27,7,192
cpp_P256_7,1,0.60,21,192
cpp_P256_7,1,0.28,7,192
cpp_P256_7,1,0.27,7,192
cpp_P256_7,1,0.27,7,192
cpp_P256_7,1,2.22,88,192
cpp_P256_7,0,2.47,0,192
cpp_P256_7,1,0.68,24,192
cpp_P256_7,1,0.41,13,192
cpp_P256_7,1,1.19,45,192
cpp_P256_7,1,0.79,28,192
cpp_P256_7,1,0.38,11,192
cpp_P256_7,1,0.32,8,192
cpp_P256_7,1,0.89,31,192
sage_P256_6,1,6.93,18,193
cpp_P256_7,1,0.14,1,192
cpp_P256_7,1,0.13,1,192
cpp_P256_7,1,0.16,2,192
cpp_P256_7,1,0.25,6,192
cpp_P256_7,1,0.13,1,192
cpp_P256_7,1,0.53,17,192
cpp_P256_7,1,0.42,13,192
cpp_P256_7,1,0.13,1,192
sage_P256_6,1,13.50,54,193
sage_P256_6,1,11.81,44,193
cpp_P256_7,1,0.13,1,192
cpp_P256_7,1,0.30,8,192
cpp_P256_7,1,0.23,5,192
cpp_P256_7,1,0.18,3,192
cpp_P256_7,1,0.68,23,192
cpp_P256_7,1,1.89,73,192
cpp_P256_7,1,0.83,29,192
cpp_P256_7,1,0.54,18,192
cpp_P256_7,1,0.71,24,192
cpp_P256_7,1,0.54,18,192
cpp_P256_7,1,1.04,38,192
cpp_P256_7,1,2.16,83,192
cpp_P256_7,1,0.52,17,192
cpp_P256_7,1,1.86,72,192
cpp_P256_7,1,0.30,8,192
cpp_P256_7,1,2.30,88,192
cpp_P256_7,1,0.56,19,192
cpp_P256_7,0,2.53,0,192
cpp_P256_7,1,0.30,8,192
cpp_P256_7,1,0.40,12,192
cpp_P256_7,1,0.83,30,192
cpp_P256_7,1,0.64,22,192
cpp_P256_7,1,1.54,59,192
cpp_P256_7,1,0.49,16,192
cpp_P256_7,1,0.79,28,192
cpp_P256_7,1,0.20,4,192
cpp_P256_7,1,1.44,55,192
cpp_P256_7,1,2.31,91,192
cpp_P256_7,1,0.60,20,192
cpp_P256_7,1,0.16,2,192
cpp_P256_7,1,0.49,16,192
cpp_P256_7,1,0.70,24,192
cpp_P256_7,1,0.44,14,192
cpp_P256_7,1,1.26,48,192
cpp_P256_7,1,0.18,3,192
cpp_P256_7,1,1.01,37,192
cpp_P256_7,1,0.90,33,192
cpp_P256_7,1,0.27,7,192
cpp_P256_7,1,0.18,3,192
cpp_P256_7,1,2.03,80,192
cpp_P256_7,1,0.88,32,192
cpp_P256_7,1,0.30,8,192
cpp_P256_7,1,0.55,18,192
cpp_P256_7,1,0.59,20,192
cpp_P256_7,1,0.49,16,192
cpp_P256_7,1,0.55,18,192
cpp_P256_7,1,0.20,4,192
cpp_P256_7,1,0.49,16,192
cpp_P256_7,1,0.30,8,192
cpp_P256_7,1,0.66,23,192
cpp_P256_7,1,1.56,60,192
cpp_P256_7,1,1.88,73,192
cpp_P256_7,1,0.90,33,192
cpp_P256_7,1,0.62,21,192
cpp_P256_7,1,0.45,14,192
cpp_P256_7,1,0.23,5,192
cpp_P256_7,1,0.56,19,192
cpp_P256_7,1,0.64,22,192
cpp_P256_7,1,0.47,15,192
cpp_P256_7,1,2.29,90,192
cpp_P256_7,1,0.13,1,192
cpp_P256_7,0,2.52,0,192
cpp_P256_7,1,0.13,1,192
cpp_P256_7,1,1.42,54,192
cpp_P256_7,1,0.56,19,192
cpp_P256_7,1,0.15,2,192
cpp_P256_7,1,0.52,17,192
cpp_P256_7,1,1.33,51,192
cpp_P256_7,1,0.23,5,192
cpp_P256_7,1,0.32,9,192
cpp_P256_7,1,1.05,39,192
cpp_P256_7,1,0.57,19,192
cpp_P256_7,1,0.37,11,192
cpp_P256_7,1,0.64,22,192
cpp_P256_7,1,0.61,21,192
cpp_P256_7,1,0.76,27,192
cpp_P256_7,1,0.34,10,192
cpp_P256_7,1,2.22,87,192
cpp_P256_7,1,0.15,2,192
cpp_P256_7,1,0.51,17,192
cpp_P256_7,1,0.56,19,192
cpp_P256_7,1,0.66,23,192
cpp_P256_7,1,0.59,20,192
cpp_P256_7,1,0.25,6,192
cpp_P256_7,1,0.18,3,192
cpp_P256_7,1,0.30,8,192
cpp_P256_7,1,1.05,39,192
cpp_P256_7,1,0.59,20,192
cpp_P256_7,1,0.30,8,192
cpp_P256_7,1,0.20,4,192
cpp_P256_7,1,0.66,23,192
cpp_P256_7,1,1.40,54,192
cpp_P256_7,1,1.64,64,192
cpp_P256_7,1,0.23,5,192
cpp_P256_7,0,2.47,0,192
cpp_P256_7,1,0.40,12,192
cpp_P256_7,1,0.42,13,192
cpp_P256_7,1,0.18,3,192
cpp_P256_7,1,0.23,5,192
cpp_P256_7,1,1.07,40,192
cpp_P256_7,1,0.73,26,192
cpp_P256_7,1,0.13,1,192
cpp_P256_7,1,0.77,27,192
cpp_P256_7,0,2.49,0,192
cpp_P256_7,1,0.23,5,192
cpp_P256_7,1,0.69,24,192
cpp_P256_7,1,0.63,22,192
cpp_P256_7,1,0.53,18,192
cpp_P256_7,0,2.48,0,192
cpp_P256_7,0,2.48,0,192
cpp_P256_7,1,0.59,20,192
cpp_P256_7,1,0.13,1,192
cpp_P256_7,1,1.88,74,192
cpp_P256_7,1,0.30,8,192
cpp_P256_7,1,0.47,15,192
cpp_P256_7,1,0.13,1,192
cpp_P256_7,0,2.48,0,192
cpp_P256_7,1,0.25,6,192
cpp_P256_7,1,1.86,73,192
cpp_P256_7,1,1.23,47,192
cpp_P256_7,1,0.23,5,192
cpp_P256_7,1,1.26,48,192
cpp_P256_7,1,0.68,24,192
cpp_P256_7,1,1.71,67,192
cpp_P256_7,1,0.37,11,192
cpp_P256_7,1,2.34,93,192
cpp_P256_7,1,0.92,34,192
cpp_P256_7,1,0.16,2,192
cpp_P256_7,0,2.48,0,192
cpp_P256_7,1,0.30,8,192
cpp_P256_7,1,0.98,36,192
cpp_P256_7,1,0.18,3,192
cpp_P256_7,1,2.49,99,192
cpp_P256_7,1,0.40,12,192
cpp_P256_7,0,2.48,0,192
cpp_P256_7,1,0.23,5,192
cpp_P256_7,1,2.16,85,192
cpp_P256_7,0,2.49,0,192
cpp_P256_7,1,0.16,2,192
cpp_P256_7,1,0.55,18,192
cpp_P256_7,1,0.16,2,192
cpp_P256_7,0,2.49,0,192
cpp_P256_7,1,0.58,19,192
cpp_P256_7,1,0.67,23,192
cpp_P256_7,1,0.23,5,192
cpp_P256_7,1,0.42,13,192
cpp_P256_7,0,2.51,0,192
cpp_P256_7,1,0.23,5,192
cpp_P256_7,1,0.39,12,192
cpp_P256_7,1,1.61,61,192
cpp_P256_7,1,0.37,11,192
cpp_P256_7,1,0.21,4,192
cpp_P256_7,1,0.76,27,192
cpp_P256_7,1,0.52,17,192
cpp_P256_7,1,0.92,34,192
cpp_P256_7,1,0.21,4,192
cpp_P256_7,1,0.18,3,192
cpp_P256_7,1,0.80,29,192
cpp_P256_7,1,0.61,20,192
cpp_P256_7,1,0.44,14,192
cpp_P256_7,1,0.15,2,192
cpp_P256_7,1,0.64,22,192
cpp_P256_7,1,0.13,1,192
cpp_P256_7,1,0.39,12,192
cpp_P256_7,1,1.13,42,192
cpp_P256_7,1,0.97,36,192
cpp_P256_7,1,0.30,8,192
cpp_P256_7,1,1.12,42,192
cpp_P256_7,1,0.84,30,192
cpp_P256_7,1,0.15,2,192
cpp_P256_7,0,2.49,0,192
cpp_P256_7,1,0.34,10,192
cpp_P256_7,1,1.39,53,192
cpp_P256_7,1,0.22,5,192
cpp_P256_7,1,0.76,27,192
cpp_P256_7,1,0.32,9,192
cpp_P256_7,1,0.29,8,192
cpp_P256_7,1,0.42,13,192
cpp_P256_7,1,0.68,24,192
cpp_P256_7,1,2.03,81,192
cpp_P256_7,1,0.37,11,192
cpp_P256_7,1,0.13,1,192
cpp_P256_7,1,2.25,89,192
cpp_P256_7,1,0.34,9,192
cpp_P256_7,1,0.28,7,192
cpp_P256_7,1,0.59,20,192
cpp_P256_7,1,0.13,1,192
cpp_P256_7,1,0.13,1,192
cpp_P256_7,1,1.82,71,192
cpp_P256_7,1,0.73,26,192
cpp_P256_7,0,2.45,0,192
cpp_P256_7,1,0.65,23,192
cpp_P256_7,1,0.32,9,192
cpp_P256_7,1,0.62,21,192
cpp_P256_7,1,1.37,51,192
cpp_P256_7,1,1.87,72,192
cpp_P256_7,1,1.90,74,192
cpp_P256_7,0,2.51,0,192
cpp_P256_7,1,2.52,99,192
sage_P256_7,1,4.49,4,192
sage_P256_7,1,4.05,2,192
sage_P256_7,1,4.59,5,192
sage_P256_7,1,4.11,2,192
sage_P256_7,1,5.68,11,192
sage_P256_7,1,11.32,42,192
sage_P256_7,1,4.48,4,192
sage_P256_7,1,3.85,1,192
sage_P256_7,1,6.26,14,192
sage_P256_7,1,15.89,67,192
sage_P256_7,1,4.21,3,192
sage_P256_7,1,19.23,86,192
sage_P256_7,1,14.45,59,192
sage_P256_7,1,6.72,17,192
sage_P256_7,1,3.86,1,192
sage_P256_7,1,3.85,1,192
sage_P256_7,1,7.61,22,192
sage_P256_7,1,15.51,65,192
sage_P256_7,1,4.60,5,192
sage_P256_7,1,6.47,15,192
sage_P256_7,0,21.41,0,192
sage_P256_7,1,6.24,14,192
sage_P256_7,1,3.89,1,192
sage_P256_7,1,5.81,11,192
sage_P256_7,1,6.85,17,192
sage_P256_7,1,4.94,7,192
sage_P256_7,0,21.41,0,192
sage_P256_7,1,6.02,13,192
sage_P256_7,1,7.70,22,192
sage_P256_7,1,4.63,6,192
sage_P256_7,1,6.67,15,192
sage_P256_7,1,3.99,1,192
sage_P256_7,1,5.59,9,192
sage_P256_7,1,6.35,14,192
sage_P256_7,1,4.11,2,192
sage_P256_7,1,14.58,58,192
sage_P256_7,1,12.38,42,192
sage_P256_7,1,6.54,17,192
sage_P256_7,0,21.80,0,192
sage_P256_7,1,4.73,5,192
sage_P256_7,1,9.99,34,192
sage_P256_7,1,11.73,43,192
sage_P256_7,1,6.27,13,192
sage_P256_7,1,5.88,13,192
sage_P256_7,1,6.92,17,192
sage_P256_7,1,7.17,18,192
sage_P256_7,1,4.32,3,192
sage_P256_7,1,8.51,26,192
sage_P256_7,1,6.98,15,192
sage_P256_7,1,4.49,4,192
sage_P256_7,1,13.41,54,192
sage_P256_7,1,6.36,15,192
sage_P256_7,1,6.53,15,192
sage_P256_7,1,10.97,34,192
sage_P256_7,1,5.04,7,192
sage_P256_7,1,6.54,16,192
sage_P256_7,1,5.78,11,192
sage_P256_7,1,4.66,5,192
sage_P256_7,1,10.89,39,192
sage_P256_7,1,5.50,10,192
sage_P256_7,1,10.23,37,192
sage_P256_7,1,4.29,4,192
sage_P256_7,1,4.60,5,192
sage_P256_7,1,4.30,3,192
sage_P256_7,1,15.52,64,192
sage_P256_7,1,6.53,15,192
sage_P256_7,1,5.50,10,192
sage_P256_7,1,5.09,8,192
sage_P256_7,1,6.01,13,192
sage_P256_7,1,11.35,21,192
sage_P256_7,1,22.97,83,192
sage_P256_7,1,14.29,60,192
sage_P256_7,1,18.96,86,192
sage_P256_7,0,21.41,0,192
sage_P256_7,1,4.05,2,192
sage_P256_7,1,6.94,17,192
sage_P256_7,1,5.58,10,192
sage_P256_7,1,9.16,30,192
sage_P256_7,1,4.91,7,192
sage_P256_7,1,7.41,20,192
sage_P256_7,1,13.46,53,192
sage_P256_7,1,7.40,20,192
sage_P256_7,1,7.35,20,192
sage_P256_7,1,4.20,3,192
sage_P256_7,1,4.65,5,192
sage_P256_7,1,8.69,27,192
sage_P256_7,1,4.38,4,192
sage_P256_7,1,7.33,17,192
sage_P256_7,1,5.40,9,192
sage_P256_7,1,5.64,11,192
sage_P256_7,1,9.06,29,192
sage_P256_7,1,4.08,2,192
sage_P256_7,1,6.25,6,192
sage_P256_7,1,9.58,25,192
sage_P256_7,1,7.74,22,192
sage_P256_7,1,4.33,3,192
sage_P256_7,1,8.86,28,192
sage_P256_7,1,6.15,13,192
sage_P256_7,1,4.30,3,192
sage_P256_7,1,4.85,6,192
sage_P256_7,1,7.96,23,192
sage_P256_7,1,6.13,13,192
sage_P256_7,1,4.53,4,192
sage_P256_7,1,11.18,42,192
sage_P256_7,1,4.52,4,192
sage_P256_7,1,3.80,1,192
sage_P256_7,1,6.18,13,192
sage_P256_7,1,4.59,5,192
sage_P256_7,1,10.32,36,192
sage_P256_7,1,9.73,33,192
sage_P256_7,1,10.43,37,192
sage_P256_7,1,13.44,53,192
sage_P256_7,1,4.23,3,192
sage_P256_7,1,10.31,36,192
sage_P256_7,1,6.61,16,192
sage_P256_7,1,5.65,11,192
sage_P256_7,1,15.44,65,192
sage_P256_7,1,5.13,8,192
sage_P256_7,1,5.05,8,192
sage_P256_7,1,6.47,15,192
sage_P256_7,1,20.64,88,192
sage_P256_7,1,4.11,2,192
sage_P256_7,0,21.64,0,192
sage_P256_7,1,6.97,18,192
sage_P256_7,1,10.02,35,192
sage_P256_7,1,6.39,15,192
sage_P256_7,0,21.56,0,192
sage_P256_7,1,4.90,7,192
sage_P256_7,1,12.98,51,192
sage_P256_7,1,6.51,14,192
sage_P256_7,1,10.64,38,192
sage_P256_7,1,4.37,3,192
sage_P256_7,1,8.57,27,192
sage_P256_7,1,7.91,23,192
sage_P256_7,1,7.35,18,192
sage_P256_7,1,4.68,5,192
sage_P256_7,1,5.24,8,192
sage_P256_7,1,6.84,17,192
sage_P256_7,0,21.43,0,192
sage_P256_7,1,5.68,11,192
sage_P256_7,1,6.85,17,192
sage_P256_7,1,5.35,9,192
sage_P256_7,1,8.71,27,192
sage_P256_7,1,4.24,3,192
sage_P256_7,1,4.75,6,192
sage_P256_7,1,6.13,14,192
sage_P256_7,1,7.84,23,192
sage_P256_7,1,12.94,51,192
sage_P256_7,1,9.81,34,192
sage_P256_7,1,17.29,75,192
sage_P256_7,1,4.96,7,192
sage_P256_7,0,21.41,0,192
sage_P256_7,1,5.80,12,192
sage_P256_7,0,22.08,0,192
sage_P256_7,1,3.88,1,192
sage_P256_7,1,4.80,6,192
sage_P256_7,1,6.05,13,192
sage_P256_7,1,4.28,3,192
sage_P256_7,1,3.87,1,192
sage_P256_7,1,4.60,5,192
sage_P256_7,1,4.05,2,192
sage_P256_7,1,10.10,35,192
sage_P256_7,1,7.22,19,192
sage_P256_7,1,20.07,90,192
sage_P256_7,0,21.45,0,192
sage_P256_7,1,7.36,20,192
sage_P256_7,1,5.90,12,192
sage_P256_7,1,5.20,8,192
sage_P256_7,1,5.04,7,192
sage_P256_7,1,4.49,4,192
sage_P256_7,1,9.30,31,192
sage_P256_7,1,12.84,50,192
sage_P256_7,1,4.19,3,192
sage_P256_7,1,4.43,4,192
sage_P256_7,1,5.99,12,192
sage_P256_7,1,4.10,2,192
sage_P256_7,1,4.49,4,192
sage_P256_7,1,4.09,2,192
sage_P256_7,1,6.66,16,192
sage_P256_7,1,12.91,51,192
sage_P256_7,1,6.85,17,192
sage_P256_7,1,4.43,4,192
sage_P256_7,1,4.61,5,192
sage_P256_7,1,6.18,14,192
sage_P256_7,1,11.37,41,192
sage_P256_7,1,8.10,24,192
sage_P256_7,1,13.77,56,192
sage_P256_7,1,19.35,86,192
sage_P256_7,1,6.25,14,192
sage_P256_7,1,5.71,11,192
sage_P256_7,1,5.39,9,192
sage_P256_7,1,6.50,15,192
sage_P256_7,1,11.62,43,192
sage_P256_7,1,6.59,16,192
sage_P256_7,1,4.42,4,192
sage_P256_7,1,4.21,3,192
sage_P256_7,1,5.58,10,192
sage_P256_7,1,15.38,63,192
sage_P256_7,1,7.23,19,192
sage_P256_7,1,3.87,1,192
sage_P256_7,1,5.39,9,192
sage_P256_7,1,7.43,20,192
sage_P256_7,1,6.43,15,192
sage_P256_7,0,21.75,0,192
sage_P256_7,1,10.30,36,192
sage_P256_7,1,4.36,3,192
sage_P256_7,1,4.13,2,192
sage_P256_7,1,4.48,3,192
sage_P256_7,1,11.23,40,192
sage_P256_7,1,13.48,51,192
sage_P256_7,1,4.62,4,192
sage_P256_7,1,7.88,21,192
sage_P256_7,1,7.03,17,192
sage_P256_7,0,21.64,0,192
sage_P256_7,1,4.50,4,192
sage_P256_7,1,4.02,1,192
sage_P256_7,1,4.20,2,192
sage_P256_7,1,3.97,1,192
sage_P256_7,0,22.12,0,192
sage_P256_7,1,6.18,13,192
sage_P256_7,1,4.42,4,192
sage_P256_7,1,3.91,1,192
sage_P256_7,1,10.16,36,192
sage_P256_7,1,4.79,6,192
sage_P256_7,1,9.35,31,192
sage_P256_7,1,6.43,16,192
sage_P256_7,1,3.89,1,192
sage_P256_7,1,6.50,15,192
sage_P256_7,1,12.13,45,192
sage_P256_7,1,5.90,12,192
sage_P256_7,1,7.21,19,192
sage_P256_7,1,21.73,98,192
sage_P256_7,1,16.56,71,192
sage_P256_7,1,17.78,78,192
sage_P256_7,1,4.74,5,192
sage_P256_7,1,10.99,40,192
sage_P256_7,1,3.98,1,192
sage_P256_7,1,7.16,18,192
sage_P256_7,1,6.25,13,192
sage_P256_7,1,5.53,9,192
sage_P256_7,1,4.42,3,192
sage_P256_7,1,5.32,8,192
sage_P256_7,1,8.33,24,192
sage_P256_7,1,4.49,4,192
cpp_P384_0,1,1.61,1,384
cpp_P384_0,1,1.60,1,384
cpp_P384_0,1,1.60,1,384
cpp_P384_0,1,1.60,1,384
cpp_P384_0,1,1.59,1,384
sage_P256_7,1,18.78,80,192
cpp_P384_0,1,1.64,1,384
cpp_P384_0,1,1.67,1,384
cpp_P384_0,1,1.65,1,384
sage_P256_7,1,10.92,41,192
cpp_P384_0,1,1.62,1,384
cpp_P384_0,1,1.61,1,384
sage_P256_7,1,20.15,93,192
cpp_P384_0,1,1.62,1,384
cpp_P384_0,1,1.57,1,384
cpp_P384_0,1,1.63,1,384
cpp_P384_0,1,1.62,1,384
sage_P256_7,1,8.82,28,192
cpp_P384_0,1,1.60,1,384
cpp_P384_0,1,1.61,1,384
sage_P256_7,1,10.99,41,192
cpp_P384_0,1,1.58,1,384
cpp_P384_0,1,1.61,1,384
cpp_P384_0,1,1.60,1,384
cpp_P384_0,1,1.59,1,384
cpp_P384_0,1,1.59,1,384
cpp_P384_0,1,1.59,1,384
cpp_P384_0,1,1.59,1,384
cpp_P384_0,1,1.59,1,384
sage_P256_7,1,17.97,79,192
cpp_P384_0,1,1.60,1,384
cpp_P384_0,1,1.60,1,384
cpp_P384_0,1,1.59,1,384
cpp_P384_0,1,1.61,1,384
cpp_P384_0,1,1.60,1,384
cpp_P384_0,1,1.59,1,384
cpp_P384_0,1,1.59,1,384
cpp_P384_0,1,1.59,1,384
cpp_P384_0,1,1.59,1,384
cpp_P384_0,1,1.60,1,384
cpp_P384_0,1,1.59,1,384
cpp_P384_0,1,1.60,1,384
cpp_P384_0,1,1.59,1,384
cpp_P384_0,1,1.58,1,384
cpp_P384_0,1,1.58,1,384
cpp_P384_0,1,1.58,1,384
cpp_P384_0,1,1.62,1,384
cpp_P384_0,1,1.61,1,384
cpp_P384_0,1,1.60,1,384
cpp_P384_0,1,1.63,1,384
cpp_P384_0,1,1.61,1,384
cpp_P384_0,1,1.58,1,384
cpp_P384_0,1,1.60,1,384
cpp_P384_0,1,1.59,1,384
cpp_P384_0,1,1.60,1,384
cpp_P384_0,1,1.60,1,384
cpp_P384_0,1,1.60,1,384
cpp_P384_0,1,1.60,1,384
cpp_P384_0,1,1.61,1,384
cpp_P384_0,1,1.59,1,384
cpp_P384_0,1,1.59,1,384
cpp_P384_0,1,1.58,1,384
cpp_P384_0,1,1.59,1,384
cpp_P384_0,1,1.60,1,384
cpp_P384_0,1,1.59,1,384
cpp_P384_0,1,1.59,1,384
cpp_P384_0,1,1.60,1,384
cpp_P384_0,1,1.58,1,384
cpp_P384_0,1,1.59,1,384
cpp_P384_0,1,1.59,1,384
cpp_P384_0,1,1.60,1,384
cpp_P384_0,1,1.61,1,384
cpp_P384_0,1,1.60,1,384
cpp_P384_0,1,1.60,1,384
cpp_P384_0,1,1.60,1,384
cpp_P384_0,1,1.60,1,384
cpp_P384_0,1,1.60,1,384
cpp_P384_0,1,1.62,1,384
cpp_P384_0,1,1.61,1,384
cpp_P384_0,1,1.61,1,384
cpp_P384_0,1,1.61,1,384
cpp_P384_0,1,1.61,1,384
cpp_P384_0,1,1.61,1,384
cpp_P384_0,1,1.60,1,384
cpp_P384_0,1,1.59,1,384
cpp_P384_0,1,1.59,1,384
cpp_P384_0,1,1.59,1,384
cpp_P384_0,1,1.59,1,384
cpp_P384_0,1,1.58,1,384
cpp_P384_0,1,1.59,1,384
cpp_P384_0,1,1.59,1,384
cpp_P384_0,1,1.59,1,384
cpp_P384_0,1,1.59,1,384
cpp_P384_0,1,1.59,1,384
cpp_P384_0,1,1.59,1,384
cpp_P384_0,1,1.60,1,384
cpp_P384_0,1,1.60,1,384
cpp_P384_0,1,1.62,1,384
cpp_P384_0,1,1.60,1,384
cpp_P384_0,1,1.58,1,384
cpp_P384_0,1,1.58,1,384
cpp_P384_0,1,1.60,1,384
cpp_P384_0,1,1.62,1,384
cpp_P384_0,1,1.61,1,384
cpp_P384_0,1,1.63,1,384
cpp_P384_0,1,1.62,1,384
cpp_P384_0,1,1.61,1,384
cpp_P384_0,1,1.59,1,384
cpp_P384_0,1,1.59,1,384
cpp_P384_0,1,1.59,1,384
cpp_P384_0,1,1.61,1,384
cpp_P384_0,1,1.60,1,384
cpp_P384_0,1,1.60,1,384
cpp_P384_0,1,1.60,1,384
cpp_P384_0,1,1.56,1,384
cpp_P384_0,1,1.60,1,384
cpp_P384_0,1,1.57,1,384
cpp_P384_0,1,1.58,1,384
cpp_P384_0,1,1.60,1,384
cpp_P384_0,1,1.60,1,384
cpp_P384_0,1,1.60,1,384
cpp_P384_0,1,1.60,1,384
cpp_P384_0,1,1.59,1,384
cpp_P384_0,1,1.60,1,384
cpp_P384_0,1,1.59,1,384
cpp_P384_0,1,1.59,1,384
cpp_P384_0,1,1.60,1,384
cpp_P384_0,1,1.60,1,384
cpp_P384_0,1,1.59,1,384
cpp_P384_0,1,1.58,1,384
cpp_P384_0,1,1.60,1,384
cpp_P384_0,1,1.59,1,384
cpp_P384_0,1,1.60,1,384
cpp_P384_0,1,1.57,1,384
cpp_P384_0,1,1.58,1,384
cpp_P384_0,1,1.59,1,384
cpp_P384_0,1,1.58,1,384
cpp_P384_0,1,1.57,1,384
cpp_P384_0,1,1.59,1,384
cpp_P384_0,1,1.59,1,384
cpp_P384_0,1,1.58,1,384
cpp_P384_0,1,1.57,1,384
cpp_P384_0,1,1.58,1,384
cpp_P384_0,1,1.60,1,384
cpp_P384_0,1,1.59,1,384
cpp_P384_0,1,1.60,1,384
cpp_P384_0,1,1.61,1,384
cpp_P384_0,1,1.62,1,384
cpp_P384_0,1,1.61,1,384
cpp_P384_0,1,1.62,1,384
cpp_P384_0,1,1.65,1,384
cpp_P384_0,1,1.62,1,384
cpp_P384_0,1,1.61,1,384
cpp_P384_0,1,1.63,1,384
cpp_P384_0,1,1.62,1,384
cpp_P384_0,1,1.62,1,384
cpp_P384_0,1,1.63,1,384
cpp_P384_0,1,1.62,1,384
cpp_P384_0,1,1.62,1,384
cpp_P384_0,1,1.60,1,384
cpp_P384_0,1,1.63,1,384
cpp_P384_0,1,1.63,1,384
cpp_P384_0,1,1.63,1,384
cpp_P384_0,1,1.64,1,384
cpp_P384_0,1,1.57,1,384
cpp_P384_0,1,1.56,1,384
cpp_P384_0,1,1.62,1,384
cpp_P384_0,1,1.57,1,384
cpp_P384_0,1,1.62,1,384
cpp_P384_0,1,1.62,1,384
cpp_P384_0,1,1.61,1,384
cpp_P384_0,1,1.62,1,384
cpp_P384_0,1,1.59,1,384
cpp_P384_0,1,1.59,1,384
cpp_P384_0,1,1.62,1,384
cpp_P384_0,1,1.62,1,384
cpp_P384_0,1,1.61,1,384
cpp_P384_0,1,1.63,1,384
cpp_P384_0,1,1.62,1,384
cpp_P384_0,1,1.61,1,384
cpp_P384_0,1,1.60,1,384
cpp_P384_0,1,1.61,1,384
cpp_P384_0,1,1.62,1,384
cpp_P384_0,1,1.60,1,384
cpp_P384_0,1,1.59,1,384
cpp_P384_0,1,1.61,1,384
cpp_P384_0,1,1.60,1,384
cpp_P384_0,1,1.60,1,384
cpp_P384_0,1,1.59,1,384
cpp_P384_0,1,1.60,1,384
cpp_P384_0,1,1.59,1,384
cpp_P384_0,1,1.58,1,384
cpp_P384_0,1,1.59,1,384
cpp_P384_0,1,1.59,1,384
cpp_P384_0,1,1.59,1,384
cpp_P384_0,1,1.59,1,384
cpp_P384_0,1,1.59,1,384
cpp_P384_0,1,1.61,1,384
cpp_P384_0,1,1.60,1,384
cpp_P384_0,1,1.60,1,384
cpp_P384_0,1,1.60,1,384
cpp_P384_0,1,1.60,1,384
cpp_P384_0,1,1.61,1,384
cpp_P384_0,1,1.61,1,384
cpp_P384_0,1,1.60,1,384
cpp_P384_0,1,1.62,1,384
cpp_P384_0,1,1.60,1,384
cpp_P384_0,1,1.59,1,384
cpp_P384_0,1,1.60,1,384
cpp_P384_0,1,1.59,1,384
cpp_P384_0,1,1.59,1,384
cpp_P384_0,1,1.59,1,384
cpp_P384_0,1,1.59,1,384
cpp_P384_0,1,1.58,1,384
cpp_P384_0,1,1.60,1,384
cpp_P384_0,1,1.58,1,384
cpp_P384_0,1,1.60,1,384
cpp_P384_0,1,1.59,1,384
cpp_P384_0,1,1.59,1,384
cpp_P384_0,1,1.58,1,384
cpp_P384_0,1,1.59,1,384
cpp_P384_0,1,1.59,1,384
cpp_P384_0,1,1.60,1,384
cpp_P384_0,1,1.59,1,384
cpp_P384_0,1,1.61,1,384
cpp_P384_0,1,1.61,1,384
cpp_P384_0,1,1.61,1,384
cpp_P384_0,1,1.59,1,384
cpp_P384_0,1,1.62,1,384
cpp_P384_0,1,1.59,1,384
cpp_P384_0,1,1.63,1,384
cpp_P384_0,1,1.60,1,384
cpp_P384_0,1,1.61,1,384
cpp_P384_0,1,1.63,1,384
cpp_P384_0,1,1.63,1,384
cpp_P384_0,1,1.61,1,384
cpp_P384_0,1,1.61,1,384
cpp_P384_0,1,1.60,1,384
cpp_P384_0,1,1.60,1,384
cpp_P384_0,1,1.63,1,384
cpp_P384_0,1,1.62,1,384
cpp_P384_0,1,1.59,1,384
cpp_P384_0,1,1.61,1,384
cpp_P384_0,1,1.61,1,384
cpp_P384_0,1,1.64,1,384
cpp_P384_0,1,1.59,1,384
cpp_P384_0,1,1.60,1,384
cpp_P384_0,1,1.65,1,384
cpp_P384_0,1,1.65,1,384
cpp_P384_0,1,1.60,1,384
cpp_P384_0,1,1.65,1,384
cpp_P384_0,1,1.66,1,384
cpp_P384_0,1,1.65,1,384
cpp_P384_0,1,1.61,1,384
cpp_P384_0,1,1.59,1,384
cpp_P384_0,1,1.64,1,384
sage_P384_0,1,6.88,1,384
sage_P384_0,1,6.93,1,384
sage_P384_0,1,6.88,1,384
sage_P384_0,1,7.33,1,384
sage_P384_0,1,6.86,1,384
sage_P384_0,1,6.79,1,384
sage_P384_0,1,6.78,1,384
sage_P384_0,1,6.92,1,384
sage_P384_0,1,6.78,1,384
sage_P384_0,1,6.94,1,384
sage_P384_0,1,6.90,1,384
sage_P384_0,1,6.82,1,384
sage_P384_0,1,6.90,1,384
sage_P384_0,1,6.91,1,384
sage_P384_0,1,6.82,1,384
sage_P384_0,1,6.90,1,384
sage_P384_0,1,6.81,1,384
sage_P384_0,1,6.85,1,384
sage_P384_0,1,6.91,1,384
sage_P384_0,1,6.89,1,384
sage_P384_0,1,6.93,1,384
sage_P384_0,1,6.91,1,384
sage_P384_0,1,6.88,1,384
sage_P384_0,1,6.91,1,384
sage_P384_0,1,6.87,1,384
sage_P384_0,1,6.83,1,384
sage_P384_0,1,6.94,1,384
sage_P384_0,1,6.89,1,384
sage_P384_0,1,6.91,1,384
sage_P384_0,1,6.81,1,384
sage_P384_0,1,6.87,1,384
sage_P384_0,1,6.94,1,384
sage_P384_0,1,6.98,1,384
sage_P384_0,1,7.04,1,384
sage_P384_0,1,6.87,1,384
sage_P384_0,1,7.03,1,384
sage_P384_0,1,6.89,1,384
sage_P384_0,1,7.00,1,384
sage_P384_0,1,6.88,1,384
sage_P384_0,1,6.86,1,384
sage_P384_0,1,6.96,1,384
sage_P384_0,1,6.91,1,384
sage_P384_0,1,6.90,1,384
sage_P384_0,1,6.84,1,384
sage_P384_0,1,6.92,1,384
sage_P384_0,1,6.94,1,384
sage_P384_0,1,6.82,1,384
sage_P384_0,1,6.83,1,384
sage_P384_0,1,6.87,1,384
sage_P384_0,1,6.88,1,384
sage_P384_0,1,6.91,1,384
sage_P384_0,1,6.86,1,384
sage_P384_0,1,6.91,1,384
sage_P384_0,1,6.86,1,384
sage_P384_0,1,6.89,1,384
sage_P384_0,1,6.85,1,384
sage_P384_0,1,6.85,1,384
sage_P384_0,1,6.82,1,384
sage_P384_0,1,6.85,1,384
sage_P384_0,1,6.96,1,384
sage_P384_0,1,6.83,1,384
sage_P384_0,1,6.90,1,384
sage_P384_0,1,6.86,1,384
sage_P384_0,1,6.82,1,384
sage_P384_0,1,6.91,1,384
sage_P384_0,1,6.87,1,384
sage_P384_0,1,6.86,1,384
sage_P384_0,1,6.90,1,384
sage_P384_0,1,6.91,1,384
sage_P384_0,1,7.05,1,384
sage_P384_0,1,6.92,1,384
sage_P384_0,1,6.95,1,384
sage_P384_0,1,6.98,1,384
sage_P384_0,1,6.80,1,384
sage_P384_0,1,6.83,1,384
sage_P384_0,1,6.90,1,384
sage_P384_0,1,6.86,1,384
sage_P384_0,1,6.91,1,384
sage_P384_0,1,6.87,1,384
sage_P384_0,1,7.27,1,384
sage_P384_0,1,6.90,1,384
sage_P384_0,1,6.85,1,384
sage_P384_0,1,7.44,1,384
sage_P384_0,1,6.89,1,384
sage_P384_0,1,6.76,1,384
sage_P384_0,1,6.91,1,384
sage_P384_0,1,6.91,1,384
sage_P384_0,1,6.99,1,384
sage_P384_0,1,6.80,1,384
sage_P384_0,1,6.99,1,384
sage_P384_0,1,6.98,1,384
sage_P384_0,1,7.05,1,384
sage_P384_0,1,7.00,1,384
sage_P384_0,1,6.98,1,384
sage_P384_0,1,6.70,1,384
sage_P384_0,1,7.07,1,384
sage_P384_0,1,6.96,1,384
sage_P384_0,1,6.98,1,384
sage_P384_0,1,6.93,1,384
sage_P384_0,1,6.70,1,384
sage_P384_0,1,7.03,1,384
sage_P384_0,1,7.10,1,384
sage_P384_0,1,7.05,1,384
sage_P384_0,1,7.01,1,384
sage_P384_0,1,6.89,1,384
sage_P384_0,1,6.94,1,384
sage_P384_0,1,7.02,1,384
sage_P384_0,1,6.86,1,384
sage_P384_0,1,6.77,1,384
sage_P384_0,1,6.93,1,384
sage_P384_0,1,6.91,1,384
sage_P384_0,1,6.74,1,384
sage_P384_0,1,6.96,1,384
sage_P384_0,1,6.97,1,384
sage_P384_0,1,6.79,1,384
sage_P384_0,1,6.97,1,384
sage_P384_0,1,6.94,1,384
sage_P384_0,1,6.93,1,384
sage_P384_0,1,6.95,1,384
sage_P384_0,1,6.87,1,384
sage_P384_0,1,6.78,1,384
sage_P384_0,1,6.94,1,384
sage_P384_0,1,6.75,1,384
sage_P384_0,1,6.94,1,384
sage_P384_0,1,6.91,1,384
sage_P384_0,1,6.78,1,384
sage_P384_0,1,6.89,1,384
sage_P384_0,1,6.90,1,384
sage_P384_0,1,6.88,1,384
sage_P384_0,1,6.84,1,384
sage_P384_0,1,7.25,1,384
sage_P384_0,1,6.93,1,384
sage_P384_0,1,6.85,1,384
sage_P384_0,1,6.86,1,384
sage_P384_0,1,6.85,1,384
sage_P384_0,1,6.84,1,384
sage_P384_0,1,6.92,1,384
sage_P384_0,1,6.88,1,384
sage_P384_0,1,6.84,1,384
sage_P384_0,1,6.83,1,384
sage_P384_0,1,6.83,1,384
sage_P384_0,1,6.82,1,384
sage_P384_0,1,6.86,1,384
sage_P384_0,1,6.83,1,384
sage_P384_0,1,6.86,1,384
sage_P384_0,1,6.83,1,384
sage_P384_0,1,6.86,1,384
sage_P384_0,1,6.84,1,384
sage_P384_0,1,6.88,1,384
sage_P384_0,1,6.83,1,384
sage_P384_0,1,6.87,1,384
sage_P384_0,1,6.92,1,384
sage_P384_0,1,6.86,1,384
sage_P384_0,1,6.82,1,384
sage_P384_0,1,6.89,1,384
sage_P384_0,1,6.88,1,384
sage_P384_0,1,6.84,1,384
sage_P384_0,1,6.90,1,384
sage_P384_0,1,6.86,1,384
sage_P384_0,1,6.87,1,384
sage_P384_0,1,6.89,1,384
sage_P384_0,1,6.81,1,384
sage_P384_0,1,6.85,1,384
sage_P384_0,1,6.88,1,384
sage_P384_0,1,6.85,1,384
sage_P384_0,1,6.80,1,384
sage_P384_0,1,10.55,1,384
sage_P384_0,1,10.37,1,384
sage_P384_0,1,6.94,1,384
sage_P384_0,1,6.89,1,384
sage_P384_0,1,6.88,1,384
sage_P384_0,1,6.93,1,384
sage_P384_0,1,6.78,1,384
sage_P384_0,1,6.97,1,384
sage_P384_0,1,6.85,1,384
sage_P384_0,1,6.89,1,384
sage_P384_0,1,6.87,1,384
sage_P384_0,1,6.86,1,384
sage_P384_0,1,6.85,1,384
sage_P384_0,1,6.84,1,384
sage_P384_0,1,6.81,1,384
sage_P384_0,1,6.87,1,384
sage_P384_0,1,6.84,1,384
sage_P384_0,1,6.83,1,384
sage_P384_0,1,6.88,1,384
sage_P384_0,1,6.89,1,384
sage_P384_0,1,6.86,1,384
sage_P384_0,1,6.89,1,384
sage_P384_0,1,6.88,1,384
sage_P384_0,1,6.95,1,384
sage_P384_0,1,6.88,1,384
sage_P384_0,1,6.86,1,384
sage_P384_0,1,6.91,1,384
sage_P384_0,1,6.82,1,384
sage_P384_0,1,6.91,1,384
sage_P384_0,1,6.84,1,384
sage_P384_0,1,6.94,1,384
sage_P384_0,1,6.88,1,384
sage_P384_0,1,6.92,1,384
sage_P384_0,1,6.92,1,384
sage_P384_0,1,6.93,1,384
sage_P384_0,1,6.86,1,384
sage_P384_0,1,6.89,1,384
sage_P384_0,1,6.87,1,384
sage_P384_0,1,6.88,1,384
sage_P384_0,1,6.95,1,384
sage_P384_0,1,6.82,1,384
sage_P384_0,1,6.89,1,384
sage_P384_0,1,6.85,1,384
sage_P384_0,1,6.84,1,384
sage_P384_0,1,6.88,1,384
sage_P384_0,1,6.90,1,384
sage_P384_0,1,6.85,1,384
sage_P384_0,1,6.91,1,384
sage_P384_0,1,6.88,1,384
sage_P384_0,1,6.92,1,384
sage_P384_0,1,6.87,1,384
sage_P384_0,1,6.88,1,384
sage_P384_0,1,6.88,1,384
sage_P384_0,1,6.85,1,384
sage_P384_0,1,6.82,1,384
sage_P384_0,1,6.82,1,384
sage_P384_0,1,6.83,1,384
sage_P384_0,1,6.84,1,384
sage_P384_0,1,6.91,1,384
sage_P384_0,1,6.90,1,384
sage_P384_0,1,6.88,1,384
sage_P384_0,1,6.89,1,384
sage_P384_0,1,6.83,1,384
sage_P384_0,1,6.81,1,384
sage_P384_0,1,6.84,1,384
sage_P384_0,1,6.90,1,384
sage_P384_0,1,6.83,1,384
sage_P384_0,1,6.84,1,384
sage_P384_0,1,6.84,1,384
sage_P384_0,1,6.88,1,384
sage_P384_0,1,6.96,1,384
sage_P384_0,1,6.90,1,384
sage_P384_0,1,6.87,1,384
sage_P384_0,1,6.86,1,384
sage_P384_0,1,6.87,1,384
sage_P384_0,1,6.88,1,384
sage_P384_0,1,6.84,1,384
sage_P384_0,1,6.92,1,384
sage_P384_0,1,6.96,1,384
sage_P384_0,1,6.88,1,384
cpp_P384_2,1,1.63,1,384
cpp_P384_2,1,1.63,1,384
cpp_P384_2,1,1.64,1,384
cpp_P384_2,1,1.60,1,384
cpp_P384_2,1,1.60,1,384
sage_P384_0,1,6.92,1,384
cpp_P384_2,1,1.63,1,384
cpp_P384_2,1,1.64,1,384
cpp_P384_2,1,1.60,1,384
sage_P384_0,1,6.98,1,384
cpp_P384_2,1,1.60,1,384
cpp_P384_2,1,1.66,1,384
cpp_P384_2,1,1.65,1,384
cpp_P384_2,1,1.60,1,384
cpp_P384_2,1,1.65,1,384
cpp_P384_2,1,1.61,1,384
cpp_P384_2,1,1.65,1,384
sage_P384_0,1,6.94,1,384
cpp_P384_2,1,1.63,1,384
cpp_P384_2,1,1.60,1,384
cpp_P384_2,1,1.63,1,384
cpp_P384_2,1,1.62,1,384
cpp_P384_2,1,1.60,1,384
cpp_P384_2,1,1.62,1,384
cpp_P384_2,1,1.62,1,384
cpp_P384_2,1,1.62,1,384
sage_P384_0,1,6.90,1,384
cpp_P384_2,1,1.59,1,384
cpp_P384_2,1,1.62,1,384
cpp_P384_2,1,1.62,1,384
cpp_P384_2,1,1.59,1,384
cpp_P384_2,1,1.62,1,384
cpp_P384_2,1,1.63,1,384
cpp_P384_2,1,1.63,1,384
cpp_P384_2,1,1.63,1,384
cpp_P384_2,1,1.60,1,384
cpp_P384_2,1,1.62,1,384
cpp_P384_2,1,1.62,1,384
cpp_P384_2,1,1.60,1,384
cpp_P384_2,1,1.62,1,384
cpp_P384_2,1,1.62,1,384
cpp_P384_2,1,1.63,1,384
cpp_P384_2,1,1.62,1,384
cpp_P384_2,1,1.58,1,384
cpp_P384_2,1,1.63,1,384
cpp_P384_2,1,1.64,1,384
cpp_P384_2,1,1.57,1,384
cpp_P384_2,1,1.62,1,384
cpp_P384_2,1,1.65,1,384
cpp_P384_2,1,1.65,1,384
cpp_P384_2,1,1.61,1,384
cpp_P384_2,1,1.65,1,384
cpp_P384_2,1,1.65,1,384
cpp_P384_2,1,1.66,1,384
cpp_P384_2,1,1.62,1,384
cpp_P384_2,1,1.65,1,384
cpp_P384_2,1,1.66,1,384
cpp_P384_2,1,1.63,1,384
cpp_P384_2,1,1.67,1,384
cpp_P384_2,1,1.65,1,384
cpp_P384_2,1,1.65,1,384
cpp_P384_2,1,1.67,1,384
cpp_P384_2,1,1.62,1,384
cpp_P384_2,1,1.67,1,384
cpp_P384_2,1,1.66,1,384
cpp_P384_2,1,1.60,1,384
cpp_P384_2,1,1.68,1,384
cpp_P384_2,1,1.68,1,384
cpp_P384_2,1,1.67,1,384
cpp_P384_2,1,1.66,1,384
cpp_P384_2,1,1.59,1,384
cpp_P384_2,1,1.65,1,384
cpp_P384_2,1,1.63,1,384
cpp_P384_2,1,1.59,1,384
cpp_P384_2,1,1.62,1,384
cpp_P384_2,1,1.64,1,384
cpp_P384_2,1,1.63,1,384
cpp_P384_2,1,1.62,1,384
cpp_P384_2,1,1.58,1,384
cpp_P384_2,1,1.64,1,384
cpp_P384_2,1,1.66,1,384
cpp_P384_2,1,1.66,1,384
cpp_P384_2,1,1.66,1,384
cpp_P384_2,1,1.68,1,384
cpp_P384_2,1,1.66,1,384
cpp_P384_2,1,1.66,1,384
cpp_P384_2,1,1.66,1,384
cpp_P384_2,1,1.68,1,384
cpp_P384_2,1,1.64,1,384
cpp_P384_2,1,1.58,1,384
cpp_P384_2,1,1.64,1,384
cpp_P384_2,1,1.64,1,384
cpp_P384_2,1,1.58,1,384
cpp_P384_2,1,1.64,1,384
cpp_P384_2,1,1.63,1,384
cpp_P384_2,1,1.64,1,384
cpp_P384_2,1,1.62,1,384
cpp_P384_2,1,1.61,1,384
cpp_P384_2,1,1.62,1,384
cpp_P384_2,1,1.62,1,384
cpp_P384_2,1,1.61,1,384
cpp_P384_2,1,1.62,1,384
cpp_P384_2,1,1.62,1,384
cpp_P384_2,1,1.62,1,384
cpp_P384_2,1,1.62,1,384
cpp_P384_2,1,1.60,1,384
cpp_P384_2,1,1.63,1,384
cpp_P384_2,1,1.63,1,384
cpp_P384_2,1,1.62,1,384
cpp_P384_2,1,1.62,1,384
cpp_P384_2,1,1.64,1,384
cpp_P384_2,1,1.62,1,384
cpp_P384_2,1,1.62,1,384
cpp_P384_2,1,1.61,1,384
cpp_P384_2,1,1.62,1,384
cpp_P384_2,1,1.63,1,384
cpp_P384_2,1,1.60,1,384
cpp_P384_2,1,1.63,1,384
cpp_P384_2,1,1.63,1,384
cpp_P384_2,1,1.62,1,384
cpp_P384_2,1,1.63,1,384
cpp_P384_2,1,1.58,1,384
cpp_P384_2,1,1.61,1,384
cpp_P384_2,1,1.58,1,384
cpp_P384_2,1,1.63,1,384
cpp_P384_2,1,1.62,1,384
cpp_P384_2,1,1.62,1,384
cpp_P384_2,1,1.64,1,384
cpp_P384_2,1,1.62,1,384
cpp_P384_2,1,1.64,1,384
cpp_P384_2,1,1.64,1,384
cpp_P384_2,1,1.63,1,384
cpp_P384_2,1,1.65,1,384
cpp_P384_2,1,1.65,1,384
cpp_P384_2,1,1.64,1,384
cpp_P384_2,1,1.64,1,384
cpp_P384_2,1,1.64,1,384
cpp_P384_2,1,1.65,1,384
cpp_P384_2,1,1.63,1,384
cpp_P384_2,1,1.63,1,384
cpp_P384_2,1,1.63,1,384
cpp_P384_2,1,1.63,1,384
cpp_P384_2,1,1.63,1,384
cpp_P384_2,1,1.62,1,384
cpp_P384_2,1,1.59,1,384
cpp_P384_2,1,1.59,1,384
cpp_P384_2,1,1.63,1,384
cpp_P384_2,1,1.59,1,384
cpp_P384_2,1,1.64,1,384
cpp_P384_2,1,1.63,1,384
cpp_P384_2,1,1.63,1,384
cpp_P384_2,1,1.63,1,384
cpp_P384_2,1,1.62,1,384
cpp_P384_2,1,1.62,1,384
cpp_P384_2,1,1.63,1,384
cpp_P384_2,1,1.63,1,384
cpp_P384_2,1,1.63,1,384
cpp_P384_2,1,1.63,1,384
cpp_P384_2,1,1.64,1,384
cpp_P384_2,1,1.64,1,384
cpp_P384_2,1,1.62,1,384
cpp_P384_2,1,1.62,1,384
cpp_P384_2,1,1.62,1,384
cpp_P384_2,1,1.63,1,384
cpp_P384_2,1,1.62,1,384
cpp_P384_2,1,1.62,1,384
cpp_P384_2,1,1.62,1,384
cpp_P384_2,1,1.62,1,384
cpp_P384_2,1,1.61,1,384
cpp_P384_2,1,1.61,1,384
cpp_P384_2,1,1.61,1,384
cpp_P384_2,1,1.61,1,384
cpp_P384_2,1,1.61,1,384
cpp_P384_2,1,1.62,1,384
cpp_P384_2,1,1.62,1,384
cpp_P384_2,1,1.63,1,384
cpp_P384_2,1,1.61,1,384
cpp_P384_2,1,1.62,1,384
cpp_P384_2,1,1.62,1,384
cpp_P384_2,1,1.64,1,384
cpp_P384_2,1,1.64,1,384
cpp_P384_2,1,1.66,1,384
cpp_P384_2,1,1.66,1,384
cpp_P384_2,1,1.66,1,384
cpp_P384_2,1,1.62,1,384
cpp_P384_2,1,1.61,1,384
cpp_P384_2,1,1.61,1,384
cpp_P384_2,1,1.64,1,384
cpp_P384_2,1,1.62,1,384
cpp_P384_2,1,1.62,1,384
cpp_P384_2,1,1.62,1,384
cpp_P384_2,1,1.62,1,384
cpp_P384_2,1,1.60,1,384
cpp_P384_2,1,1.61,1,384
cpp_P384_2,1,1.62,1,384
cpp_P384_2,1,1.62,1,384
cpp_P384_2,1,1.61,1,384
cpp_P384_2,1,1.62,1,384
cpp_P384_2,1,1.61,1,384
cpp_P384_2,1,1.61,1,384
cpp_P384_2,1,1.62,1,384
cpp_P384_2,1,1.62,1,384
cpp_P384_2,1,1.63,1,384
cpp_P384_2,1,1.62,1,384
cpp_P384_2,1,1.63,1,384
cpp_P384_2,1,1.64,1,384
cpp_P384_2,1,1.65,1,384
cpp_P384_2,1,1.65,1,384
cpp_P384_2,1,1.62,1,384
cpp_P384_2,1,1.63,1,384
cpp_P384_2,1,1.63,1,384
cpp_P384_2,1,1.64,1,384
cpp_P384_2,1,1.65,1,384
cpp_P384_2,1,1.64,1,384
cpp_P384_2,1,1.65,1,384
cpp_P384_2,1,1.63,1,384
cpp_P384_2,1,1.63,1,384
cpp_P384_2,1,1.64,1,384
cpp_P384_2,1,1.62,1,384
cpp_P384_2,1,1.62,1,384
cpp_P384_2,1,1.63,1,384
cpp_P384_2,1,1.62,1,384
cpp_P384_2,1,1.62,1,384
cpp_P384_2,1,1.62,1,384
cpp_P384_2,1,1.60,1,384
cpp_P384_2,1,1.60,1,384
cpp_P384_2,1,1.61,1,384
cpp_P384_2,1,1.64,1,384
cpp_P384_2,1,1.65,1,384
cpp_P384_2,1,1.65,1,384
cpp_P384_2,1,1.65,1,384
cpp_P384_2,1,1.66,1,384
cpp_P384_2,1,1.64,1,384
cpp_P384_2,1,1.67,1,384
cpp_P384_2,1,1.64,1,384
cpp_P384_2,1,1.67,1,384
cpp_P384_2,1,1.65,1,384
cpp_P384_2,1,1.64,1,384
cpp_P384_2,1,1.64,1,384
cpp_P384_2,1,1.63,1,384
cpp_P384_2,1,1.60,1,384
cpp_P384_2,1,1.61,1,384
cpp_P384_2,1,1.61,1,384
cpp_P384_2,1,1.61,1,384
cpp_P384_2,1,1.63,1,384
cpp_P384_2,1,1.62,1,384
cpp_P384_2,1,1.61,1,384
cpp_P384_2,1,1.63,1,384
cpp_P384_2,1,1.61,1,384
cpp_P384_2,1,1.61,1,384
cpp_P384_2,1,1.62,1,384
cpp_P384_2,1,1.65,1,384
cpp_P384_2,1,1.63,1,384
cpp_P384_2,1,1.64,1,384
sage_P384_2,1,7.56,1,384
sage_P384_2,1,7.51,1,384
sage_P384_2,1,7.43,1,384
sage_P384_2,1,7.57,1,384
sage_P384_2,1,7.38,1,384
sage_P384_2,1,7.46,1,384
sage_P384_2,1,7.52,1,384
sage_P384_2,1,7.57,1,384
sage_P384_2,1,7.48,1,384
sage_P384_2,1,7.54,1,384
sage_P384_2,1,7.32,1,384
sage_P384_2,1,7.54,1,384
sage_P384_2,1,7.64,1,384
sage_P384_2,1,7.36,1,384
sage_P384_2,1,7.52,1,384
sage_P384_2,1,7.54,1,384
sage_P384_2,1,7.51,1,384
sage_P384_2,1,7.47,1,384
sage_P384_2,1,7.58,1,384
sage_P384_2,1,7.47,1,384
sage_P384_2,1,7.43,1,384
sage_P384_2,1,7.50,1,384
sage_P384_2,1,7.43,1,384
sage_P384_2,1,7.92,1,384
sage_P384_2,1,7.43,1,384
sage_P384_2,1,7.45,1,384
sage_P384_2,1,7.37,1,384
sage_P384_2,1,7.32,1,384
sage_P384_2,1,7.54,1,384
sage_P384_2,1,7.52,1,384
sage_P384_2,1,7.48,1,384
sage_P384_2,1,8.33,1,384
sage_P384_2,1,7.47,1,384
sage_P384_2,1,7.44,1,384
sage_P384_2,1,7.38,1,384
sage_P384_2,1,7.47,1,384
sage_P384_2,1,7.85,1,384
sage_P384_2,1,7.51,1,384
sage_P384_2,1,7.51,1,384
sage_P384_2,1,7.53,1,384
sage_P384_2,1,7.45,1,384
sage_P384_2,1,7.46,1,384
sage_P384_2,1,7.37,1,384
sage_P384_2,1,7.36,1,384
sage_P384_2,1,7.42,1,384
sage_P384_2,1,7.42,1,384
sage_P384_2,1,7.36,1,384
sage_P384_2,1,7.36,1,384
sage_P384_2,1,7.48,1,384
sage_P384_2,1,7.51,1,384
sage_P384_2,1,7.40,1,384
sage_P384_2,1,7.55,1,384
sage_P384_2,1,7.42,1,384
sage_P384_2,1,7.34,1,384
sage_P384_2,1,7.52,1,384
sage_P384_2,1,7.37,1,384
sage_P384_2,1,7.54,1,384
sage_P384_2,1,7.51,1,384
sage_P384_2,1,7.36,1,384
sage_P384_2,1,7.58,1,384
sage_P384_2,1,7.52,1,384
sage_P384_2,1,7.43,1,384
sage_P384_2,1,7.46,1,384
sage_P384_2,1,7.58,1,384
sage_P384_2,1,7.47,1,384
sage_P384_2,1,7.67,1,384
sage_P384_2,1,7.42,1,384
sage_P384_2,1,7.54,1,384
sage_P384_2,1,7.34,1,384
sage_P384_2,1,7.52,1,384
sage_P384_2,1,7.48,1,384
sage_P384_2,1,7.97,1,384
sage_P384_2,1,7.47,1,384
sage_P384_2,1,7.42,1,384
sage_P384_2,1,7.44,1,384
sage_P384_2,1,7.42,1,384
sage_P384_2,1,7.49,1,384
sage_P384_2,1,7.54,1,384
sage_P384_2,1,7.41,1,384
sage_P384_2,1,7.47,1,384
sage_P384_2,1,7.51,1,384
sage_P384_2,1,7.43,1,384
sage_P384_2,1,7.45,1,384
sage_P384_2,1,7.51,1,384
sage_P384_2,1,7.45,1,384
sage_P384_2,1,7.51,1,384
sage_P384_2,1,7.38,1,384
sage_P384_2,1,7.44,1,384
sage_P384_2,1,7.48,1,384
sage_P384_2,1,7.37,1,384
sage_P384_2,1,7.57,1,384
sage_P384_2,1,7.46,1,384
sage_P384_2,1,7.44,1,384
sage_P384_2,1,7.49,1,384
sage_P384_2,1,7.43,1,384
sage_P384_2,1,7.51,1,384
sage_P384_2,1,7.32,1,384
sage_P384_2,1,7.49,1,384
sage_P384_2,1,7.46,1,384
sage_P384_2,1,7.50,1,384
sage_P384_2,1,7.31,1,384
sage_P384_2,1,7.47,1,384
sage_P384_2,1,7.35,1,384
sage_P384_2,1,7.56,1,384
sage_P384_2,1,7.43,1,384
sage_P384_2,1,7.46,1,384
sage_P384_2,1,7.44,1,384
sage_P384_2,1,7.39,1,384
sage_P384_2,1,7.68,1,384
sage_P384_2,1,7.38,1,384
sage_P384_2,1,7.38,1,384
sage_P384_2,1,7.37,1,384
sage_P384_2,1,7.46,1,384
sage_P384_2,1,7.41,1,384
sage_P384_2,1,7.58,1,384
sage_P384_2,1,7.46,1,384
sage_P384_2,1,7.40,1,384
sage_P384_2,1,7.42,1,384
sage_P384_2,1,7.49,1,384
sage_P384_2,1,7.49,1,384
sage_P384_2,1,7.48,1,384
sage_P384_2,1,7.41,1,384
sage_P384_2,1,7.48,1,384
sage_P384_2,1,7.30,1,384
sage_P384_2,1,7.44,1,384
sage_P384_2,1,7.41,1,384
sage_P384_2,1,7.43,1,384
sage_P384_2,1,7.44,1,384
sage_P384_2,1,7.38,1,384
sage_P384_2,1,7.44,1,384
sage_P384_2,1,7.41,1,384
sage_P384_2,1,7.38,1,384
sage_P384_2,1,7.32,1,384
sage_P384_2,1,7.38,1,384
sage_P384_2,1,7.38,1,384
sage_P384_2,1,7.42,1,384
sage_P384_2,1,7.44,1,384
sage_P384_2,1,7.49,1,384
sage_P384_2,1,7.35,1,384
sage_P384_2,1,7.35,1,384
sage_P384_2,1,7.48,1,384
sage_P384_2,1,7.44,1,384
sage_P384_2,1,7.49,1,384
sage_P384_2,1,7.49,1,384
sage_P384_2,1,7.49,1,384
sage_P384_2,1,7.52,1,384
sage_P384_2,1,7.51,1,384
sage_P384_2,1,7.42,1,384
sage_P384_2,1,7.46,1,384
sage_P384_2,1,7.45,1,384
sage_P384_2,1,7.54,1,384
sage_P384_2,1,7.53,1,384
sage_P384_2,1,7.41,1,384
sage_P384_2,1,7.46,1,384
sage_P384_2,1,7.39,1,384
sage_P384_2,1,7.45,1,384
sage_P384_2,1,7.37,1,384
sage_P384_2,1,7.49,1,384
sage_P384_2,1,7.47,1,384
sage_P384_2,1,7.62,1,384
sage_P384_2,1,7.53,1,384
sage_P384_2,1,7.41,1,384
sage_P384_2,1,7.51,1,384
sage_P384_2,1,7.72,1,384
sage_P384_2,1,7.51,1,384
sage_P384_2,1,7.41,1,384
sage_P384_2,1,7.34,1,384
sage_P384_2,1,7.37,1,384
sage_P384_2,1,7.63,1,384
sage_P384_2,1,7.58,1,384
sage_P384_2,1,7.32,1,384
sage_P384_2,1,7.53,1,384
sage_P384_2,1,7.30,1,384
sage_P384_2,1,7.52,1,384
sage_P384_2,1,7.56,1,384
sage_P384_2,1,7.54,1,384
sage_P384_2,1,7.48,1,384
sage_P384_2,1,7.53,1,384
sage_P384_2,1,7.27,1,384
sage_P384_2,1,7.28,1,384
sage_P384_2,1,7.46,1,384
sage_P384_2,1,8.07,1,384
sage_P384_2,1,10.55,1,384
sage_P384_2,1,9.96,1,384
sage_P384_2,1,7.49,1,384
sage_P384_2,1,7.51,1,384
sage_P384_2,1,7.46,1,384
sage_P384_2,1,7.28,1,384
sage_P384_2,1,7.52,1,384
sage_P384_2,1,7.85,1,384
sage_P384_2,1,7.61,1,384
sage_P384_2,1,7.27,1,384
sage_P384_2,1,7.64,1,384
sage_P384_2,1,7.52,1,384
sage_P384_2,1,7.65,1,384
sage_P384_2,1,8.01,1,384
sage_P384_2,1,7.50,1,384
sage_P384_2,1,7.35,1,384
sage_P384_2,1,7.32,1,384
sage_P384_2,1,7.52,1,384
sage_P384_2,1,7.59,1,384
sage_P384_2,1,7.57,1,384
sage_P384_2,1,8.34,1,384
sage_P384_2,1,7.62,1,384
sage_P384_2,1,8.53,1,384
sage_P384_2,1,7.35,1,384
sage_P384_2,1,7.63,1,384
sage_P384_2,1,8.60,1,384
sage_P384_2,1,7.41,1,384
sage_P384_2,1,7.51,1,384
sage_P384_2,1,7.30,1,384
sage_P384_2,1,7.55,1,384
sage_P384_2,1,7.56,1,384
sage_P384_2,1,7.61,1,384
sage_P384_2,1,7.64,1,384
sage_P384_2,1,7.62,1,384
sage_P384_2,1,7.62,1,384
sage_P384_2,1,7.46,1,384
sage_P384_2,1,7.45,1,384
sage_P384_2,1,7.60,1,384
sage_P384_2,1,7.38,1,384
sage_P384_2,1,7.57,1,384
sage_P384_2,1,7.58,1,384
sage_P384_2,1,7.45,1,384
sage_P384_2,1,7.83,1,384
sage_P384_2,1,7.71,1,384
sage_P384_2,1,7.40,1,384
sage_P384_2,1,7.63,1,384
sage_P384_2,1,7.81,1,384
sage_P384_2,1,7.64,1,384
sage_P384_2,1,7.59,1,384
sage_P384_2,1,7.59,1,384
sage_P384_2,1,7.67,1,384
sage_P384_2,1,7.30,1,384
sage_P384_2,1,7.68,1,384
sage_P384_2,1,7.64,1,384
sage_P384_2,1,7.87,1,384
sage_P384_2,1,7.69,1,384
sage_P384_2,1,7.64,1,384
sage_P384_2,1,7.81,1,384
sage_P384_2,1,7.69,1,384
sage_P384_2,1,7.66,1,384
sage_P384_2,1,7.66,1,384
sage_P384_2,1,7.65,1,384
cpp_P384_3,1,1.42,1,314
sage_P384_2,1,7.26,1,384
sage_P384_2,1,7.59,1,384
cpp_P384_3,1,1.41,1,314
cpp_P384_3,1,1.75,2,314
cpp_P384_3,1,1.37,1,314
cpp_P384_3,1,1.74,2,314
sage_P384_2,1,7.57,1,384
cpp_P384_3,1,1.41,1,314
cpp_P384_3,1,1.41,1,314
cpp_P384_3,1,1.39,1,314
sage_P384_2,1,7.61,1,384
cpp_P384_3,1,1.41,1,314
cpp_P384_3,1,1.40,1,314
cpp_P384_3,1,2.05,3,314
cpp_P384_3,1,1.38,1,314
cpp_P384_3,1,1.40,1,314
cpp_P384_3,1,1.39,1,314
cpp_P384_3,1,2.68,5,314
cpp_P384_3,1,1.39,1,314
cpp_P384_3,1,1.67,2,314
cpp_P384_3,1,2.03,3,314
cpp_P384_3,1,1.38,1,314
cpp_P384_3,1,1.39,1,314
cpp_P384_3,1,1.70,2,314
cpp_P384_3,1,2.66,5,314
cpp_P384_3,1,1.39,1,314
cpp_P384_3,1,1.71,2,314
sage_P384_2,1,7.32,1,384
cpp_P384_3,1,1.39,1,314
cpp_P384_3,1,1.72,2,314
cpp_P384_3,1,2.03,3,314
sage_P384_2,1,7.49,1,384
cpp_P384_3,1,1.39,1,314
cpp_P384_3,1,2.02,3,314
cpp_P384_3,1,1.36,1,314
cpp_P384_3,1,1.69,2,314
cpp_P384_3,1,1.38,1,314
cpp_P384_3,1,1.38,1,314
cpp_P384_3,1,1.71,2,314
cpp_P384_3,1,1.39,1,314
cpp_P384_3,1,1.71,2,314
cpp_P384_3,1,2.03,3,314
cpp_P384_3,1,1.36,1,314
cpp_P384_3,1,1.39,1,314
cpp_P384_3,1,1.39,1,314
cpp_P384_3,1,2.30,4,314
cpp_P384_3,1,1.39,1,314
cpp_P384_3,1,1.38,1,314
cpp_P384_3,1,1.71,2,314
cpp_P384_3,1,2.01,3,314
cpp_P384_3,1,1.39,1,314
cpp_P384_3,1,2.33,4,314
cpp_P384_3,1,1.40,1,314
cpp_P384_3,1,1.37,1,314
cpp_P384_3,1,1.39,1,314
cpp_P384_3,1,1.43,1,314
cpp_P384_3,1,1.72,2,314
cpp_P384_3,1,1.42,1,314
cpp_P384_3,1,1.42,1,314
cpp_P384_3,1,1.75,2,314
cpp_P384_3,1,1.39,1,314
cpp_P384_3,1,1.42,1,314
cpp_P384_3,1,1.39,1,314
cpp_P384_3,1,1.38,1,314
cpp_P384_3,1,1.35,1,314
cpp_P384_3,1,1.98,3,314
cpp_P384_3,1,1.70,2,314
cpp_P384_3,1,2.02,3,314
cpp_P384_3,1,1.70,2,314
cpp_P384_3,1,1.39,1,314
cpp_P384_3,1,1.39,1,314
cpp_P384_3,1,1.38,1,314
cpp_P384_3,1,4.27,10,314
cpp_P384_3,1,1.41,1,314
cpp_P384_3,1,1.70,2,314
cpp_P384_3,1,1.43,1,314
cpp_P384_3,1,1.42,1,314
cpp_P384_3,1,1.43,1,314
cpp_P384_3,1,2.06,3,314
cpp_P384_3,1,1.41,1,314
cpp_P384_3,1,1.41,1,314
cpp_P384_3,1,1.70,2,314
cpp_P384_3,1,1.39,1,314
cpp_P384_3,1,1.40,1,314
cpp_P384_3,1,1.38,1,314
cpp_P384_3,1,1.38,1,314
cpp_P384_3,1,1.37,1,314
cpp_P384_3,1,1.70,2,314
cpp_P384_3,1,1.36,1,314
cpp_P384_3,1,1.37,1,314
cpp_P384_3,1,1.69,2,314
cpp_P384_3,1,1.38,1,314
cpp_P384_3,1,1.69,2,314
cpp_P384_3,1,1.71,2,314
cpp_P384_3,1,1.35,1,314
cpp_P384_3,1,1.37,1,314
cpp_P384_3,1,1.40,1,314
cpp_P384_3,1,1.72,2,314
cpp_P384_3,1,1.40,1,314
cpp_P384_3,1,1.41,1,314
cpp_P384_3,1,1.39,1,314
cpp_P384_3,1,2.67,5,314
cpp_P384_3,1,1.38,1,314
cpp_P384_3,1,1.37,1,314
cpp_P384_3,1,1.39,1,314
cpp_P384_3,1,1.41,1,314
cpp_P384_3,1,1.37,1,314
cpp_P384_3,1,1.39,1,314
cpp_P384_3,1,2.04,3,314
cpp_P384_3,1,1.67,2,314
cpp_P384_3,1,2.04,3,314
cpp_P384_3,1,2.99,6,314
cpp_P384_3,1,1.72,2,314
cpp_P384_3,1,1.41,1,314
cpp_P384_3,1,1.41,1,314
cpp_P384_3,1,1.39,1,314
cpp_P384_3,1,1.70,2,314
cpp_P384_3,1,1.72,2,314
cpp_P384_3,1,4.91,12,314
cpp_P384_3,1,1.42,1,314
cpp_P384_3,1,1.73,2,314
cpp_P384_3,1,1.41,1,314
cpp_P384_3,1,1.39,1,314
cpp_P384_3,1,1.41,1,314
cpp_P384_3,1,1.71,2,314
cpp_P384_3,1,1.41,1,314
cpp_P384_3,1,1.74,2,314
cpp_P384_3,1,1.73,2,314
cpp_P384_3,1,1.72,2,314
cpp_P384_3,1,1.40,1,314
cpp_P384_3,1,1.38,1,314
cpp_P384_3,1,1.39,1,314
cpp_P384_3,1,1.36,1,314
cpp_P384_3,1,1.71,2,314
cpp_P384_3,1,1.39,1,314
cpp_P384_3,1,1.71,2,314
cpp_P384_3,1,1.39,1,314
cpp_P384_3,1,1.39,1,314
cpp_P384_3,1,1.67,2,314
cpp_P384_3,1,2.30,4,314
cpp_P384_3,1,1.39,1,314
cpp_P384_3,1,1.71,2,314
cpp_P384_3,1,1.39,1,314
cpp_P384_3,1,1.40,1,314
cpp_P384_3,1,1.72,2,314
cpp_P384_3,1,1.39,1,314
cpp_P384_3,1,1.39,1,314
cpp_P384_3,1,4.26,10,314
cpp_P384_3,1,1.40,1,314
cpp_P384_3,1,1.73,2,314
cpp_P384_3,1,1.40,1,314
cpp_P384_3,1,1.71,2,314
cpp_P384_3,1,2.04,3,314
cpp_P384_3,1,1.39,1,314
cpp_P384_3,1,1.37,1,314
cpp_P384_3,1,1.38,1,314
cpp_P384_3,1,1.37,1,314
cpp_P384_3,1,1.70,2,314
cpp_P384_3,1,1.69,2,314
cpp_P384_3,1,1.37,1,314
cpp_P384_3,1,1.39,1,314
cpp_P384_3,1,1.36,1,314
cpp_P384_3,1,1.40,1,314
cpp_P384_3,1,1.97,3,314
cpp_P384_3,1,1.71,2,314
cpp_P384_3,1,1.72,2,314
cpp_P384_3,1,1.72,2,314
cpp_P384_3,1,1.39,1,314
cpp_P384_3,1,1.72,2,314
cpp_P384_3,1,1.35,1,314
cpp_P384_3,1,1.37,1,314
cpp_P384_3,1,2.06,3,314
cpp_P384_3,1,1.43,1,314
cpp_P384_3,1,1.75,2,314
cpp_P384_3,1,1.76,2,314
cpp_P384_3,1,1.76,2,314
cpp_P384_3,1,1.36,1,314
cpp_P384_3,1,2.08,3,314
cpp_P384_3,1,1.39,1,314
cpp_P384_3,1,1.71,2,314
cpp_P384_3,1,1.61,1,314
cpp_P384_3,1,2.89,6,314
cpp_P384_3,1,1.39,1,314
cpp_P384_3,1,1.39,1,314
cpp_P384_3,1,1.35,1,314
cpp_P384_3,1,1.38,1,314
cpp_P384_3,1,1.36,1,314
cpp_P384_3,1,1.38,1,314
cpp_P384_3,1,1.69,2,314
cpp_P384_3,1,1.36,1,314
cpp_P384_3,1,3.03,3,314
cpp_P384_3,1,2.17,1,314
cpp_P384_3,1,1.39,1,314
cpp_P384_3,1,1.39,1,314
cpp_P384_3,1,1.35,1,314
cpp_P384_3,1,2.96,6,314
cpp_P384_3,1,1.65,2,314
cpp_P384_3,1,1.40,1,314
cpp_P384_3,1,1.41,1,314
cpp_P384_3,1,1.43,1,314
cpp_P384_3,1,2.69,5,314
cpp_P384_3,1,1.42,1,314
cpp_P384_3,1,1.41,1,314
cpp_P384_3,1,1.73,2,314
cpp_P384_3,1,1.41,1,314
cpp_P384_3,1,2.07,3,314
cpp_P384_3,1,1.74,2,314
cpp_P384_3,1,1.39,1,314
cpp_P384_3,1,1.36,1,314
cpp_P384_3,1,2.02,3,314
cpp_P384_3,1,1.35,1,314
cpp_P384_3,1,2.01,3,314
cpp_P384_3,1,1.39,1,314
cpp_P384_3,1,1.39,1,314
cpp_P384_3,1,1.39,1,314
cpp_P384_3,1,1.40,1,314
cpp_P384_3,1,1.73,2,314
cpp_P384_3,1,1.70,2,314
cpp_P384_3,1,1.41,1,314
cpp_P384_3,1,1.42,1,314
cpp_P384_3,1,2.36,4,314
cpp_P384_3,1,2.06,3,314
cpp_P384_3,1,1.43,1,314
cpp_P384_3,1,1.41,1,314
cpp_P384_3,1,1.71,2,314
cpp_P384_3,1,1.72,2,314
cpp_P384_3,1,1.73,2,314
cpp_P384_3,1,1.40,1,314
cpp_P384_3,1,1.71,2,314
cpp_P384_3,1,1.41,1,314
cpp_P384_3,1,1.39,1,314
cpp_P384_3,1,3.98,9,314
cpp_P384_3,1,1.39,1,314
cpp_P384_3,1,1.67,2,314
cpp_P384_3,1,1.40,1,314
cpp_P384_3,1,1.38,1,314
cpp_P384_3,1,1.34,1,314
cpp_P384_3,1,1.39,1,314
cpp_P384_3,1,1.39,1,314
cpp_P384_3,1,1.38,1,314
cpp_P384_3,1,1.69,2,314
cpp_P384_3,1,1.40,1,314
cpp_P384_3,1,1.68,2,314
cpp_P384_3,1,1.41,1,314
cpp_P384_3,1,1.37,1,314
cpp_P384_3,1,1.41,1,314
cpp_P384_3,1,1.42,1,314
cpp_P384_3,1,1.42,1,314
cpp_P384_3,1,1.75,2,314
cpp_P384_3,1,1.37,1,314
cpp_P384_3,1,1.72,2,314
cpp_P384_3,1,1.39,1,314
cpp_P384_3,1,1.38,1,314
cpp_P384_3,1,1.73,2,314
cpp_P384_3,1,1.41,1,314
sage_P384_3,1,6.93,1,314
sage_P384_3,1,6.73,1,314
sage_P384_3,1,6.73,1,314
sage_P384_3,1,6.98,1,314
sage_P384_3,1,7.51,2,314
sage_P384_3,1,7.64,2,314
sage_P384_3,1,7.50,2,314
sage_P384_3,1,7.54,2,314
sage_P384_3,1,6.76,1,314
sage_P384_3,1,6.79,1,314
sage_P384_3,1,6.80,1,314
sage_P384_3,1,6.84,1,314
sage_P384_3,1,8.55,4,314
sage_P384_3,1,7.37,2,314
sage_P384_3,1,6.83,1,314
sage_P384_3,1,6.86,1,314
sage_P384_3,1,6.88,1,314
sage_P384_3,1,7.38,2,314
sage_P384_3,1,7.37,2,314
sage_P384_3,1,6.78,1,314
sage_P384_3,1,8.02,3,314
sage_P384_3,1,6.92,1,314
sage_P384_3,1,7.45,2,314
sage_P384_3,1,7.49,2,314
sage_P384_3,1,6.68,1,314
sage_P384_3,1,6.70,1,314
sage_P384_3,1,7.50,2,314
sage_P384_3,1,6.87,1,314
sage_P384_3,1,6.90,1,314
sage_P384_3,1,6.93,1,314
sage_P384_3,1,6.93,1,314
sage_P384_3,1,6.94,1,314
sage_P384_3,1,6.92,1,314
sage_P384_3,1,7.53,2,314
sage_P384_3,1,8.60,4,314
sage_P384_3,1,6.70,1,314
sage_P384_3,1,6.96,1,314
sage_P384_3,1,6.99,1,314
sage_P384_3,1,6.93,1,314
sage_P384_3,1,8.00,3,314
sage_P384_3,1,6.56,1,314
sage_P384_3,1,6.94,1,314
sage_P384_3,1,7.46,2,314
sage_P384_3,1,6.94,1,314
sage_P384_3,1,6.91,1,314
sage_P384_3,1,6.95,1,314
sage_P384_3,1,8.08,3,314
sage_P384_3,1,10.16,7,314
sage_P384_3,1,6.94,1,314
sage_P384_3,1,6.95,1,314
sage_P384_3,1,7.91,3,314
sage_P384_3,1,6.73,1,314
sage_P384_3,1,7.60,2,314
sage_P384_3,1,6.92,1,314
sage_P384_3,1,8.08,3,314
sage_P384_3,1,8.11,3,314
sage_P384_3,1,6.94,1,314
sage_P384_3,1,6.67,1,314
sage_P384_3,1,7.46,2,314
sage_P384_3,1,6.91,1,314
sage_P384_3,1,6.93,1,314
sage_P384_3,1,6.92,1,314
sage_P384_3,1,10.27,7,314
sage_P384_3,1,13.66,13,314
sage_P384_3,1,6.74,1,314
sage_P384_3,1,6.71,1,314
sage_P384_3,1,6.91,1,314
sage_P384_3,1,7.57,2,314
sage_P384_3,1,6.92,1,314
sage_P384_3,1,7.52,2,314
sage_P384_3,1,8.03,3,314
sage_P384_3,1,6.77,1,314
sage_P384_3,1,6.99,1,314
sage_P384_3,1,6.76,1,314
sage_P384_3,1,6.98,1,314
sage_P384_3,1,6.99,1,314
sage_P384_3,1,7.56,2,314
sage_P384_3,1,7.53,2,314
sage_P384_3,1,6.93,1,314
sage_P384_3,1,6.98,1,314
sage_P384_3,1,6.87,1,314
sage_P384_3,1,7.02,1,314
sage_P384_3,1,7.42,2,314
sage_P384_3,1,6.81,1,314
sage_P384_3,1,6.97,1,314
sage_P384_3,1,8.10,3,314
sage_P384_3,1,6.99,1,314
sage_P384_3,1,6.98,1,314
sage_P384_3,1,6.97,1,314
sage_P384_3,1,7.33,2,314
sage_P384_3,1,6.98,1,314
sage_P384_3,1,6.70,1,314
sage_P384_3,1,7.50,2,314
sage_P384_3,1,6.99,1,314
sage_P384_3,1,6.97,1,314
sage_P384_3,1,6.98,1,314
sage_P384_3,1,6.80,1,314
sage_P384_3,1,10.97,8,314
sage_P384_3,1,6.89,1,314
sage_P384_3,1,8.03,3,314
sage_P384_3,1,6.93,1,314
sage_P384_3,1,8.49,4,314
sage_P384_3,1,6.92,1,314
sage_P384_3,1,6.80,1,314
sage_P384_3,1,6.95,1,314
sage_P384_3,1,8.56,4,314
sage_P384_3,1,7.00,1,314
sage_P384_3,1,8.07,3,314
sage_P384_3,1,7.38,2,314
sage_P384_3,1,6.95,1,314
sage_P384_3,1,6.88,1,314
sage_P384_3,1,6.98,1,314
sage_P384_3,1,6.96,1,314
sage_P384_3,1,8.07,3,314
sage_P384_3,1,9.36,5,314
sage_P384_3,1,6.79,1,314
sage_P384_3,1,7.93,2,314
sage_P384_3,1,7.59,2,314
sage_P384_3,1,6.75,1,314
sage_P384_3,1,7.00,1,314
sage_P384_3,1,7.01,1,314
sage_P384_3,1,7.61,2,314
sage_P384_3,1,6.87,1,314
sage_P384_3,1,9.27,5,314
sage_P384_3,1,6.71,1,314
sage_P384_3,1,6.87,1,314
sage_P384_3,1,6.84,1,314
sage_P384_3,1,6.96,1,314
sage_P384_3,1,6.88,1,314
sage_P384_3,1,7.46,2,314
sage_P384_3,1,7.35,2,314
sage_P384_3,1,8.17,3,314
sage_P384_3,1,6.96,1,314
sage_P384_3,1,7.28,2,314
sage_P384_3,1,7.62,2,314
sage_P384_3,1,8.71,4,314
sage_P384_3,1,6.91,1,314
sage_P384_3,1,6.93,1,314
sage_P384_3,1,7.38,2,314
sage_P384_3,1,8.06,3,314
sage_P384_3,1,7.36,2,314
sage_P384_3,1,6.89,1,314
sage_P384_3,1,9.15,5,314
sage_P384_3,1,6.92,1,314
sage_P384_3,1,8.14,3,314
sage_P384_3,1,6.91,1,314
sage_P384_3,1,6.91,1,314
sage_P384_3,1,7.39,2,314
sage_P384_3,1,6.85,1,314
sage_P384_3,1,9.74,6,314
sage_P384_3,1,6.77,1,314
sage_P384_3,1,7.43,2,314
sage_P384_3,1,6.81,1,314
sage_P384_3,1,7.01,1,314
sage_P384_3,1,6.98,1,314
sage_P384_3,1,6.91,1,314
sage_P384_3,1,6.84,1,314
sage_P384_3,1,7.52,2,314
sage_P384_3,1,7.40,2,314
sage_P384_3,1,6.91,1,314
sage_P384_3,1,6.84,1,314
sage_P384_3,1,8.62,4,314
sage_P384_3,1,6.85,1,314
sage_P384_3,1,6.89,1,314
sage_P384_3,1,6.91,1,314
sage_P384_3,1,6.87,1,314
sage_P384_3,1,7.44,2,314
sage_P384_3,1,8.00,3,314
sage_P384_3,1,6.97,1,314
sage_P384_3,1,7.50,2,314
sage_P384_3,1,6.78,1,314
sage_P384_3,1,6.91,1,314
sage_P384_3,1,6.78,1,314
sage_P384_3,1,6.94,1,314
sage_P384_3,1,6.92,1,314
sage_P384_3,1,6.79,1,314
sage_P384_3,1,7.45,2,314
sage_P384_3,1,8.62,4,314
sage_P384_3,1,6.85,1,314
sage_P384_3,1,8.20,3,314
sage_P384_3,1,6.99,1,314
sage_P384_3,1,6.98,1,314
sage_P384_3,1,7.02,1,314
sage_P384_3,1,7.11,1,314
sage_P384_3,1,8.15,3,314
sage_P384_3,1,7.52,2,314
sage_P384_3,1,7.11,1,314
sage_P384_3,1,7.57,2,314
sage_P384_3,1,6.95,1,314
sage_P384_3,1,7.41,2,314
sage_P384_3,1,6.94,1,314
sage_P384_3,1,6.92,1,314
sage_P384_3,1,7.01,1,314
sage_P384_3,1,6.98,1,314
sage_P384_3,1,6.69,1,314
sage_P384_3,1,6.95,1,314
sage_P384_3,1,6.96,1,314
sage_P384_3,1,8.11,3,314
sage_P384_3,1,6.75,1,314
sage_P384_3,1,7.01,1,314
sage_P384_3,1,6.94,1,314
sage_P384_3,1,6.90,1,314
sage_P384_3,1,8.37,3,314
sage_P384_3,1,6.90,1,314
sage_P384_3,1,6.74,1,314
sage_P384_3,1,6.86,1,314
sage_P384_3,1,8.61,4,314
sage_P384_3,1,6.68,1,314
sage_P384_3,1,6.74,1,314
sage_P384_3,1,6.97,1,314
sage_P384_3,1,7.01,1,314
sage_P384_3,1,7.63,2,314
sage_P384_3,1,6.98,1,314
sage_P384_3,1,10.85,8,314
sage_P384_3,1,6.77,1,314
sage_P384_3,1,10.76,8,314
sage_P384_3,1,7.30,2,314
sage_P384_3,1,6.86,1,314
sage_P384_3,1,6.82,1,314
sage_P384_3,1,6.88,1,314
sage_P384_3,1,7.44,2,314
sage_P384_3,1,8.05,3,314
sage_P384_3,1,6.76,1,314
sage_P384_3,1,7.58,2,314
sage_P384_3,1,6.95,1,314
sage_P384_3,1,8.42,4,314
sage_P384_3,1,6.80,1,314
sage_P384_3,1,7.51,2,314
sage_P384_3,1,7.54,2,314
sage_P384_3,1,8.15,3,314
sage_P384_3,1,6.83,1,314
sage_P384_3,1,9.36,5,314
sage_P384_3,1,7.00,1,314
sage_P384_3,1,6.92,1,314
sage_P384_3,1,7.28,2,314
sage_P384_3,1,6.92,1,314
sage_P384_3,1,7.57,2,314
sage_P384_3,1,6.99,1,314
sage_P384_3,1,7.28,2,314
sage_P384_3,1,6.87,1,314
sage_P384_3,1,6.99,1,314
sage_P384_3,1,6.95,1,314
sage_P384_3,1,9.37,5,314
sage_P384_3,1,6.89,1,314
sage_P384_3,1,7.01,1,314
cpp_P384_4,1,1.64,2,297
cpp_P384_4,1,1.35,1,297
sage_P384_3,1,6.97,1,314
cpp_P384_4,1,2.23,4,297
cpp_P384_4,1,1.35,1,297
cpp_P384_4,1,1.65,2,297
cpp_P384_4,1,1.34,1,297
sage_P384_3,1,6.94,1,314
cpp_P384_4,1,1.65,2,297
cpp_P384_4,1,1.95,3,297
cpp_P384_4,1,1.66,2,297
cpp_P384_4,1,2.27,4,297
cpp_P384_4,1,2.47,5,297
cpp_P384_4,1,1.35,1,297
cpp_P384_4,1,1.35,1,297
cpp_P384_4,1,1.65,2,297
cpp_P384_4,1,1.64,2,297
cpp_P384_4,1,1.32,1,297
cpp_P384_4,1,1.60,2,297
sage_P384_3,1,6.81,1,314
cpp_P384_4,1,1.34,1,297
sage_P384_3,1,6.82,1,314
cpp_P384_4,1,1.34,1,297
cpp_P384_4,1,1.33,1,297
cpp_P384_4,1,1.32,1,297
cpp_P384_4,1,1.35,1,297
sage_P384_3,1,6.62,1,314
cpp_P384_4,1,1.95,3,297
cpp_P384_4,1,1.65,2,297
cpp_P384_4,1,1.35,1,297
cpp_P384_4,1,1.36,1,297
cpp_P384_4,1,1.34,1,297
cpp_P384_4,1,4.31,11,297
cpp_P384_4,1,1.93,3,297
cpp_P384_4,1,2.25,4,297
cpp_P384_4,1,1.65,2,297
cpp_P384_4,1,1.96,3,297
cpp_P384_4,1,1.37,1,297
cpp_P384_4,1,1.39,1,297
cpp_P384_4,1,2.28,4,297
cpp_P384_4,1,2.26,4,297
cpp_P384_4,1,1.32,1,297
cpp_P384_4,1,1.63,2,297
cpp_P384_4,1,1.37,1,297
cpp_P384_4,1,1.35,1,297
cpp_P384_4,1,1.65,2,297
cpp_P384_4,1,1.65,2,297
cpp_P384_4,1,1.32,1,297
cpp_P384_4,1,1.65,2,297
cpp_P384_4,1,2.26,4,297
cpp_P384_4,1,1.34,1,297
cpp_P384_4,1,2.21,4,297
cpp_P384_4,1,1.34,1,297
cpp_P384_4,1,1.67,2,297
cpp_P384_4,1,1.65,2,297
cpp_P384_4,1,2.25,4,297
cpp_P384_4,1,1.36,1,297
cpp_P384_4,1,1.36,1,297
cpp_P384_4,1,1.95,3,297
cpp_P384_4,1,1.31,1,297
cpp_P384_4,1,1.63,2,297
cpp_P384_4,1,1.38,1,297
cpp_P384_4,1,1.38,1,297
cpp_P384_4,1,1.68,2,297
cpp_P384_4,1,1.39,1,297
cpp_P384_4,1,1.98,3,297
cpp_P384_4,1,1.36,1,297
cpp_P384_4,1,2.88,6,297
cpp_P384_4,1,1.36,1,297
cpp_P384_4,1,1.63,2,297
cpp_P384_4,1,1.33,1,297
cpp_P384_4,1,1.64,2,297
cpp_P384_4,1,1.34,1,297
cpp_P384_4,1,1.34,1,297
cpp_P384_4,1,1.92,3,297
cpp_P384_4,1,3.16,7,297
cpp_P384_4,1,1.66,2,297
cpp_P384_4,1,2.85,6,297
cpp_P384_4,1,1.35,1,297
cpp_P384_4,1,1.36,1,297
cpp_P384_4,1,2.81,6,297
cpp_P384_4,1,1.63,2,297
cpp_P384_4,1,1.96,3,297
cpp_P384_4,1,1.34,1,297
cpp_P384_4,1,1.33,1,297
cpp_P384_4,1,1.63,2,297
cpp_P384_4,1,1.94,3,297
cpp_P384_4,1,1.64,2,297
cpp_P384_4,1,1.35,1,297
cpp_P384_4,1,1.89,3,297
cpp_P384_4,1,1.34,1,297
cpp_P384_4,1,2.18,4,297
cpp_P384_4,1,2.26,4,297
cpp_P384_4,1,1.34,1,297
cpp_P384_4,1,1.95,3,297
cpp_P384_4,1,1.32,1,297
cpp_P384_4,1,1.32,1,297
cpp_P384_4,1,3.15,7,297
cpp_P384_4,1,2.26,4,297
cpp_P384_4,1,1.66,2,297
cpp_P384_4,1,1.67,2,297
cpp_P384_4,1,1.37,1,297
cpp_P384_4,1,1.33,1,297
cpp_P384_4,1,1.38,1,297
cpp_P384_4,1,2.89,6,297
cpp_P384_4,1,1.90,3,297
cpp_P384_4,1,1.67,2,297
cpp_P384_4,1,1.37,1,297
cpp_P384_4,1,1.61,2,297
cpp_P384_4,1,1.37,1,297
cpp_P384_4,1,1.38,1,297
cpp_P384_4,1,2.28,4,297
cpp_P384_4,1,1.65,2,297
cpp_P384_4,1,2.58,5,297
cpp_P384_4,1,1.66,2,297
cpp_P384_4,1,1.95,3,297
cpp_P384_4,1,1.35,1,297
cpp_P384_4,1,1.61,2,297
cpp_P384_4,1,1.35,1,297
cpp_P384_4,1,1.35,1,297
cpp_P384_4,1,1.35,1,297
cpp_P384_4,1,1.66,2,297
cpp_P384_4,1,1.36,1,297
cpp_P384_4,1,1.61,2,297
cpp_P384_4,1,1.96,3,297
cpp_P384_4,1,1.37,1,297
cpp_P384_4,1,1.36,1,297
cpp_P384_4,1,1.39,1,297
cpp_P384_4,1,1.37,1,297
cpp_P384_4,1,5.01,13,297
cpp_P384_4,1,1.90,3,297
cpp_P384_4,1,2.59,5,297
cpp_P384_4,1,3.81,9,297
cpp_P384_4,1,2.29,4,297
cpp_P384_4,1,1.36,1,297
cpp_P384_4,1,1.30,1,297
cpp_P384_4,1,1.37,1,297
cpp_P384_4,1,1.38,1,297
cpp_P384_4,1,1.98,3,297
cpp_P384_4,1,2.57,5,297
cpp_P384_4,1,1.98,3,297
cpp_P384_4,1,1.68,2,297
cpp_P384_4,1,1.37,1,297
cpp_P384_4,1,1.62,2,297
cpp_P384_4,1,4.73,12,297
cpp_P384_4,1,1.67,2,297
cpp_P384_4,1,1.38,1,297
cpp_P384_4,1,1.38,1,297
cpp_P384_4,1,1.67,2,297
cpp_P384_4,1,1.35,1,297
cpp_P384_4,1,1.64,2,297
cpp_P384_4,1,1.34,1,297
cpp_P384_4,1,1.35,1,297
cpp_P384_4,1,1.88,3,297
cpp_P384_4,1,1.94,3,297
cpp_P384_4,1,1.34,1,297
cpp_P384_4,1,1.33,1,297
cpp_P384_4,1,2.82,6,297
cpp_P384_4,1,1.33,1,297
cpp_P384_4,1,1.59,2,297
cpp_P384_4,1,1.34,1,297
cpp_P384_4,1,3.13,7,297
cpp_P384_4,1,2.53,5,297
cpp_P384_4,1,1.62,2,297
cpp_P384_4,1,1.65,2,297
cpp_P384_4,1,1.34,1,297
cpp_P384_4,1,1.95,3,297
cpp_P384_4,1,1.95,3,297
cpp_P384_4,1,1.35,1,297
cpp_P384_4,1,1.36,1,297
cpp_P384_4,1,1.63,2,297
cpp_P384_4,1,1.36,1,297
cpp_P384_4,1,1.63,2,297
cpp_P384_4,1,1.64,2,297
cpp_P384_4,1,1.33,1,297
cpp_P384_4,1,1.64,2,297
cpp_P384_4,1,1.64,2,297
cpp_P384_4,1,1.34,1,297
cpp_P384_4,1,1.33,1,297
cpp_P384_4,1,1.34,1,297
cpp_P384_4,1,1.32,1,297
cpp_P384_4,1,4.07,10,297
cpp_P384_4,1,2.22,4,297
cpp_P384_4,1,1.34,1,297
cpp_P384_4,1,1.63,2,297
cpp_P384_4,1,1.33,1,297
cpp_P384_4,1,1.35,1,297
cpp_P384_4,1,1.62,2,297
cpp_P384_4,1,1.63,2,297
cpp_P384_4,1,3.13,7,297
cpp_P384_4,1,1.66,2,297
cpp_P384_4,1,2.27,4,297
cpp_P384_4,1,1.36,1,297
cpp_P384_4,1,1.66,2,297
cpp_P384_4,1,1.35,1,297
cpp_P384_4,1,1.65,2,297
cpp_P384_4,1,1.67,2,297
cpp_P384_4,1,1.67,2,297
cpp_P384_4,1,1.35,1,297
cpp_P384_4,1,1.95,3,297
cpp_P384_4,1,1.97,3,297
cpp_P384_4,1,1.65,2,297
cpp_P384_4,1,1.66,2,297
cpp_P384_4,1,1.65,2,297
cpp_P384_4,1,1.32,1,297
cpp_P384_4,1,1.33,1,297
cpp_P384_4,1,1.35,1,297
cpp_P384_4,1,1.36,1,297
cpp_P384_4,1,1.36,1,297
cpp_P384_4,1,1.65,2,297
cpp_P384_4,1,1.65,2,297
cpp_P384_4,1,1.35,1,297
cpp_P384_4,1,1.63,2,297
cpp_P384_4,1,1.65,2,297
cpp_P384_4,1,1.36,1,297
cpp_P384_4,1,1.90,3,297
cpp_P384_4,1,1.65,2,297
cpp_P384_4,1,1.36,1,297
cpp_P384_4,1,1.62,2,297
cpp_P384_4,1,2.27,4,297
cpp_P384_4,1,2.57,5,297
cpp_P384_4,1,1.35,1,297
cpp_P384_4,1,2.26,4,297
cpp_P384_4,1,1.60,2,297
cpp_P384_4,1,1.65,2,297
cpp_P384_4,1,1.35,1,297
cpp_P384_4,1,1.61,2,297
cpp_P384_4,1,1.96,3,297
cpp_P384_4,1,1.64,2,297
cpp_P384_4,1,2.24,4,297
cpp_P384_4,1,1.92,3,297
cpp_P384_4,1,1.34,1,297
cpp_P384_4,1,1.61,2,297
cpp_P384_4,1,1.35,1,297
cpp_P384_4,1,1.90,3,297
cpp_P384_4,1,1.35,1,297
cpp_P384_4,1,1.34,1,297
cpp_P384_4,1,2.55,5,297
cpp_P384_4,1,1.36,1,297
cpp_P384_4,1,1.34,1,297
cpp_P384_4,1,2.57,5,297
cpp_P384_4,1,1.36,1,297
cpp_P384_4,1,1.91,3,297
cpp_P384_4,1,1.97,3,297
cpp_P384_4,1,1.67,2,297
cpp_P384_4,1,1.90,3,297
cpp_P384_4,1,2.27,4,297
cpp_P384_4,1,1.40,1,297
cpp_P384_4,1,2.26,4,297
cpp_P384_4,1,2.56,5,297
cpp_P384_4,1,3.48,8,297
cpp_P384_4,1,1.93,3,297
cpp_P384_4,1,1.64,2,297
cpp_P384_4,1,1.33,1,297
cpp_P384_4,1,1.64,2,297
sage_P384_4,1,6.81,1,297
sage_P384_4,1,6.80,1,297
sage_P384_4,1,7.19,2,297
sage_P384_4,1,7.20,2,297
sage_P384_4,1,8.32,4,297
sage_P384_4,1,7.83,3,297
sage_P384_4,1,7.82,3,297
sage_P384_4,1,9.74,7,297
sage_P384_4,1,6.87,1,297
sage_P384_4,1,6.75,1,297
sage_P384_4,1,7.50,2,297
sage_P384_4,1,7.83,3,297
sage_P384_4,1,7.35,2,297
sage_P384_4,1,7.79,3,297
sage_P384_4,1,7.74,3,297
sage_P384_4,1,8.87,5,297
sage_P384_4,1,6.75,1,297
sage_P384_4,1,8.33,4,297
sage_P384_4,1,6.84,1,297
sage_P384_4,1,8.33,4,297
sage_P384_4,1,8.31,4,297
sage_P384_4,1,7.78,3,297
sage_P384_4,1,6.77,1,297
sage_P384_4,1,6.82,1,297
sage_P384_4,1,6.81,1,297
sage_P384_4,1,8.42,4,297
sage_P384_4,1,6.77,1,297
sage_P384_4,1,7.31,2,297
sage_P384_4,1,6.82,1,297
sage_P384_4,1,6.75,1,297
sage_P384_4,1,7.86,3,297
sage_P384_4,1,7.37,2,297
sage_P384_4,1,7.30,2,297
sage_P384_4,1,6.76,1,297
sage_P384_4,1,6.81,1,297
sage_P384_4,1,7.87,3,297
sage_P384_4,1,6.75,1,297
sage_P384_4,1,6.76,1,297
sage_P384_4,1,7.88,3,297
sage_P384_4,1,6.77,1,297
sage_P384_4,1,7.10,1,297
sage_P384_4,1,7.76,3,297
sage_P384_4,1,6.91,1,297
sage_P384_4,1,6.88,1,297
sage_P384_4,1,7.92,3,297
sage_P384_4,1,7.21,2,297
sage_P384_4,1,7.90,3,297
sage_P384_4,1,7.43,2,297
sage_P384_4,1,6.79,1,297
sage_P384_4,1,7.28,2,297
sage_P384_4,1,9.75,7,297
sage_P384_4,1,6.82,1,297
sage_P384_4,1,7.88,3,297
sage_P384_4,1,8.75,5,297
sage_P384_4,1,8.92,5,297
sage_P384_4,1,11.01,9,297
sage_P384_4,1,8.34,4,297
sage_P384_4,1,6.71,1,297
sage_P384_4,1,6.76,1,297
sage_P384_4,1,7.83,3,297
sage_P384_4,1,7.73,3,297
sage_P384_4,1,7.34,2,297
sage_P384_4,1,9.30,6,297
sage_P384_4,1,10.98,9,297
sage_P384_4,1,7.45,2,297
sage_P384_4,1,6.88,1,297
sage_P384_4,1,7.39,2,297
sage_P384_4,1,7.37,2,297
sage_P384_4,1,7.70,3,297
sage_P384_4,1,6.88,1,297
sage_P384_4,1,7.24,2,297
sage_P384_4,1,6.84,1,297
sage_P384_4,1,6.89,1,297
sage_P384_4,1,6.82,1,297
sage_P384_4,1,7.85,3,297
sage_P384_4,1,8.39,4,297
sage_P384_4,1,7.33,2,297
sage_P384_4,1,6.79,1,297
sage_P384_4,1,12.56,12,297
sage_P384_4,1,6.81,1,297
sage_P384_4,1,6.80,1,297
sage_P384_4,1,14.45,16,297
sage_P384_4,1,7.29,2,297
sage_P384_4,1,6.88,1,297
sage_P384_4,1,6.84,1,297
sage_P384_4,1,6.84,1,297
sage_P384_4,1,6.75,1,297
sage_P384_4,1,7.29,2,297
sage_P384_4,1,7.33,2,297
sage_P384_4,1,6.74,1,297
sage_P384_4,1,6.77,1,297
sage_P384_4,1,6.74,1,297
sage_P384_4,1,6.79,1,297
sage_P384_4,1,6.81,1,297
sage_P384_4,1,8.31,4,297
sage_P384_4,1,7.39,2,297
sage_P384_4,1,7.32,2,297
sage_P384_4,1,6.81,1,297
sage_P384_4,1,7.37,2,297
sage_P384_4,1,6.83,1,297
sage_P384_4,1,6.77,1,297
sage_P384_4,1,6.78,1,297
sage_P384_4,1,8.34,4,297
sage_P384_4,1,6.81,1,297
sage_P384_4,1,7.26,2,297
sage_P384_4,1,9.88,7,297
sage_P384_4,1,9.85,7,297
sage_P384_4,1,8.42,4,297
sage_P384_4,1,7.78,3,297
sage_P384_4,1,7.39,2,297
sage_P384_4,1,7.88,3,297
sage_P384_4,1,6.90,1,297
sage_P384_4,1,7.80,3,297
sage_P384_4,1,7.89,3,297
sage_P384_4,1,8.42,4,297
sage_P384_4,1,6.85,1,297
sage_P384_4,1,6.82,1,297
sage_P384_4,1,8.36,4,297
sage_P384_4,1,8.72,3,297
sage_P384_4,1,6.82,1,297
sage_P384_4,1,8.86,5,297
sage_P384_4,1,6.80,1,297
sage_P384_4,1,7.38,2,297
sage_P384_4,1,6.76,1,297
sage_P384_4,1,7.30,2,297
sage_P384_4,1,6.79,1,297
sage_P384_4,1,7.35,2,297
sage_P384_4,1,9.01,5,297
sage_P384_4,1,7.26,2,297
sage_P384_4,1,6.90,1,297
sage_P384_4,1,9.41,6,297
sage_P384_4,1,6.85,1,297
sage_P384_4,1,9.27,6,297
sage_P384_4,1,7.40,2,297
sage_P384_4,1,9.87,7,297
sage_P384_4,1,6.80,1,297
sage_P384_4,1,7.30,2,297
sage_P384_4,1,9.39,6,297
sage_P384_4,1,8.38,4,297
sage_P384_4,1,6.81,1,297
sage_P384_4,1,6.83,1,297
sage_P384_4,1,8.42,4,297
sage_P384_4,1,7.39,2,297
sage_P384_4,1,6.79,1,297
sage_P384_4,1,6.57,1,297
sage_P384_4,1,6.89,1,297
sage_P384_4,1,7.15,1,297
sage_P384_4,1,7.85,3,297
sage_P384_4,1,6.61,1,297
sage_P384_4,1,6.93,1,297
sage_P384_4,1,11.53,10,297
sage_P384_4,1,6.93,1,297
sage_P384_4,1,7.51,2,297
sage_P384_4,1,6.79,1,297
sage_P384_4,1,7.47,2,297
sage_P384_4,1,7.50,2,297
sage_P384_4,1,6.93,1,297
sage_P384_4,1,7.98,3,297
sage_P384_4,1,7.49,2,297
sage_P384_4,1,6.60,1,297
sage_P384_4,1,6.94,1,297
sage_P384_4,1,8.52,4,297
sage_P384_4,1,8.53,4,297
sage_P384_4,1,9.56,6,297
sage_P384_4,1,6.94,1,297
sage_P384_4,1,9.58,6,297
sage_P384_4,1,7.11,2,297
sage_P384_4,1,6.85,1,297
sage_P384_4,1,6.80,1,297
sage_P384_4,1,12.05,10,297
sage_P384_4,1,6.78,1,297
sage_P384_4,1,7.40,2,297
sage_P384_4,1,7.23,2,297
sage_P384_4,1,6.84,1,297
sage_P384_4,1,6.84,1,297
sage_P384_4,1,6.84,1,297
sage_P384_4,1,7.34,2,297
sage_P384_4,1,7.98,3,297
sage_P384_4,1,6.73,1,297
sage_P384_4,1,7.30,2,297
sage_P384_4,1,7.39,2,297
sage_P384_4,1,7.39,2,297
sage_P384_4,1,7.89,3,297
sage_P384_4,1,6.81,1,297
sage_P384_4,1,6.85,1,297
sage_P384_4,1,8.89,5,297
sage_P384_4,1,8.11,3,297
sage_P384_4,1,6.82,1,297
sage_P384_4,1,6.93,1,297
sage_P384_4,1,7.79,3,297
sage_P384_4,1,6.77,1,297
sage_P384_4,1,7.43,2,297
sage_P384_4,1,8.36,4,297
sage_P384_4,1,7.80,3,297
sage_P384_4,1,6.88,1,297
sage_P384_4,1,6.78,1,297
sage_P384_4,1,7.88,3,297
sage_P384_4,1,6.86,1,297
sage_P384_4,1,7.30,2,297
sage_P384_4,1,6.77,1,297
sage_P384_4,1,7.33,2,297
sage_P384_4,1,6.82,1,297
sage_P384_4,1,6.80,1,297
sage_P384_4,1,7.79,3,297
sage_P384_4,1,7.48,2,297
sage_P384_4,1,6.96,1,297
sage_P384_4,1,6.85,1,297
sage_P384_4,1,7.28,2,297
sage_P384_4,1,6.73,1,297
sage_P384_4,1,8.44,4,297
sage_P384_4,1,7.37,2,297
sage_P384_4,1,7.27,2,297
sage_P384_4,1,6.85,1,297
sage_P384_4,1,7.41,2,297
sage_P384_4,1,8.31,4,297
sage_P384_4,1,6.73,1,297
sage_P384_4,1,8.34,4,297
sage_P384_4,1,7.39,2,297
sage_P384_4,1,6.85,1,297
sage_P384_4,1,8.35,4,297
sage_P384_4,1,7.72,3,297
sage_P384_4,1,7.07,1,297
sage_P384_4,1,6.84,1,297
sage_P384_4,1,7.38,2,297
sage_P384_4,1,8.90,5,297
sage_P384_4,1,6.69,1,297
sage_P384_4,1,6.89,1,297
sage_P384_4,1,7.41,2,297
sage_P384_4,1,6.66,1,297
sage_P384_4,1,6.94,1,297
sage_P384_4,1,7.39,2,297
sage_P384_4,1,7.86,3,297
sage_P384_4,1,6.86,1,297
sage_P384_4,1,6.74,1,297
sage_P384_4,1,8.86,5,297
sage_P384_4,1,6.68,1,297
sage_P384_4,1,7.25,2,297
sage_P384_4,1,7.29,2,297
sage_P384_4,1,8.86,5,297
sage_P384_4,1,6.83,1,297
sage_P384_4,1,7.19,2,297
sage_P384_4,1,7.43,2,297
sage_P384_4,1,6.92,1,297
sage_P384_4,1,6.77,1,297
cpp_P384_5,1,1.37,1,291
sage_P384_4,1,9.93,6,297
cpp_P384_5,1,3.13,7,291
cpp_P384_5,1,1.94,3,291
cpp_P384_5,1,1.32,1,291
cpp_P384_5,1,2.78,6,291
cpp_P384_5,1,1.92,3,291
sage_P384_4,1,8.39,4,297
sage_P384_4,1,7.37,2,297
cpp_P384_5,1,1.35,1,291
sage_P384_4,1,6.68,1,297
cpp_P384_5,1,1.35,1,291
cpp_P384_5,1,1.93,3,291
cpp_P384_5,1,1.33,1,291
cpp_P384_5,1,1.34,1,291
sage_P384_4,1,6.77,1,297
cpp_P384_5,1,7.16,21,291
cpp_P384_5,1,1.36,1,291
sage_P384_4,1,7.78,3,297
cpp_P384_5,1,1.36,1,291
cpp_P384_5,1,1.94,3,291
cpp_P384_5,1,1.65,2,291
cpp_P384_5,1,1.64,2,291
cpp_P384_5,1,3.11,7,291
cpp_P384_5,1,1.95,3,291
cpp_P384_5,1,1.34,1,291
cpp_P384_5,1,2.23,4,291
cpp_P384_5,1,1.33,1,291
cpp_P384_5,1,1.63,2,291
cpp_P384_5,1,1.65,2,291
cpp_P384_5,1,1.64,2,291
cpp_P384_5,1,1.64,2,291
cpp_P384_5,1,2.50,5,291
cpp_P384_5,1,1.61,2,291
cpp_P384_5,1,2.20,4,291
cpp_P384_5,1,2.21,4,291
cpp_P384_5,1,1.32,1,291
cpp_P384_5,1,1.32,1,291
cpp_P384_5,1,3.65,9,291
cpp_P384_5,1,1.62,2,291
cpp_P384_5,1,3.37,8,291
cpp_P384_5,1,2.21,4,291
cpp_P384_5,1,1.91,3,291
cpp_P384_5,1,1.91,3,291
cpp_P384_5,1,1.35,1,291
cpp_P384_5,1,1.63,2,291
cpp_P384_5,1,2.22,4,291
cpp_P384_5,1,6.56,19,291
cpp_P384_5,1,1.34,1,291
cpp_P384_5,1,4.24,11,291
cpp_P384_5,1,1.62,2,291
cpp_P384_5,1,1.34,1,291
cpp_P384_5,1,1.32,1,291
cpp_P384_5,1,1.62,2,291
cpp_P384_5,1,1.61,2,291
cpp_P384_5,1,1.31,1,291
cpp_P384_5,1,1.32,1,291
cpp_P384_5,1,1.62,2,291
cpp_P384_5,1,1.32,1,291
cpp_P384_5,1,1.32,1,291
cpp_P384_5,1,1.91,3,291
cpp_P384_5,1,1.61,2,291
cpp_P384_5,1,1.61,2,291
cpp_P384_5,1,2.49,5,291
cpp_P384_5,1,1.62,2,291
cpp_P384_5,1,1.34,1,291
cpp_P384_5,1,2.49,5,291
cpp_P384_5,1,1.33,1,291
cpp_P384_5,1,1.35,1,291
cpp_P384_5,1,2.51,5,291
cpp_P384_5,1,1.34,1,291
cpp_P384_5,1,1.92,3,291
cpp_P384_5,1,1.35,1,291
cpp_P384_5,1,1.62,2,291
cpp_P384_5,1,2.79,6,291
cpp_P384_5,1,1.34,1,291
cpp_P384_5,1,3.08,7,291
cpp_P384_5,1,1.34,1,291
cpp_P384_5,1,1.33,1,291
cpp_P384_5,1,1.63,2,291
cpp_P384_5,1,1.62,2,291
cpp_P384_5,1,1.62,2,291
cpp_P384_5,1,1.62,2,291
cpp_P384_5,1,1.90,3,291
cpp_P384_5,1,1.62,2,291
cpp_P384_5,1,1.62,2,291
cpp_P384_5,1,1.34,1,291
cpp_P384_5,1,1.61,2,291
cpp_P384_5,1,2.21,4,291
cpp_P384_5,1,1.93,3,291
cpp_P384_5,1,1.34,1,291
cpp_P384_5,1,3.65,9,291
cpp_P384_5,1,5.72,16,291
cpp_P384_5,1,2.21,4,291
cpp_P384_5,1,1.62,2,291
cpp_P384_5,1,2.48,5,291
cpp_P384_5,1,1.32,1,291
cpp_P384_5,1,1.31,1,291
cpp_P384_5,1,1.92,3,291
cpp_P384_5,1,2.22,4,291
cpp_P384_5,1,2.48,5,291
cpp_P384_5,1,2.20,4,291
cpp_P384_5,1,1.61,2,291
cpp_P384_5,1,1.32,1,291
cpp_P384_5,1,2.77,6,291
cpp_P384_5,1,3.36,8,291
cpp_P384_5,1,1.61,2,291
cpp_P384_5,1,2.80,6,291
cpp_P384_5,1,1.90,3,291
cpp_P384_5,1,1.35,1,291
cpp_P384_5,1,1.92,3,291
cpp_P384_5,1,1.61,2,291
cpp_P384_5,1,3.08,7,291
cpp_P384_5,1,1.33,1,291
cpp_P384_5,1,2.21,4,291
cpp_P384_5,1,1.31,1,291
cpp_P384_5,1,1.91,3,291
cpp_P384_5,1,1.32,1,291
cpp_P384_5,1,1.33,1,291
cpp_P384_5,1,2.20,4,291
cpp_P384_5,1,3.62,9,291
cpp_P384_5,1,1.90,3,291
cpp_P384_5,1,2.18,4,291
cpp_P384_5,1,1.33,1,291
cpp_P384_5,1,1.65,2,291
cpp_P384_5,1,1.64,2,291
cpp_P384_5,1,1.35,1,291
cpp_P384_5,1,1.63,2,291
cpp_P384_5,1,2.80,6,291
cpp_P384_5,1,3.97,10,291
cpp_P384_5,1,1.64,2,291
cpp_P384_5,1,1.32,1,291
cpp_P384_5,1,1.65,2,291
cpp_P384_5,1,2.22,4,291
cpp_P384_5,1,1.63,2,291
cpp_P384_5,1,1.62,2,291
cpp_P384_5,1,1.66,2,291
cpp_P384_5,1,1.94,3,291
cpp_P384_5,1,2.25,4,291
cpp_P384_5,1,1.37,1,291
cpp_P384_5,1,1.65,2,291
cpp_P384_5,1,1.36,1,291
cpp_P384_5,1,4.04,10,291
cpp_P384_5,1,1.97,3,291
cpp_P384_5,1,1.92,3,291
cpp_P384_5,1,1.35,1,291
cpp_P384_5,1,1.35,1,291
cpp_P384_5,1,2.53,5,291
cpp_P384_5,1,1.33,1,291
cpp_P384_5,1,2.23,4,291
cpp_P384_5,1,2.26,4,291
cpp_P384_5,1,2.52,5,291
cpp_P384_5,1,1.94,3,291
cpp_P384_5,1,1.94,3,291
cpp_P384_5,1,1.93,3,291
cpp_P384_5,1,1.31,1,291
cpp_P384_5,1,1.61,2,291
cpp_P384_5,1,1.63,2,291
cpp_P384_5,1,1.91,3,291
cpp_P384_5,1,8.60,26,291
cpp_P384_5,1,1.63,2,291
cpp_P384_5,1,1.32,1,291
cpp_P384_5,1,1.60,2,291
cpp_P384_5,1,1.33,1,291
cpp_P384_5,1,3.08,7,291
cpp_P384_5,1,2.79,6,291
cpp_P384_5,1,1.33,1,291
cpp_P384_5,1,1.33,1,291
cpp_P384_5,1,1.33,1,291
cpp_P384_5,1,1.62,2,291
cpp_P384_5,1,1.33,1,291
cpp_P384_5,1,3.09,7,291
cpp_P384_5,1,1.34,1,291
cpp_P384_5,1,3.06,7,291
cpp_P384_5,1,1.34,1,291
cpp_P384_5,1,1.33,1,291
cpp_P384_5,1,1.62,2,291
cpp_P384_5,1,1.62,2,291
cpp_P384_5,1,1.32,1,291
cpp_P384_5,1,1.33,1,291
cpp_P384_5,1,1.33,1,291
cpp_P384_5,1,1.32,1,291
cpp_P384_5,1,1.91,3,291
cpp_P384_5,1,1.88,3,291
cpp_P384_5,1,1.32,1,291
cpp_P384_5,1,3.09,7,291
cpp_P384_5,1,1.34,1,291
cpp_P384_5,1,2.22,4,291
cpp_P384_5,1,1.35,1,291
cpp_P384_5,1,1.35,1,291
cpp_P384_5,1,1.62,2,291
cpp_P384_5,1,2.53,5,291
cpp_P384_5,1,2.49,5,291
cpp_P384_5,1,1.65,2,291
cpp_P384_5,1,1.89,3,291
cpp_P384_5,1,2.51,5,291
cpp_P384_5,1,1.33,1,291
cpp_P384_5,1,2.46,5,291
cpp_P384_5,1,2.81,6,291
cpp_P384_5,1,3.11,7,291
cpp_P384_5,1,2.52,5,291
cpp_P384_5,1,2.22,4,291
cpp_P384_5,1,1.34,1,291
cpp_P384_5,1,2.49,5,291
cpp_P384_5,1,1.35,1,291
cpp_P384_5,1,1.91,3,291
cpp_P384_5,1,1.93,3,291
cpp_P384_5,1,2.21,4,291
cpp_P384_5,1,2.51,5,291
cpp_P384_5,1,1.63,2,291
cpp_P384_5,1,1.34,1,291
cpp_P384_5,1,1.37,1,291
cpp_P384_5,1,1.35,1,291
cpp_P384_5,1,1.36,1,291
cpp_P384_5,1,1.34,1,291
cpp_P384_5,1,1.34,1,291
cpp_P384_5,1,3.42,8,291
cpp_P384_5,1,2.52,5,291
cpp_P384_5,1,1.90,3,291
cpp_P384_5,1,2.21,4,291
cpp_P384_5,1,4.26,11,291
cpp_P384_5,1,4.86,13,291
cpp_P384_5,1,1.61,2,291
cpp_P384_5,1,2.21,4,291
cpp_P384_5,1,2.21,4,291
cpp_P384_5,1,1.33,1,291
cpp_P384_5,1,1.32,1,291
cpp_P384_5,1,2.81,6,291
cpp_P384_5,1,1.35,1,291
cpp_P384_5,1,2.21,4,291
cpp_P384_5,1,1.64,2,291
cpp_P384_5,1,2.81,6,291
cpp_P384_5,1,5.10,14,291
cpp_P384_5,1,1.60,2,291
cpp_P384_5,1,1.34,1,291
cpp_P384_5,1,1.33,1,291
cpp_P384_5,1,1.90,3,291
cpp_P384_5,1,5.14,14,291
cpp_P384_5,1,1.62,2,291
cpp_P384_5,1,1.32,1,291
cpp_P384_5,1,1.33,1,291
cpp_P384_5,1,1.59,2,291
cpp_P384_5,1,4.25,11,291
cpp_P384_5,1,1.34,1,291
cpp_P384_5,1,2.18,4,291
cpp_P384_5,1,2.51,5,291
cpp_P384_5,1,1.92,3,291
cpp_P384_5,1,3.09,7,291
cpp_P384_5,1,3.95,10,291
cpp_P384_5,1,1.91,3,291
cpp_P384_5,1,1.91,3,291
cpp_P384_5,1,2.22,4,291
cpp_P384_5,1,1.63,2,291
cpp_P384_5,1,1.69,2,291
cpp_P384_5,1,2.85,6,291
cpp_P384_5,1,5.43,15,291
sage_P384_5,1,6.92,1,291
sage_P384_5,1,7.48,2,291
sage_P384_5,1,6.69,1,291
sage_P384_5,1,7.99,3,291
sage_P384_5,1,8.39,4,291
sage_P384_5,1,6.87,1,291
sage_P384_5,1,8.74,5,291
sage_P384_5,1,8.93,5,291
sage_P384_5,1,7.25,2,291
sage_P384_5,1,6.97,1,291
sage_P384_5,1,6.79,1,291
sage_P384_5,1,6.96,1,291
sage_P384_5,1,6.89,1,291
sage_P384_5,1,9.01,5,291
sage_P384_5,1,8.96,5,291
sage_P384_5,1,10.27,8,291
sage_P384_5,1,6.96,1,291
sage_P384_5,1,6.88,1,291
sage_P384_5,1,9.37,6,291
sage_P384_5,1,7.38,2,291
sage_P384_5,1,6.96,1,291
sage_P384_5,1,7.42,2,291
sage_P384_5,1,7.44,2,291
sage_P384_5,1,7.90,3,291
sage_P384_5,1,6.90,1,291
sage_P384_5,1,7.88,3,291
sage_P384_5,1,7.26,2,291
sage_P384_5,1,8.40,4,291
sage_P384_5,1,10.79,9,291
sage_P384_5,1,7.41,2,291
sage_P384_5,1,7.30,2,291
sage_P384_5,1,7.82,3,291
sage_P384_5,1,7.76,3,291
sage_P384_5,1,6.97,1,291
sage_P384_5,1,6.90,1,291
sage_P384_5,1,6.87,1,291
sage_P384_5,1,7.28,2,291
sage_P384_5,1,9.26,6,291
sage_P384_5,1,8.87,5,291
sage_P384_5,1,8.89,5,291
sage_P384_5,1,7.49,2,291
sage_P384_5,1,6.99,1,291
sage_P384_5,1,7.47,2,291
sage_P384_5,1,10.89,9,291
sage_P384_5,1,6.79,1,291
sage_P384_5,1,6.73,1,291
sage_P384_5,1,9.52,6,291
sage_P384_5,1,8.97,5,291
sage_P384_5,1,6.84,1,291
sage_P384_5,1,6.93,1,291
sage_P384_5,1,7.91,3,291
sage_P384_5,1,6.82,1,291
sage_P384_5,1,7.42,2,291
sage_P384_5,1,9.35,6,291
sage_P384_5,1,7.95,3,291
sage_P384_5,1,6.86,1,291
sage_P384_5,1,10.29,8,291
sage_P384_5,1,7.70,3,291
sage_P384_5,1,7.92,3,291
sage_P384_5,1,9.32,6,291
sage_P384_5,1,7.42,2,291
sage_P384_5,1,7.26,1,291
sage_P384_5,1,7.92,3,291
sage_P384_5,1,6.91,1,291
sage_P384_5,1,8.82,5,291
sage_P384_5,1,6.88,1,291
sage_P384_5,1,6.89,1,291
sage_P384_5,1,7.94,3,291
sage_P384_5,1,8.83,5,291
sage_P384_5,1,7.53,2,291
sage_P384_5,1,10.74,9,291
sage_P384_5,1,6.82,1,291
sage_P384_5,1,7.46,2,291
sage_P384_5,1,6.98,1,291
sage_P384_5,1,7.31,2,291
sage_P384_5,1,7.98,3,291
sage_P384_5,1,6.94,1,291
sage_P384_5,1,6.93,1,291
sage_P384_5,1,7.31,2,291
sage_P384_5,1,6.98,1,291
sage_P384_5,1,7.46,2,291
sage_P384_5,1,7.41,2,291
sage_P384_5,1,7.85,3,291
sage_P384_5,1,7.91,3,291
sage_P384_5,1,6.94,1,291
sage_P384_5,1,7.37,2,291
sage_P384_5,1,9.51,6,291
sage_P384_5,1,7.50,2,291
sage_P384_5,1,6.86,1,291
sage_P384_5,1,7.29,2,291
sage_P384_5,1,7.97,3,291
sage_P384_5,1,6.99,1,291
sage_P384_5,1,6.96,1,291
sage_P384_5,1,7.36,2,291
sage_P384_5,1,8.90,5,291
sage_P384_5,1,7.46,2,291
sage_P384_5,1,9.39,6,291
sage_P384_5,1,6.90,1,291
sage_P384_5,1,7.46,2,291
sage_P384_5,1,6.95,1,291
sage_P384_5,1,9.69,7,291
sage_P384_5,1,6.89,1,291
sage_P384_5,1,9.23,6,291
sage_P384_5,1,6.96,1,291
sage_P384_5,1,6.99,1,291
sage_P384_5,1,6.96,1,291
sage_P384_5,1,7.53,2,291
sage_P384_5,1,7.29,2,291
sage_P384_5,1,8.74,5,291
sage_P384_5,1,6.94,1,291
sage_P384_5,1,7.81,3,291
sage_P384_5,1,8.91,5,291
sage_P384_5,1,8.46,4,291
sage_P384_5,1,6.82,1,291
sage_P384_5,1,8.89,5,291
sage_P384_5,1,6.83,1,291
sage_P384_5,1,8.27,4,291
sage_P384_5,1,6.96,1,291
sage_P384_5,1,7.46,2,291
sage_P384_5,1,6.92,1,291
sage_P384_5,1,6.88,1,291
sage_P384_5,1,6.86,1,291
sage_P384_5,1,8.29,4,291
sage_P384_5,1,10.33,8,291
sage_P384_5,1,6.88,1,291
sage_P384_5,1,9.33,6,291
sage_P384_5,1,9.88,7,291
sage_P384_5,1,7.85,3,291
sage_P384_5,1,6.98,1,291
sage_P384_5,1,6.95,1,291
sage_P384_5,1,6.77,1,291
sage_P384_5,1,6.95,1,291
sage_P384_5,1,7.32,2,291
sage_P384_5,1,6.93,1,291
sage_P384_5,1,6.98,1,291
sage_P384_5,1,6.99,1,291
sage_P384_5,1,12.94,13,291
sage_P384_5,1,19.38,26,291
sage_P384_5,1,6.96,1,291
sage_P384_5,1,7.48,2,291
sage_P384_5,1,8.88,5,291
sage_P384_5,1,8.40,4,291
sage_P384_5,1,7.02,1,291
sage_P384_5,1,7.00,1,291
sage_P384_5,1,9.18,6,291
sage_P384_5,1,7.44,2,291
sage_P384_5,1,8.73,5,291
sage_P384_5,1,6.95,1,291
sage_P384_5,1,7.44,2,291
sage_P384_5,1,7.97,3,291
sage_P384_5,1,6.95,1,291
sage_P384_5,1,8.86,5,291
sage_P384_5,1,6.82,1,291
sage_P384_5,1,6.84,1,291
sage_P384_5,1,7.93,3,291
sage_P384_5,1,7.40,2,291
sage_P384_5,1,7.40,2,291
sage_P384_5,1,7.47,2,291
sage_P384_5,1,8.81,5,291
sage_P384_5,1,7.89,3,291
sage_P384_5,1,8.88,5,291
sage_P384_5,1,7.36,2,291
sage_P384_5,1,7.38,2,291
sage_P384_5,1,7.83,3,291
sage_P384_5,1,6.94,1,291
sage_P384_5,1,8.41,4,291
sage_P384_5,1,7.93,3,291
sage_P384_5,1,6.96,1,291
sage_P384_5,1,6.85,1,291
sage_P384_5,1,10.76,9,291
sage_P384_5,1,9.00,5,291
sage_P384_5,1,10.31,8,291
sage_P384_5,1,6.96,1,291
sage_P384_5,1,7.41,2,291
sage_P384_5,1,7.96,3,291
sage_P384_5,1,7.42,2,291
sage_P384_5,1,7.43,2,291
sage_P384_5,1,7.07,1,291
sage_P384_5,1,6.93,1,291
sage_P384_5,1,7.83,3,291
sage_P384_5,1,6.84,1,291
sage_P384_5,1,9.33,6,291
sage_P384_5,1,7.81,3,291
sage_P384_5,1,7.42,2,291
sage_P384_5,1,7.34,2,291
sage_P384_5,1,7.87,3,291
sage_P384_5,1,7.82,3,291
sage_P384_5,1,7.31,2,291
sage_P384_5,1,9.91,7,291
sage_P384_5,1,9.43,6,291
sage_P384_5,1,6.88,1,291
sage_P384_5,1,7.52,2,291
sage_P384_5,1,7.43,2,291
sage_P384_5,1,6.86,1,291
sage_P384_5,1,6.84,1,291
sage_P384_5,1,6.93,1,291
sage_P384_5,1,6.91,1,291
sage_P384_5,1,6.93,1,291
sage_P384_5,1,6.75,1,291
sage_P384_5,1,9.77,7,291
sage_P384_5,1,7.89,3,291
sage_P384_5,1,6.79,1,291
sage_P384_5,1,8.30,4,291
sage_P384_5,1,7.82,3,291
sage_P384_5,1,6.91,1,291
sage_P384_5,1,8.91,5,291
sage_P384_5,1,7.42,2,291
sage_P384_5,1,7.47,2,291
sage_P384_5,1,7.40,2,291
sage_P384_5,1,8.33,4,291
sage_P384_5,1,9.54,6,291
sage_P384_5,1,10.90,9,291
sage_P384_5,1,10.87,9,291
sage_P384_5,1,7.37,2,291
sage_P384_5,1,7.43,2,291
sage_P384_5,1,9.38,6,291
sage_P384_5,1,7.90,3,291
sage_P384_5,1,6.91,1,291
sage_P384_5,1,8.43,4,291
sage_P384_5,1,6.94,1,291
sage_P384_5,1,8.27,4,291
sage_P384_5,1,9.29,6,291
sage_P384_5,1,6.90,1,291
sage_P384_5,1,8.87,5,291
sage_P384_5,1,9.35,6,291
sage_P384_5,1,8.88,5,291
sage_P384_5,1,9.35,6,291
sage_P384_5,1,6.99,1,291
sage_P384_5,1,6.84,1,291
sage_P384_5,1,6.84,1,291
sage_P384_5,1,6.85,1,291
sage_P384_5,1,6.90,1,291
sage_P384_5,1,7.92,3,291
sage_P384_5,1,7.86,3,291
sage_P384_5,1,6.90,1,291
sage_P384_5,1,7.85,3,291
sage_P384_5,1,7.88,3,291
sage_P384_5,1,6.87,1,291
sage_P384_5,1,8.85,5,291
sage_P384_5,1,9.39,6,291
sage_P384_5,1,8.90,5,291
sage_P384_5,1,6.81,1,291
sage_P384_5,1,8.81,5,291
cpp_P384_6,1,1.89,3,288
sage_P384_5,1,10.20,8,291
cpp_P384_6,1,1.62,2,288
sage_P384_5,1,6.89,1,291
sage_P384_5,1,7.80,3,291
cpp_P384_6,1,2.23,4,288
sage_P384_5,1,6.87,1,291
cpp_P384_6,1,1.65,2,288
sage_P384_5,1,7.87,3,291
cpp_P384_6,1,1.63,2,288
cpp_P384_6,1,3.39,8,288
cpp_P384_6,1,1.33,1,288
cpp_P384_6,1,1.61,2,288
cpp_P384_6,1,2.21,4,288
sage_P384_5,1,7.37,2,291
cpp_P384_6,1,4.50,12,288
cpp_P384_6,1,1.62,2,288
cpp_P384_6,1,3.65,9,288
cpp_P384_6,1,1.34,1,288
sage_P384_5,1,7.33,2,291
cpp_P384_6,1,1.35,1,288
cpp_P384_6,1,2.53,5,288
cpp_P384_6,1,1.93,3,288
cpp_P384_6,1,2.21,4,288
cpp_P384_6,1,3.38,8,288
cpp_P384_6,1,1.91,3,288
cpp_P384_6,1,2.82,6,288
cpp_P384_6,1,1.62,2,288
cpp_P384_6,1,1.64,2,288
cpp_P384_6,1,1.93,3,288
cpp_P384_6,1,3.39,8,288
cpp_P384_6,1,1.37,1,288
cpp_P384_6,1,2.23,4,288
cpp_P384_6,1,1.34,1,288
cpp_P384_6,1,1.63,2,288
cpp_P384_6,1,2.54,5,288
cpp_P384_6,1,3.37,8,288
cpp_P384_6,1,1.33,1,288
cpp_P384_6,1,1.93,3,288
cpp_P384_6,1,3.71,9,288
cpp_P384_6,1,2.19,4,288
cpp_P384_6,1,1.89,3,288
cpp_P384_6,1,2.20,4,288
cpp_P384_6,1,3.64,9,288
cpp_P384_6,1,3.07,7,288
cpp_P384_6,1,1.61,2,288
cpp_P384_6,1,2.18,4,288
cpp_P384_6,1,2.19,4,288
cpp_P384_6,1,1.89,3,288
cpp_P384_6,1,1.32,1,288
cpp_P384_6,1,1.63,2,288
cpp_P384_6,1,3.06,7,288
cpp_P384_6,1,2.20,4,288
cpp_P384_6,1,1.63,2,288
cpp_P384_6,1,2.48,5,288
cpp_P384_6,1,2.21,4,288
cpp_P384_6,1,1.64,2,288
cpp_P384_6,1,1.92,3,288
cpp_P384_6,1,2.20,4,288
cpp_P384_6,1,1.92,3,288
cpp_P384_6,1,1.34,1,288
cpp_P384_6,1,2.51,5,288
cpp_P384_6,1,1.62,2,288
cpp_P384_6,1,1.61,2,288
cpp_P384_6,1,1.33,1,288
cpp_P384_6,1,2.20,4,288
cpp_P384_6,1,1.32,1,288
cpp_P384_6,1,2.21,4,288
cpp_P384_6,1,1.92,3,288
cpp_P384_6,1,1.33,1,288
cpp_P384_6,1,1.34,1,288
cpp_P384_6,1,1.34,1,288
cpp_P384_6,1,1.34,1,288
cpp_P384_6,1,2.47,5,288
cpp_P384_6,1,1.35,1,288
cpp_P384_6,1,1.33,1,288
cpp_P384_6,1,1.36,1,288
cpp_P384_6,1,1.63,2,288
cpp_P384_6,1,4.21,11,288
cpp_P384_6,1,1.32,1,288
cpp_P384_6,1,1.32,1,288
cpp_P384_6,1,2.52,5,288
cpp_P384_6,1,4.21,11,288
cpp_P384_6,1,1.33,1,288
cpp_P384_6,1,1.35,1,288
cpp_P384_6,1,1.35,1,288
cpp_P384_6,1,1.61,2,288
cpp_P384_6,1,1.65,2,288
cpp_P384_6,1,2.50,5,288
cpp_P384_6,1,7.38,22,288
cpp_P384_6,1,1.33,1,288
cpp_P384_6,1,1.33,1,288
cpp_P384_6,1,1.64,2,288
cpp_P384_6,1,1.35,1,288
cpp_P384_6,1,1.62,2,288
cpp_P384_6,1,1.62,2,288
cpp_P384_6,1,2.21,4,288
cpp_P384_6,1,1.63,2,288
cpp_P384_6,1,2.77,6,288
cpp_P384_6,1,2.23,4,288
cpp_P384_6,1,1.65,2,288
cpp_P384_6,1,7.99,24,288
cpp_P384_6,1,1.36,1,288
cpp_P384_6,1,1.63,2,288
cpp_P384_6,1,1.92,3,288
cpp_P384_6,1,2.51,5,288
cpp_P384_6,1,6.01,17,288
cpp_P384_6,1,1.62,2,288
cpp_P384_6,1,1.62,2,288
cpp_P384_6,1,1.62,2,288
cpp_P384_6,1,2.50,5,288
cpp_P384_6,1,1.64,2,288
cpp_P384_6,1,1.63,2,288
cpp_P384_6,1,1.63,2,288
cpp_P384_6,1,1.93,3,288
cpp_P384_6,1,1.34,1,288
cpp_P384_6,1,1.32,1,288
cpp_P384_6,1,1.33,1,288
cpp_P384_6,1,1.34,1,288
cpp_P384_6,1,1.89,3,288
cpp_P384_6,1,4.48,12,288
cpp_P384_6,1,3.66,9,288
cpp_P384_6,1,5.91,17,288
cpp_P384_6,1,1.33,1,288
cpp_P384_6,1,1.92,3,288
cpp_P384_6,1,1.34,1,288
cpp_P384_6,1,1.92,3,288
cpp_P384_6,1,1.33,1,288
cpp_P384_6,1,1.63,2,288
cpp_P384_6,1,1.63,2,288
cpp_P384_6,1,2.21,4,288
cpp_P384_6,1,2.52,5,288
cpp_P384_6,1,1.64,2,288
cpp_P384_6,1,1.34,1,288
cpp_P384_6,1,1.65,2,288
cpp_P384_6,1,2.49,5,288
cpp_P384_6,1,1.94,3,288
cpp_P384_6,1,3.38,8,288
cpp_P384_6,1,1.63,2,288
cpp_P384_6,1,4.54,12,288
cpp_P384_6,1,1.64,2,288
cpp_P384_6,1,1.64,2,288
cpp_P384_6,1,1.63,2,288
cpp_P384_6,1,3.37,8,288
cpp_P384_6,1,2.78,6,288
cpp_P384_6,1,2.52,5,288
cpp_P384_6,1,1.33,1,288
cpp_P384_6,1,1.33,1,288
cpp_P384_6,1,1.62,2,288
cpp_P384_6,1,1.33,1,288
cpp_P384_6,1,2.48,5,288
cpp_P384_6,1,2.21,4,288
cpp_P384_6,1,1.33,1,288
cpp_P384_6,1,1.62,2,288
cpp_P384_6,1,2.19,4,288
cpp_P384_6,1,3.07,7,288
cpp_P384_6,1,3.34,8,288
cpp_P384_6,1,1.32,1,288
cpp_P384_6,1,3.04,7,288
cpp_P384_6,1,1.89,3,288
cpp_P384_6,1,1.33,1,288
cpp_P384_6,1,1.89,3,288
cpp_P384_6,1,2.20,4,288
cpp_P384_6,1,1.92,3,288
cpp_P384_6,1,1.63,2,288
cpp_P384_6,1,1.62,2,288
cpp_P384_6,1,1.33,1,288
cpp_P384_6,1,1.91,3,288
cpp_P384_6,1,2.20,4,288
cpp_P384_6,1,2.18,4,288
cpp_P384_6,1,2.22,4,288
cpp_P384_6,1,1.62,2,288
cpp_P384_6,1,1.63,2,288
cpp_P384_6,1,1.64,2,288
cpp_P384_6,1,2.51,5,288
cpp_P384_6,1,1.62,2,288
cpp_P384_6,1,1.34,1,288
cpp_P384_6,1,2.21,4,288
cpp_P384_6,1,3.36,8,288
cpp_P384_6,1,2.20,4,288
cpp_P384_6,1,1.63,2,288
cpp_P384_6,1,3.07,7,288
cpp_P384_6,1,2.47,5,288
cpp_P384_6,1,2.21,4,288
cpp_P384_6,1,1.65,2,288
cpp_P384_6,1,1.33,1,288
cpp_P384_6,1,1.34,1,288
cpp_P384_6,1,3.94,10,288
cpp_P384_6,1,2.49,5,288
cpp_P384_6,1,1.32,1,288
cpp_P384_6,1,5.37,15,288
cpp_P384_6,1,1.33,1,288
cpp_P384_6,1,1.62,2,288
cpp_P384_6,1,3.34,8,288
cpp_P384_6,1,1.90,3,288
cpp_P384_6,1,1.32,1,288
cpp_P384_6,1,8.87,27,288
cpp_P384_6,1,1.63,2,288
cpp_P384_6,1,1.34,1,288
cpp_P384_6,1,2.21,4,288
cpp_P384_6,1,1.34,1,288
cpp_P384_6,1,1.34,1,288
cpp_P384_6,1,3.07,7,288
cpp_P384_6,1,2.81,6,288
cpp_P384_6,1,6.26,18,288
cpp_P384_6,1,1.38,1,288
cpp_P384_6,1,1.35,1,288
cpp_P384_6,1,3.35,8,288
cpp_P384_6,1,1.34,1,288
cpp_P384_6,1,5.41,15,288
cpp_P384_6,1,4.84,13,288
cpp_P384_6,1,1.91,3,288
cpp_P384_6,1,2.19,4,288
cpp_P384_6,1,3.63,9,288
cpp_P384_6,1,1.62,2,288
cpp_P384_6,1,3.65,9,288
cpp_P384_6,1,1.93,3,288
cpp_P384_6,1,3.37,8,288
cpp_P384_6,1,1.64,2,288
cpp_P384_6,1,1.37,1,288
cpp_P384_6,1,1.64,2,288
cpp_P384_6,1,1.95,3,288
cpp_P384_6,1,1.35,1,288
cpp_P384_6,1,3.66,9,288
cpp_P384_6,1,1.34,1,288
cpp_P384_6,1,1.33,1,288
cpp_P384_6,1,2.22,4,288
cpp_P384_6,1,1.33,1,288
cpp_P384_6,1,1.63,2,288
cpp_P384_6,1,1.63,2,288
cpp_P384_6,1,1.63,2,288
cpp_P384_6,1,1.33,1,288
cpp_P384_6,1,4.55,12,288
cpp_P384_6,1,1.33,1,288
cpp_P384_6,1,1.35,1,288
cpp_P384_6,1,2.51,5,288
cpp_P384_6,1,1.92,3,288
cpp_P384_6,1,1.92,3,288
cpp_P384_6,1,1.65,2,288
cpp_P384_6,1,2.50,5,288
cpp_P384_6,1,3.96,10,288
cpp_P384_6,1,1.90,3,288
cpp_P384_6,1,1.36,1,288
cpp_P384_6,1,2.51,5,288
cpp_P384_6,1,4.24,11,288
cpp_P384_6,1,1.64,2,288
cpp_P384_6,1,2.22,4,288
cpp_P384_6,1,3.65,9,288
cpp_P384_6,1,4.51,12,288
cpp_P384_6,1,1.34,1,288
cpp_P384_6,1,1.66,2,288
cpp_P384_6,1,4.80,13,288
cpp_P384_6,1,1.92,3,288
cpp_P384_6,1,1.65,2,288
cpp_P384_6,1,3.06,7,288
cpp_P384_6,1,2.21,4,288
cpp_P384_6,1,3.39,8,288
sage_P384_6,1,7.40,2,288
sage_P384_6,1,7.09,1,288
sage_P384_6,1,6.94,1,288
sage_P384_6,1,7.37,2,288
sage_P384_6,1,6.92,1,288
sage_P384_6,1,8.37,4,288
sage_P384_6,1,8.44,4,288
sage_P384_6,1,9.51,6,288
sage_P384_6,1,7.05,1,288
sage_P384_6,1,7.94,3,288
sage_P384_6,1,7.03,1,288
sage_P384_6,1,8.57,4,288
sage_P384_6,1,8.36,4,288
sage_P384_6,1,9.30,6,288
sage_P384_6,1,8.92,5,288
sage_P384_6,1,9.95,7,288
sage_P384_6,1,7.46,2,288
sage_P384_6,1,7.86,3,288
sage_P384_6,1,8.88,5,288
sage_P384_6,1,10.38,8,288
sage_P384_6,1,7.01,1,288
sage_P384_6,1,7.92,3,288
sage_P384_6,1,9.36,6,288
sage_P384_6,1,11.35,10,288
sage_P384_6,1,7.44,2,288
sage_P384_6,1,7.01,1,288
sage_P384_6,1,7.02,1,288
sage_P384_6,1,7.93,3,288
sage_P384_6,1,7.03,1,288
sage_P384_6,1,8.36,4,288
sage_P384_6,1,12.38,12,288
sage_P384_6,1,6.95,1,288
sage_P384_6,1,8.99,5,288
sage_P384_6,1,8.40,4,288
sage_P384_6,1,12.82,13,288
sage_P384_6,1,8.39,4,288
sage_P384_6,1,7.05,1,288
sage_P384_6,1,8.46,4,288
sage_P384_6,1,7.97,3,288
sage_P384_6,1,7.37,2,288
sage_P384_6,1,6.85,1,288
sage_P384_6,1,8.54,4,288
sage_P384_6,1,8.24,4,288
sage_P384_6,1,8.56,4,288
sage_P384_6,1,7.49,2,288
sage_P384_6,1,9.02,5,288
sage_P384_6,1,7.30,2,288
sage_P384_6,1,7.01,1,288
sage_P384_6,1,7.83,3,288
sage_P384_6,1,17.30,22,288
sage_P384_6,1,14.38,16,288
sage_P384_6,1,11.48,10,288
sage_P384_6,1,7.91,3,288
sage_P384_6,1,7.42,2,288
sage_P384_6,1,7.04,1,288
sage_P384_6,1,7.46,2,288
sage_P384_6,1,7.05,1,288
sage_P384_6,1,7.83,3,288
sage_P384_6,1,7.01,1,288
sage_P384_6,1,7.53,2,288
sage_P384_6,1,8.99,5,288
sage_P384_6,1,14.15,16,288
sage_P384_6,1,7.51,2,288
sage_P384_6,1,9.44,6,288
sage_P384_6,1,6.85,1,288
sage_P384_6,1,10.52,8,288
sage_P384_6,1,8.55,4,288
sage_P384_6,1,7.48,2,288
sage_P384_6,1,9.10,5,288
sage_P384_6,1,10.52,8,288
sage_P384_6,1,8.04,3,288
sage_P384_6,1,8.79,5,288
sage_P384_6,1,9.68,6,288
sage_P384_6,1,8.07,3,288
sage_P384_6,1,8.04,3,288
sage_P384_6,1,8.58,4,288
sage_P384_6,1,8.34,4,288
sage_P384_6,1,7.06,1,288
sage_P384_6,1,7.27,2,288
sage_P384_6,1,11.86,11,288
sage_P384_6,1,8.48,4,288
sage_P384_6,1,6.96,1,288
sage_P384_6,1,6.91,1,288
sage_P384_6,1,10.43,8,288
sage_P384_6,1,6.92,1,288
sage_P384_6,1,9.97,7,288
sage_P384_6,1,7.58,2,288
sage_P384_6,1,7.03,1,288
sage_P384_6,1,7.22,1,288
sage_P384_6,1,7.01,1,288
sage_P384_6,1,8.04,3,288
sage_P384_6,1,7.33,2,288
sage_P384_6,1,8.51,4,288
sage_P384_6,1,11.83,11,288
sage_P384_6,1,6.99,1,288
sage_P384_6,1,9.01,5,288
sage_P384_6,1,7.01,1,288
sage_P384_6,1,8.54,4,288
sage_P384_6,1,11.52,10,288
sage_P384_6,1,9.38,6,288
sage_P384_6,1,8.48,4,288
sage_P384_6,1,8.74,5,288
sage_P384_6,1,8.00,3,288
sage_P384_6,1,7.02,1,288
sage_P384_6,1,7.51,2,288
sage_P384_6,1,6.79,1,288
sage_P384_6,1,8.06,3,288
sage_P384_6,1,7.06,1,288
sage_P384_6,1,8.48,4,288
sage_P384_6,1,8.75,5,288
sage_P384_6,1,7.06,1,288
sage_P384_6,1,7.01,1,288
sage_P384_6,1,9.51,6,288
sage_P384_6,1,7.00,1,288
sage_P384_6,1,9.67,7,288
sage_P384_6,1,9.09,5,288
sage_P384_6,1,8.74,5,288
sage_P384_6,1,7.51,1,288
sage_P384_6,1,8.93,5,288
sage_P384_6,1,11.49,10,288
sage_P384_6,1,8.51,4,288
sage_P384_6,1,8.97,5,288
sage_P384_6,1,7.90,3,288
sage_P384_6,1,7.57,2,288
sage_P384_6,1,7.88,3,288
sage_P384_6,1,8.05,3,288
sage_P384_6,1,8.00,3,288
sage_P384_6,1,8.44,4,288
sage_P384_6,1,9.35,6,288
sage_P384_6,1,8.41,4,288
sage_P384_6,1,7.37,2,288
sage_P384_6,1,7.53,2,288
sage_P384_6,1,12.34,12,288
sage_P384_6,1,7.53,2,288
sage_P384_6,1,6.94,1,288
sage_P384_6,1,7.41,2,288
sage_P384_6,1,7.39,2,288
sage_P384_6,1,10.60,8,288
sage_P384_6,1,7.11,1,288
sage_P384_6,1,8.53,4,288
sage_P384_6,1,9.47,6,288
sage_P384_6,1,7.08,1,288
sage_P384_6,1,7.48,2,288
sage_P384_6,1,6.91,1,288
sage_P384_6,1,7.86,3,288
sage_P384_6,1,7.66,2,288
sage_P384_6,1,7.47,2,288
sage_P384_6,1,6.95,1,288
sage_P384_6,1,8.04,3,288
sage_P384_6,1,6.90,1,288
sage_P384_6,1,7.93,3,288
sage_P384_6,1,9.87,7,288
sage_P384_6,1,7.11,1,288
sage_P384_6,1,7.57,2,288
sage_P384_6,1,6.97,1,288
sage_P384_6,1,7.90,3,288
sage_P384_6,1,7.59,2,288
sage_P384_6,1,7.80,3,288
sage_P384_6,1,6.96,1,288
sage_P384_6,1,6.94,1,288
sage_P384_6,1,10.31,8,288
sage_P384_6,1,10.47,8,288
sage_P384_6,1,6.90,1,288
sage_P384_6,1,7.85,3,288
sage_P384_6,1,9.37,6,288
sage_P384_6,1,15.64,19,288
sage_P384_6,1,7.00,1,288
sage_P384_6,1,7.06,1,288
sage_P384_6,1,8.00,3,288
sage_P384_6,1,9.42,6,288
sage_P384_6,1,9.79,7,288
sage_P384_6,1,8.95,5,288
sage_P384_6,1,11.87,11,288
sage_P384_6,1,7.41,2,288
sage_P384_6,1,7.39,2,288
sage_P384_6,1,11.17,10,288
sage_P384_6,1,7.51,2,288
sage_P384_6,1,7.05,1,288
sage_P384_6,1,9.57,6,288
sage_P384_6,1,8.03,3,288
sage_P384_6,1,7.58,2,288
sage_P384_6,1,8.52,4,288
sage_P384_6,1,7.87,3,288
sage_P384_6,1,7.97,3,288
sage_P384_6,1,7.91,3,288
sage_P384_6,1,9.92,7,288
sage_P384_6,1,7.36,2,288
sage_P384_6,1,8.92,5,288
sage_P384_6,1,7.54,2,288
sage_P384_6,1,7.43,2,288
sage_P384_6,1,9.47,6,288
sage_P384_6,1,6.94,1,288
sage_P384_6,1,12.79,13,288
sage_P384_6,1,8.57,4,288
sage_P384_6,1,10.87,9,288
sage_P384_6,1,7.45,2,288
sage_P384_6,1,8.87,5,288
sage_P384_6,1,14.29,16,288
sage_P384_6,1,8.98,5,288
sage_P384_6,1,7.97,3,288
sage_P384_6,1,7.92,3,288
sage_P384_6,1,6.95,1,288
sage_P384_6,1,8.34,4,288
sage_P384_6,1,13.69,15,288
sage_P384_6,1,6.97,1,288
sage_P384_6,1,8.43,3,288
sage_P384_6,1,7.85,3,288
sage_P384_6,1,10.49,8,288
sage_P384_6,1,9.39,6,288
sage_P384_6,1,10.45,8,288
sage_P384_6,1,8.45,4,288
sage_P384_6,1,7.51,2,288
sage_P384_6,1,7.39,2,288
sage_P384_6,1,8.42,4,288
sage_P384_6,1,9.87,7,288
sage_P384_6,1,8.43,4,288
sage_P384_6,1,7.48,2,288
sage_P384_6,1,8.92,5,288
sage_P384_6,1,7.49,2,288
sage_P384_6,1,8.00,3,288
sage_P384_6,1,7.09,1,288
sage_P384_6,1,6.95,1,288
sage_P384_6,1,9.41,6,288
sage_P384_6,1,6.88,1,288
sage_P384_6,1,7.39,2,288
sage_P384_6,1,7.00,1,288
sage_P384_6,1,9.33,6,288
sage_P384_6,1,11.51,10,288
sage_P384_6,1,11.48,10,288
sage_P384_6,1,9.12,5,288
sage_P384_6,1,7.41,2,288
sage_P384_6,1,6.77,1,288
sage_P384_6,1,7.08,1,288
sage_P384_6,1,9.46,6,288
sage_P384_6,1,7.01,1,288
sage_P384_6,1,8.80,5,288
sage_P384_6,1,6.87,1,288
sage_P384_6,1,8.04,3,288
sage_P384_6,1,8.95,5,288
sage_P384_6,1,7.07,1,288
sage_P384_6,1,11.45,10,288
sage_P384_6,1,7.55,2,288
sage_P384_6,1,6.85,1,288
sage_P384_6,1,10.53,8,288
cpp_P384_7,1,2.18,4,286
sage_P384_6,1,6.81,1,288
cpp_P384_7,1,1.33,1,286
sage_P384_6,1,7.46,2,288
sage_P384_6,1,7.48,2,288
cpp_P384_7,1,3.01,7,286
cpp_P384_7,1,2.44,5,286
cpp_P384_7,1,5.41,15,286
sage_P384_6,1,6.96,1,288
cpp_P384_7,1,1.64,2,286
cpp_P384_7,1,1.35,1,286
sage_P384_6,1,7.48,2,288
cpp_P384_7,1,1.63,2,286
sage_P384_6,1,11.95,11,288
cpp_P384_7,1,2.24,4,286
cpp_P384_7,1,1.66,2,286
cpp_P384_7,1,1.37,1,286
cpp_P384_7,1,1.64,2,286
cpp_P384_7,1,1.89,3,286
cpp_P384_7,1,1.34,1,286
cpp_P384_7,1,2.73,6,286
cpp_P384_7,1,1.34,1,286
cpp_P384_7,1,3.65,9,286
cpp_P384_7,1,2.50,5,286
cpp_P384_7,1,2.15,4,286
cpp_P384_7,1,1.64,2,286
cpp_P384_7,1,2.51,5,286
cpp_P384_7,1,2.46,5,286
cpp_P384_7,1,3.68,9,286
cpp_P384_7,1,2.82,6,286
cpp_P384_7,1,1.92,3,286
cpp_P384_7,1,1.34,1,286
cpp_P384_7,1,7.74,23,286
cpp_P384_7,1,3.71,9,286
cpp_P384_7,1,2.79,6,286
cpp_P384_7,1,1.59,2,286
cpp_P384_7,1,3.67,9,286
cpp_P384_7,1,3.06,7,286
cpp_P384_7,1,3.07,7,286
cpp_P384_7,1,2.78,6,286
cpp_P384_7,1,2.23,4,286
cpp_P384_7,1,2.19,4,286
cpp_P384_7,1,2.24,4,286
cpp_P384_7,1,2.23,4,286
cpp_P384_7,1,1.35,1,286
cpp_P384_7,1,5.39,15,286
cpp_P384_7,1,2.23,4,286
cpp_P384_7,1,1.64,2,286
cpp_P384_7,1,2.81,6,286
cpp_P384_7,1,1.37,1,286
cpp_P384_7,1,7.58,23,286
cpp_P384_7,1,1.96,3,286
cpp_P384_7,1,2.82,6,286
cpp_P384_7,1,1.67,2,286
cpp_P384_7,1,1.96,3,286
cpp_P384_7,1,1.38,1,286
cpp_P384_7,1,1.40,1,286
cpp_P384_7,1,4.59,12,286
cpp_P384_7,1,5.88,17,286
cpp_P384_7,1,1.90,3,286
cpp_P384_7,1,3.36,8,286
cpp_P384_7,1,6.01,17,286
cpp_P384_7,1,2.49,5,286
cpp_P384_7,1,2.72,6,286
cpp_P384_7,1,1.36,1,286
cpp_P384_7,1,5.57,16,286
cpp_P384_7,1,1.64,2,286
cpp_P384_7,1,5.72,16,286
cpp_P384_7,1,1.95,3,286
cpp_P384_7,1,2.79,6,286
cpp_P384_7,1,1.33,1,286
cpp_P384_7,1,2.51,5,286
cpp_P384_7,1,3.30,8,286
cpp_P384_7,1,2.78,6,286
cpp_P384_7,1,3.65,9,286
cpp_P384_7,1,1.65,2,286
cpp_P384_7,1,1.66,2,286
cpp_P384_7,1,4.14,11,286
cpp_P384_7,1,2.24,4,286
cpp_P384_7,1,9.74,30,286
cpp_P384_7,1,5.41,15,286
cpp_P384_7,1,4.14,11,286
cpp_P384_7,1,1.31,1,286
cpp_P384_7,1,1.94,3,286
cpp_P384_7,1,7.17,21,286
cpp_P384_7,1,3.39,8,286
cpp_P384_7,1,2.21,4,286
cpp_P384_7,1,1.30,1,286
cpp_P384_7,1,1.86,3,286
cpp_P384_7,1,1.32,1,286
cpp_P384_7,1,3.62,9,286
cpp_P384_7,1,1.62,2,286
cpp_P384_7,1,2.19,4,286
cpp_P384_7,1,1.89,3,286
cpp_P384_7,1,1.60,2,286
cpp_P384_7,1,1.39,1,286
cpp_P384_7,1,1.37,1,286
cpp_P384_7,1,2.24,4,286
cpp_P384_7,1,1.67,2,286
cpp_P384_7,1,4.29,11,286
cpp_P384_7,1,1.90,3,286
cpp_P384_7,1,1.64,2,286
cpp_P384_7,1,1.94,3,286
cpp_P384_7,1,1.94,3,286
cpp_P384_7,1,1.34,1,286
cpp_P384_7,1,7.11,21,286
cpp_P384_7,1,1.33,1,286
cpp_P384_7,1,3.66,9,286
cpp_P384_7,1,1.90,3,286
cpp_P384_7,1,1.90,3,286
cpp_P384_7,1,3.37,8,286
cpp_P384_7,1,2.47,5,286
cpp_P384_7,1,2.21,4,286
cpp_P384_7,1,1.65,2,286
cpp_P384_7,1,2.22,4,286
cpp_P384_7,1,1.94,3,286
cpp_P384_7,1,3.03,7,286
cpp_P384_7,1,2.15,4,286
cpp_P384_7,1,1.60,2,286
cpp_P384_7,1,2.20,4,286
cpp_P384_7,1,2.48,5,286
cpp_P384_7,1,8.97,28,286
cpp_P384_7,1,2.76,6,286
cpp_P384_7,1,3.06,7,286
cpp_P384_7,1,1.91,3,286
cpp_P384_7,1,1.62,2,286
cpp_P384_7,1,1.35,1,286
cpp_P384_7,1,2.79,6,286
cpp_P384_7,1,1.62,2,286
cpp_P384_7,1,7.70,23,286
cpp_P384_7,1,3.02,7,286
cpp_P384_7,1,1.65,2,286
cpp_P384_7,1,4.80,13,286
cpp_P384_7,1,1.64,2,286
cpp_P384_7,1,5.35,15,286
cpp_P384_7,1,3.66,9,286
cpp_P384_7,1,2.51,5,286
cpp_P384_7,1,1.35,1,286
cpp_P384_7,1,6.53,19,286
cpp_P384_7,1,1.61,2,286
cpp_P384_7,1,7.34,22,286
cpp_P384_7,1,1.35,1,286
cpp_P384_7,1,1.64,2,286
cpp_P384_7,1,2.81,6,286
cpp_P384_7,1,2.22,4,286
cpp_P384_7,1,2.50,5,286
cpp_P384_7,1,2.76,6,286
cpp_P384_7,1,1.91,3,286
cpp_P384_7,1,1.62,2,286
cpp_P384_7,1,2.17,4,286
cpp_P384_7,1,1.33,1,286
cpp_P384_7,1,1.89,3,286
cpp_P384_7,1,1.33,1,286
cpp_P384_7,1,3.34,8,286
cpp_P384_7,1,1.34,1,286
cpp_P384_7,1,2.76,6,286
cpp_P384_7,1,1.62,2,286
cpp_P384_7,1,1.91,3,286
cpp_P384_7,1,3.35,8,286
cpp_P384_7,1,1.91,3,286
cpp_P384_7,1,1.62,2,286
cpp_P384_7,1,2.19,4,286
cpp_P384_7,1,1.32,1,286
cpp_P384_7,1,1.34,1,286
cpp_P384_7,1,2.48,5,286
cpp_P384_7,1,1.61,2,286
cpp_P384_7,1,5.33,15,286
cpp_P384_7,1,5.33,15,286
cpp_P384_7,1,3.92,10,286
cpp_P384_7,1,1.35,1,286
cpp_P384_7,1,1.63,2,286
cpp_P384_7,1,1.35,1,286
cpp_P384_7,1,1.92,3,286
cpp_P384_7,1,1.65,2,286
cpp_P384_7,1,1.36,1,286
cpp_P384_7,1,2.81,6,286
cpp_P384_7,1,1.35,1,286
cpp_P384_7,1,1.34,1,286
cpp_P384_7,1,3.07,7,286
cpp_P384_7,1,1.35,1,286
cpp_P384_7,1,2.76,6,286
cpp_P384_7,1,1.33,1,286
cpp_P384_7,1,1.61,2,286
cpp_P384_7,1,1.63,2,286
cpp_P384_7,1,1.61,2,286
cpp_P384_7,1,2.17,4,286
cpp_P384_7,1,2.19,4,286
cpp_P384_7,1,1.91,3,286
cpp_P384_7,1,1.34,1,286
cpp_P384_7,1,1.62,2,286
cpp_P384_7,1,1.33,1,286
cpp_P384_7,1,1.34,1,286
cpp_P384_7,1,2.75,6,286
cpp_P384_7,1,1.34,1,286
cpp_P384_7,1,1.36,1,286
cpp_P384_7,1,3.37,8,286
cpp_P384_7,1,1.35,1,286
cpp_P384_7,1,1.36,1,286
cpp_P384_7,1,2.54,5,286
cpp_P384_7,1,4.25,11,286
cpp_P384_7,1,1.35,1,286
cpp_P384_7,1,1.34,1,286
cpp_P384_7,1,2.48,5,286
cpp_P384_7,1,2.17,4,286
cpp_P384_7,1,2.22,4,286
cpp_P384_7,1,2.22,4,286
cpp_P384_7,1,5.71,16,286
cpp_P384_7,1,2.79,6,286
cpp_P384_7,1,1.34,1,286
cpp_P384_7,1,1.94,3,286
cpp_P384_7,1,1.65,2,286
cpp_P384_7,1,3.42,8,286
cpp_P384_7,1,3.42,8,286
cpp_P384_7,1,4.18,11,286
cpp_P384_7,1,1.37,1,286
cpp_P384_7,1,1.66,2,286
cpp_P384_7,1,2.41,5,286
cpp_P384_7,1,3.40,8,286
cpp_P384_7,1,1.35,1,286
cpp_P384_7,1,1.58,2,286
cpp_P384_7,1,3.09,7,286
cpp_P384_7,1,11.28,35,286
cpp_P384_7,1,7.76,23,286
cpp_P384_7,1,2.52,5,286
cpp_P384_7,1,2.23,4,286
cpp_P384_7,1,1.59,2,286
cpp_P384_7,1,1.94,3,286
cpp_P384_7,1,10.37,32,286
cpp_P384_7,1,1.38,1,286
cpp_P384_7,1,1.39,1,286
cpp_P384_7,1,1.34,1,286
cpp_P384_7,1,1.69,2,286
cpp_P384_7,1,3.42,8,286
cpp_P384_7,1,1.96,3,286
cpp_P384_7,1,1.95,3,286
cpp_P384_7,1,1.95,3,286
cpp_P384_7,1,1.60,2,286
cpp_P384_7,1,1.65,2,286
cpp_P384_7,1,2.84,6,286
cpp_P384_7,1,4.58,12,286
cpp_P384_7,1,1.96,3,286
cpp_P384_7,1,2.54,5,286
cpp_P384_7,1,1.67,2,286
cpp_P384_7,1,1.37,1,286
cpp_P384_7,1,1.90,3,286
cpp_P384_7,1,2.55,5,286
cpp_P384_7,1,2.53,5,286
cpp_P384_7,1,2.53,5,286
cpp_P384_7,1,1.35,1,286
cpp_P384_7,1,1.93,3,286
cpp_P384_7,1,1.94,3,286
cpp_P384_7,1,2.20,4,286
cpp_P384_7,1,1.35,1,286
cpp_P384_7,1,2.80,6,286
cpp_P384_7,1,3.99,10,286
cpp_P384_7,1,6.12,18,286
sage_P384_7,1,7.13,1,286
sage_P384_7,1,8.35,3,286
sage_P384_7,1,7.08,1,286
sage_P384_7,1,8.56,4,286
sage_P384_7,1,9.62,6,286
sage_P384_7,1,9.52,6,286
sage_P384_7,1,13.61,14,286
sage_P384_7,1,11.17,10,286
sage_P384_7,1,8.42,2,286
sage_P384_7,1,7.66,2,286
sage_P384_7,1,7.05,1,286
sage_P384_7,1,8.29,4,286
sage_P384_7,1,7.50,1,286
sage_P384_7,1,10.47,8,286
sage_P384_7,1,9.07,5,286
sage_P384_7,1,9.30,6,286
sage_P384_7,1,9.00,5,286
sage_P384_7,1,7.40,1,286
sage_P384_7,1,10.50,8,286
sage_P384_7,1,7.89,3,286
sage_P384_7,1,8.98,5,286
sage_P384_7,1,11.97,11,286
sage_P384_7,1,7.12,1,286
sage_P384_7,1,7.98,3,286
sage_P384_7,1,7.17,1,286
sage_P384_7,1,7.11,1,286
sage_P384_7,1,9.15,5,286
sage_P384_7,1,9.07,5,286
sage_P384_7,1,10.33,8,286
sage_P384_7,1,10.53,8,286
sage_P384_7,1,8.02,3,286
sage_P384_7,1,9.92,7,286
sage_P384_7,1,7.04,1,286
sage_P384_7,1,7.10,1,286
sage_P384_7,1,8.00,3,286
sage_P384_7,1,8.96,5,286
sage_P384_7,1,7.47,2,286
sage_P384_7,1,11.59,10,286
sage_P384_7,1,7.93,3,286
sage_P384_7,1,10.01,7,286
sage_P384_7,1,7.02,1,286
sage_P384_7,1,7.58,2,286
sage_P384_7,1,12.96,13,286
sage_P384_7,1,8.90,5,286
sage_P384_7,1,7.06,1,286
sage_P384_7,1,7.07,1,286
sage_P384_7,1,9.54,6,286
sage_P384_7,1,10.04,7,286
sage_P384_7,1,8.41,4,286
sage_P384_7,1,7.62,2,286
sage_P384_7,1,7.05,1,286
sage_P384_7,1,7.56,2,286
sage_P384_7,1,7.06,1,286
sage_P384_7,1,8.55,4,286
sage_P384_7,1,7.07,1,286
sage_P384_7,1,7.48,2,286
sage_P384_7,1,10.53,8,286
sage_P384_7,1,7.39,2,286
sage_P384_7,1,11.85,11,286
sage_P384_7,1,11.40,10,286
sage_P384_7,1,9.16,5,286
sage_P384_7,1,11.38,10,286
sage_P384_7,1,6.97,1,286
sage_P384_7,1,10.38,8,286
sage_P384_7,1,12.52,12,286
sage_P384_7,1,8.16,3,286
sage_P384_7,1,7.56,2,286
sage_P384_7,1,7.00,1,286
sage_P384_7,1,14.72,17,286
sage_P384_7,1,7.60,2,286
sage_P384_7,1,8.40,4,286
sage_P384_7,1,7.54,2,286
sage_P384_7,1,7.15,1,286
sage_P384_7,1,7.17,1,286
sage_P384_7,1,11.49,10,286
sage_P384_7,1,7.08,1,286
sage_P384_7,1,7.52,2,286
sage_P384_7,1,8.93,5,286
sage_P384_7,1,11.37,10,286
sage_P384_7,1,8.09,3,286
sage_P384_7,1,12.58,12,286
sage_P384_7,1,6.98,1,286
sage_P384_7,1,7.01,1,286
sage_P384_7,1,7.60,2,286
sage_P384_7,1,7.93,3,286
sage_P384_7,1,12.45,12,286
sage_P384_7,1,8.10,3,286
sage_P384_7,1,12.35,12,286
sage_P384_7,1,7.08,1,286
sage_P384_7,1,8.96,5,286
sage_P384_7,1,11.50,10,286
sage_P384_7,1,8.47,4,286
sage_P384_7,1,9.97,7,286
sage_P384_7,1,21.31,30,286
sage_P384_7,1,7.19,1,286
sage_P384_7,1,7.16,1,286
sage_P384_7,1,7.54,2,286
sage_P384_7,1,7.12,1,286
sage_P384_7,1,6.97,1,286
sage_P384_7,1,8.12,3,286
sage_P384_7,1,7.14,1,286
sage_P384_7,1,20.27,28,286
sage_P384_7,1,7.64,2,286
sage_P384_7,1,9.13,5,286
sage_P384_7,1,7.00,1,286
sage_P384_7,1,8.66,4,286
sage_P384_7,1,10.79,9,286
sage_P384_7,1,9.12,5,286
sage_P384_7,1,10.07,7,286
sage_P384_7,1,7.54,2,286
sage_P384_7,1,11.41,10,286
sage_P384_7,1,10.99,9,286
sage_P384_7,1,7.11,1,286
sage_P384_7,1,8.04,3,286
sage_P384_7,1,9.94,7,286
sage_P384_7,1,6.99,1,286
sage_P384_7,1,10.55,8,286
sage_P384_7,1,8.94,5,286
sage_P384_7,1,8.08,3,286
sage_P384_7,1,8.11,3,286
sage_P384_7,1,8.41,4,286
sage_P384_7,1,9.03,5,286
sage_P384_7,1,8.88,5,286
sage_P384_7,1,11.03,9,286
sage_P384_7,1,7.74,2,286
sage_P384_7,1,9.12,5,286
sage_P384_7,1,8.95,5,286
sage_P384_7,1,8.57,4,286
sage_P384_7,1,7.06,1,286
sage_P384_7,1,8.37,4,286
sage_P384_7,1,11.70,10,286
sage_P384_7,1,8.58,4,286
sage_P384_7,1,10.44,8,286
sage_P384_7,1,7.56,2,286
sage_P384_7,1,7.00,1,286
sage_P384_7,1,6.98,1,286
sage_P384_7,1,8.04,3,286
sage_P384_7,1,7.55,2,286
sage_P384_7,1,7.08,1,286
sage_P384_7,1,7.05,1,286
sage_P384_7,1,7.53,2,286
sage_P384_7,1,7.10,1,286
sage_P384_7,1,7.47,2,286
sage_P384_7,1,6.97,1,286
sage_P384_7,1,7.00,1,286
sage_P384_7,1,7.67,2,286
sage_P384_7,1,8.01,3,286
sage_P384_7,1,7.04,1,286
sage_P384_7,1,7.51,2,286
sage_P384_7,1,16.20,20,286
sage_P384_7,1,8.95,5,286
sage_P384_7,1,8.90,5,286
sage_P384_7,1,7.59,2,286
sage_P384_7,1,10.89,9,286
sage_P384_7,1,7.42,2,286
sage_P384_7,1,9.48,6,286
sage_P384_7,1,6.98,1,286
sage_P384_7,1,9.60,6,286
sage_P384_7,1,6.97,1,286
sage_P384_7,1,8.99,5,286
sage_P384_7,1,9.85,7,286
sage_P384_7,1,9.06,5,286
sage_P384_7,1,9.82,7,286
sage_P384_7,1,9.04,5,286
sage_P384_7,1,7.20,1,286
sage_P384_7,1,12.73,13,286
sage_P384_7,1,7.74,2,286
sage_P384_7,1,11.13,9,286
sage_P384_7,1,11.07,9,286
sage_P384_7,1,13.20,14,286
sage_P384_7,1,8.72,4,286
sage_P384_7,1,7.20,1,286
sage_P384_7,1,8.64,4,286
sage_P384_7,1,8.09,3,286
sage_P384_7,1,7.59,2,286
sage_P384_7,1,8.14,3,286
sage_P384_7,1,9.90,7,286
sage_P384_7,1,8.41,4,286
sage_P384_7,1,7.54,2,286
sage_P384_7,1,12.47,12,286
sage_P384_7,1,8.31,4,286
sage_P384_7,1,7.91,3,286
sage_P384_7,1,7.53,2,286
sage_P384_7,1,9.04,5,286
sage_P384_7,1,10.93,9,286
sage_P384_7,1,8.02,3,286
sage_P384_7,1,9.66,6,286
sage_P384_7,1,7.66,2,286
sage_P384_7,1,6.95,1,286
sage_P384_7,1,7.87,3,286
sage_P384_7,1,7.15,1,286
sage_P384_7,1,7.11,1,286
sage_P384_7,1,7.66,2,286
sage_P384_7,1,8.13,3,286
sage_P384_7,1,8.97,5,286
sage_P384_7,1,9.00,5,286
sage_P384_7,1,7.08,1,286
sage_P384_7,1,13.90,15,286
sage_P384_7,1,8.48,4,286
sage_P384_7,1,9.13,5,286
sage_P384_7,1,9.54,6,286
sage_P384_7,1,8.88,5,286
sage_P384_7,1,7.05,1,286
sage_P384_7,1,8.66,4,286
sage_P384_7,1,7.50,2,286
sage_P384_7,1,8.59,4,286
sage_P384_7,1,11.35,10,286
sage_P384_7,1,8.10,3,286
sage_P384_7,1,8.92,5,286
sage_P384_7,1,12.08,11,286
sage_P384_7,1,6.92,1,286
sage_P384_7,1,9.19,5,286
sage_P384_7,1,10.92,9,286
sage_P384_7,1,9.71,6,286
sage_P384_7,1,7.07,1,286
sage_P384_7,1,8.63,4,286
sage_P384_7,1,7.91,3,286
sage_P384_7,1,7.62,2,286
sage_P384_7,1,7.16,1,286
sage_P384_7,1,7.69,2,286
sage_P384_7,1,7.11,1,286
sage_P384_7,1,7.10,1,286
sage_P384_7,1,8.92,4,286
sage_P384_7,1,7.49,2,286
sage_P384_7,1,7.39,2,286
sage_P384_7,1,9.13,5,286
sage_P384_7,1,11.46,10,286
sage_P384_7,1,8.16,3,286
sage_P384_7,1,13.95,15,286
sage_P384_7,1,9.51,6,286
sage_P384_7,1,7.96,3,286
sage_P384_7,1,10.45,8,286
sage_P384_7,1,8.85,5,286
sage_P384_7,1,8.01,3,286
sage_P384_7,1,8.91,5,286
sage_P384_7,1,7.48,2,286
sage_P384_7,1,7.54,2,286
sage_P384_7,1,12.43,12,286
sage_P384_7,1,7.77,2,286
sage_P384_7,1,9.07,5,286
sage_P384_7,1,11.34,9,286
sage_P384_7,1,7.06,1,286
sage_P384_7,1,7.06,1,286
sage_P384_7,1,6.98,1,286
sage_P384_7,1,7.09,1,286
cpp_secp256k1_0,1,1.53,1,256
cpp_secp256k1_0,1,1.56,1,256
cpp_secp256k1_0,1,1.56,1,256
sage_P384_7,1,8.03,3,286
cpp_secp256k1_0,1,1.58,1,256
cpp_secp256k1_0,1,1.59,1,256
cpp_secp256k1_0,1,1.59,1,256
cpp_secp256k1_0,1,1.58,1,256
cpp_secp256k1_0,1,1.55,1,256
cpp_secp256k1_0,1,1.57,1,256
cpp_secp256k1_0,1,1.55,1,256
sage_P384_7,1,14.97,17,286
sage_P384_7,1,8.45,4,286
cpp_secp256k1_0,1,1.56,1,256
cpp_secp256k1_0,1,1.55,1,256
cpp_secp256k1_0,1,1.56,1,256
sage_P384_7,1,16.30,20,286
cpp_secp256k1_0,1,1.55,1,256
cpp_secp256k1_0,1,1.55,1,256
cpp_secp256k1_0,1,1.57,1,256
cpp_secp256k1_0,1,1.56,1,256
cpp_secp256k1_0,1,1.56,1,256
cpp_secp256k1_0,1,1.55,1,256
cpp_secp256k1_0,1,1.55,1,256
cpp_secp256k1_0,1,1.56,1,256
sage_P384_7,1,8.02,3,286
cpp_secp256k1_0,1,1.56,1,256
cpp_secp256k1_0,1,1.57,1,256
cpp_secp256k1_0,1,1.55,1,256
cpp_secp256k1_0,1,1.56,1,256
cpp_secp256k1_0,1,1.55,1,256
cpp_secp256k1_0,1,1.55,1,256
cpp_secp256k1_0,1,1.56,1,256
cpp_secp256k1_0,1,1.57,1,256
cpp_secp256k1_0,1,1.55,1,256
cpp_secp256k1_0,1,1.55,1,256
cpp_secp256k1_0,1,1.54,1,256
cpp_secp256k1_0,1,1.56,1,256
cpp_secp256k1_0,1,1.54,1,256
cpp_secp256k1_0,1,1.58,1,256
cpp_secp256k1_0,1,1.56,1,256
cpp_secp256k1_0,1,1.59,1,256
cpp_secp256k1_0,1,1.54,1,256
cpp_secp256k1_0,1,1.54,1,256
cpp_secp256k1_0,1,1.57,1,256
cpp_secp256k1_0,1,1.56,1,256
cpp_secp256k1_0,1,1.56,1,256
cpp_secp256k1_0,1,1.56,1,256
cpp_secp256k1_0,1,1.57,1,256
cpp_secp256k1_0,1,1.58,1,256
cpp_secp256k1_0,1,1.55,1,256
cpp_secp256k1_0,1,1.57,1,256
cpp_secp256k1_0,1,1.57,1,256
cpp_secp256k1_0,1,1.60,1,256
cpp_secp256k1_0,1,1.58,1,256
cpp_secp256k1_0,1,1.56,1,256
cpp_secp256k1_0,1,1.55,1,256
cpp_secp256k1_0,1,1.56,1,256
cpp_secp256k1_0,1,1.56,1,256
cpp_secp256k1_0,1,1.57,1,256
cpp_secp256k1_0,1,1.57,1,256
cpp_secp256k1_0,1,1.55,1,256
cpp_secp256k1_0,1,1.54,1,256
cpp_secp256k1_0,1,1.54,1,256
cpp_secp256k1_0,1,1.54,1,256
cpp_secp256k1_0,1,1.54,1,256
cpp_secp256k1_0,1,1.55,1,256
cpp_secp256k1_0,1,1.55,1,256
cpp_secp256k1_0,1,1.54,1,256
cpp_secp256k1_0,1,1.54,1,256
cpp_secp256k1_0,1,1.54,1,256
cpp_secp256k1_0,1,1.54,1,256
cpp_secp256k1_0,1,1.55,1,256
cpp_secp256k1_0,1,1.54,1,256
cpp_secp256k1_0,1,1.55,1,256
cpp_secp256k1_0,1,1.55,1,256
cpp_secp256k1_0,1,1.56,1,256
cpp_secp256k1_0,1,1.57,1,256
cpp_secp256k1_0,1,1.57,1,256
cpp_secp256k1_0,1,1.58,1,256
cpp_secp256k1_0,1,1.55,1,256
cpp_secp256k1_0,1,1.56,1,256
cpp_secp256k1_0,1,1.58,1,256
cpp_secp256k1_0,1,1.55,1,256
cpp_secp256k1_0,1,1.58,1,256
cpp_secp256k1_0,1,1.55,1,256
cpp_secp256k1_0,1,1.57,1,256
cpp_secp256k1_0,1,1.55,1,256
cpp_secp256k1_0,1,1.55,1,256
cpp_secp256k1_0,1,1.55,1,256
cpp_secp256k1_0,1,1.55,1,256
cpp_secp256k1_0,1,1.54,1,256
cpp_secp256k1_0,1,1.55,1,256
cpp_secp256k1_0,1,1.55,1,256
cpp_secp256k1_0,1,1.56,1,256
cpp_secp256k1_0,1,1.55,1,256
cpp_secp256k1_0,1,1.55,1,256
cpp_secp256k1_0,1,1.54,1,256
cpp_secp256k1_0,1,1.55,1,256
cpp_secp256k1_0,1,1.55,1,256
cpp_secp256k1_0,1,1.55,1,256
cpp_secp256k1_0,1,1.56,1,256
cpp_secp256k1_0,1,1.57,1,256
cpp_secp256k1_0,1,1.57,1,256
cpp_secp256k1_0,1,1.55,1,256
cpp_secp256k1_0,1,1.57,1,256
cpp_secp256k1_0,1,1.56,1,256
cpp_secp256k1_0,1,1.55,1,256
cpp_secp256k1_0,1,1.55,1,256
cpp_secp256k1_0,1,1.56,1,256
cpp_secp256k1_0,1,1.55,1,256
cpp_secp256k1_0,1,1.55,1,256
cpp_secp256k1_0,1,1.55,1,256
cpp_secp256k1_0,1,1.55,1,256
cpp_secp256k1_0,1,1.54,1,256
cpp_secp256k1_0,1,1.55,1,256
cpp_secp256k1_0,1,1.55,1,256
cpp_secp256k1_0,1,1.54,1,256
cpp_secp256k1_0,1,1.55,1,256
cpp_secp256k1_0,1,1.56,1,256
cpp_secp256k1_0,1,1.59,1,256
cpp_secp256k1_0,1,1.58,1,256
cpp_secp256k1_0,1,1.57,1,256
cpp_secp256k1_0,1,1.57,1,256
cpp_secp256k1_0,1,1.56,1,256
cpp_secp256k1_0,1,1.57,1,256
cpp_secp256k1_0,1,1.58,1,256
cpp_secp256k1_0,1,1.57,1,256
cpp_secp256k1_0,1,1.57,1,256
cpp_secp256k1_0,1,1.57,1,256
cpp_secp256k1_0,1,1.59,1,256
cpp_secp256k1_0,1,1.58,1,256
cpp_secp256k1_0,1,1.57,1,256
cpp_secp256k1_0,1,1.57,1,256
cpp_secp256k1_0,1,1.57,1,256
cpp_secp256k1_0,1,1.57,1,256
cpp_secp256k1_0,1,1.57,1,256
cpp_secp256k1_0,1,1.56,1,256
cpp_secp256k1_0,1,1.54,1,256
cpp_secp256k1_0,1,1.53,1,256
cpp_secp256k1_0,1,1.54,1,256
cpp_secp256k1_0,1,1.55,1,256
cpp_secp256k1_0,1,1.54,1,256
cpp_secp256k1_0,1,1.55,1,256
cpp_secp256k1_0,1,1.57,1,256
cpp_secp256k1_0,1,1.56,1,256
cpp_secp256k1_0,1,1.55,1,256
cpp_secp256k1_0,1,1.56,1,256
cpp_secp256k1_0,1,1.58,1,256
cpp_secp256k1_0,1,1.59,1,256
cpp_secp256k1_0,1,1.58,1,256
cpp_secp256k1_0,1,1.59,1,256
cpp_secp256k1_0,1,1.61,1,256
cpp_secp256k1_0,1,1.58,1,256
cpp_secp256k1_0,1,1.59,1,256
cpp_secp256k1_0,1,1.58,1,256
cpp_secp256k1_0,1,1.58,1,256
cpp_secp256k1_0,1,1.56,1,256
cpp_secp256k1_0,1,1.55,1,256
cpp_secp256k1_0,1,1.57,1,256
cpp_secp256k1_0,1,1.57,1,256
cpp_secp256k1_0,1,1.56,1,256
cpp_secp256k1_0,1,1.56,1,256
cpp_secp256k1_0,1,1.54,1,256
cpp_secp256k1_0,1,1.55,1,256
cpp_secp256k1_0,1,1.56,1,256
cpp_secp256k1_0,1,1.55,1,256
cpp_secp256k1_0,1,1.54,1,256
cpp_secp256k1_0,1,1.54,1,256
cpp_secp256k1_0,1,1.55,1,256
cpp_secp256k1_0,1,1.56,1,256
cpp_secp256k1_0,1,1.54,1,256
cpp_secp256k1_0,1,1.55,1,256
cpp_secp256k1_0,1,1.54,1,256
cpp_secp256k1_0,1,1.54,1,256
cpp_secp256k1_0,1,1.55,1,256
cpp_secp256k1_0,1,1.55,1,256
cpp_secp256k1_0,1,1.58,1,256
cpp_secp256k1_0,1,1.57,1,256
cpp_secp256k1_0,1,1.56,1,256
cpp_secp256k1_0,1,1.56,1,256
cpp_secp256k1_0,1,1.57,1,256
cpp_secp256k1_0,1,1.55,1,256
cpp_secp256k1_0,1,1.57,1,256
cpp_secp256k1_0,1,1.57,1,256
cpp_secp256k1_0,1,1.56,1,256
cpp_secp256k1_0,1,1.55,1,256
cpp_secp256k1_0,1,1.57,1,256
cpp_secp256k1_0,1,1.57,1,256
cpp_secp256k1_0,1,1.54,1,256
cpp_secp256k1_0,1,1.55,1,256
cpp_secp256k1_0,1,1.55,1,256
cpp_secp256k1_0,1,1.55,1,256
cpp_secp256k1_0,1,1.54,1,256
cpp_secp256k1_0,1,1.54,1,256
cpp_secp256k1_0,1,1.55,1,256
cpp_secp256k1_0,1,1.54,1,256
cpp_secp256k1_0,1,1.55,1,256
cpp_secp256k1_0,1,1.55,1,256
cpp_secp256k1_0,1,1.58,1,256
cpp_secp256k1_0,1,1.56,1,256
cpp_secp256k1_0,1,1.58,1,256
cpp_secp256k1_0,1,1.58,1,256
cpp_secp256k1_0,1,1.56,1,256
cpp_secp256k1_0,1,1.58,1,256
cpp_secp256k1_0,1,1.58,1,256
cpp_secp256k1_0,1,1.58,1,256
cpp_secp256k1_0,1,1.56,1,256
cpp_secp256k1_0,1,1.60,1,256
cpp_secp256k1_0,1,1.57,1,256
cpp_secp256k1_0,1,1.58,1,256
cpp_secp256k1_0,1,1.57,1,256
cpp_secp256k1_0,1,1.57,1,256
cpp_secp256k1_0,1,1.57,1,256
cpp_secp256k1_0,1,1.57,1,256
cpp_secp256k1_0,1,1.55,1,256
cpp_secp256k1_0,1,1.56,1,256
cpp_secp256k1_0,1,1.55,1,256
cpp_secp256k1_0,1,1.55,1,256
cpp_secp256k1_0,1,1.55,1,256
cpp_secp256k1_0,1,1.56,1,256
cpp_secp256k1_0,1,1.54,1,256
cpp_secp256k1_0,1,1.56,1,256
cpp_secp256k1_0,1,1.55,1,256
cpp_secp256k1_0,1,1.55,1,256
cpp_secp256k1_0,1,1.57,1,256
cpp_secp256k1_0,1,1.55,1,256
cpp_secp256k1_0,1,1.55,1,256
cpp_secp256k1_0,1,1.55,1,256
cpp_secp256k1_0,1,1.56,1,256
cpp_secp256k1_0,1,1.55,1,256
cpp_secp256k1_0,1,1.58,1,256
cpp_secp256k1_0,1,1.60,1,256
cpp_secp256k1_0,1,1.58,1,256
cpp_secp256k1_0,1,1.57,1,256
cpp_secp256k1_0,1,1.56,1,256
cpp_secp256k1_0,1,1.57,1,256
cpp_secp256k1_0,1,1.59,1,256
cpp_secp256k1_0,1,1.55,1,256
cpp_secp256k1_0,1,1.55,1,256
cpp_secp256k1_0,1,1.56,1,256
cpp_secp256k1_0,1,1.55,1,256
cpp_secp256k1_0,1,1.54,1,256
cpp_secp256k1_0,1,1.54,1,256
cpp_secp256k1_0,1,1.55,1,256
cpp_secp256k1_0,1,1.58,1,256
cpp_secp256k1_0,1,1.57,1,256
cpp_secp256k1_0,1,1.59,1,256
cpp_secp256k1_0,1,1.58,1,256
cpp_secp256k1_0,1,1.60,1,256
cpp_secp256k1_0,1,1.57,1,256
cpp_secp256k1_0,1,1.57,1,256
cpp_secp256k1_0,1,1.58,1,256
cpp_secp256k1_0,1,1.56,1,256
cpp_secp256k1_0,1,1.56,1,256
sage_secp256k1_0,1,2.45,1,256
sage_secp256k1_0,1,2.47,1,256
sage_secp256k1_0,1,2.48,1,256
sage_secp256k1_0,1,2.43,1,256
sage_secp256k1_0,1,2.43,1,256
sage_secp256k1_0,1,2.47,1,256
sage_secp256k1_0,1,2.45,1,256
sage_secp256k1_0,1,2.47,1,256
sage_secp256k1_0,1,2.45,1,256
sage_secp256k1_0,1,2.45,1,256
sage_secp256k1_0,1,2.46,1,256
sage_secp256k1_0,1,2.49,1,256
sage_secp256k1_0,1,2.47,1,256
sage_secp256k1_0,1,2.46,1,256
sage_secp256k1_0,1,2.49,1,256
sage_secp256k1_0,1,2.47,1,256
sage_secp256k1_0,1,2.42,1,256
sage_secp256k1_0,1,2.43,1,256
sage_secp256k1_0,1,2.42,1,256
sage_secp256k1_0,1,2.41,1,256
sage_secp256k1_0,1,2.49,1,256
sage_secp256k1_0,1,2.46,1,256
sage_secp256k1_0,1,2.44,1,256
sage_secp256k1_0,1,2.48,1,256
sage_secp256k1_0,1,2.46,1,256
sage_secp256k1_0,1,2.45,1,256
sage_secp256k1_0,1,2.45,1,256
sage_secp256k1_0,1,2.45,1,256
sage_secp256k1_0,1,2.47,1,256
sage_secp256k1_0,1,2.47,1,256
sage_secp256k1_0,1,2.46,1,256
sage_secp256k1_0,1,2.49,1,256
sage_secp256k1_0,1,2.45,1,256
sage_secp256k1_0,1,2.44,1,256
sage_secp256k1_0,1,2.45,1,256
sage_secp256k1_0,1,2.42,1,256
sage_secp256k1_0,1,2.45,1,256
sage_secp256k1_0,1,2.47,1,256
sage_secp256k1_0,1,2.45,1,256
sage_secp256k1_0,1,2.45,1,256
sage_secp256k1_0,1,2.48,1,256
sage_secp256k1_0,1,2.45,1,256
sage_secp256k1_0,1,2.43,1,256
sage_secp256k1_0,1,2.43,1,256
sage_secp256k1_0,1,2.46,1,256
sage_secp256k1_0,1,2.45,1,256
sage_secp256k1_0,1,2.46,1,256
sage_secp256k1_0,1,2.47,1,256
sage_secp256k1_0,1,2.42,1,256
sage_secp256k1_0,1,2.45,1,256
sage_secp256k1_0,1,2.45,1,256
sage_secp256k1_0,1,2.43,1,256
sage_secp256k1_0,1,2.45,1,256
sage_secp256k1_0,1,2.46,1,256
sage_secp256k1_0,1,2.45,1,256
sage_secp256k1_0,1,2.46,1,256
sage_secp256k1_0,1,2.45,1,256
sage_secp256k1_0,1,2.54,1,256
sage_secp256k1_0,1,2.45,1,256
sage_secp256k1_0,1,2.44,1,256
sage_secp256k1_0,1,2.48,1,256
sage_secp256k1_0,1,2.69,1,256
sage_secp256k1_0,1,2.50,1,256
sage_secp256k1_0,1,2.53,1,256
sage_secp256k1_0,1,2.43,1,256
sage_secp256k1_0,1,2.45,1,256
sage_secp256k1_0,1,2.46,1,256
sage_secp256k1_0,1,2.43,1,256
sage_secp256k1_0,1,2.44,1,256
sage_secp256k1_0,1,2.48,1,256
sage_secp256k1_0,1,2.46,1,256
sage_secp256k1_0,1,2.46,1,256
sage_secp256k1_0,1,2.46,1,256
sage_secp256k1_0,1,2.46,1,256
sage_secp256k1_0,1,2.46,1,256
sage_secp256k1_0,1,2.49,1,256
sage_secp256k1_0,1,2.51,1,256
sage_secp256k1_0,1,2.48,1,256
sage_secp256k1_0,1,2.47,1,256
sage_secp256k1_0,1,2.49,1,256
sage_secp256k1_0,1,2.49,1,256
sage_secp256k1_0,1,2.48,1,256
sage_secp256k1_0,1,2.45,1,256
sage_secp256k1_0,1,2.45,1,256
sage_secp256k1_0,1,2.45,1,256
sage_secp256k1_0,1,2.44,1,256
sage_secp256k1_0,1,2.45,1,256
sage_secp256k1_0,1,2.48,1,256
sage_secp256k1_0,1,2.45,1,256
sage_secp256k1_0,1,2.50,1,256
sage_secp256k1_0,1,2.46,1,256
sage_secp256k1_0,1,2.48,1,256
sage_secp256k1_0,1,2.45,1,256
sage_secp256k1_0,1,2.47,1,256
sage_secp256k1_0,1,2.44,1,256
sage_secp256k1_0,1,2.46,1,256
sage_secp256k1_0,1,2.48,1,256
sage_secp256k1_0,1,2.44,1,256
sage_secp256k1_0,1,2.47,1,256
sage_secp256k1_0,1,2.44,1,256
sage_secp256k1_0,1,2.46,1,256
sage_secp256k1_0,1,2.45,1,256
sage_secp256k1_0,1,2.47,1,256
sage_secp256k1_0,1,2.45,1,256
sage_secp256k1_0,1,2.51,1,256
sage_secp256k1_0,1,2.47,1,256
sage_secp256k1_0,1,3.14,1,256
sage_secp256k1_0,1,2.46,1,256
sage_secp256k1_0,1,2.51,1,256
sage_secp256k1_0,1,2.49,1,256
sage_secp256k1_0,1,2.47,1,256
sage_secp256k1_0,1,3.10,1,256
sage_secp256k1_0,1,2.46,1,256
sage_secp256k1_0,1,2.42,1,256
sage_secp256k1_0,1,2.51,1,256
sage_secp256k1_0,1,2.44,1,256
sage_secp256k1_0,1,2.46,1,256
sage_secp256k1_0,1,2.48,1,256
sage_secp256k1_0,1,2.48,1,256
sage_secp256k1_0,1,2.47,1,256
sage_secp256k1_0,1,2.48,1,256
sage_secp256k1_0,1,2.46,1,256
sage_secp256k1_0,1,2.46,1,256
sage_secp256k1_0,1,2.49,1,256
sage_secp256k1_0,1,2.42,1,256
sage_secp256k1_0,1,2.45,1,256
sage_secp256k1_0,1,2.44,1,256
sage_secp256k1_0,1,2.56,1,256
sage_secp256k1_0,1,2.51,1,256
sage_secp256k1_0,1,2.48,1,256
sage_secp256k1_0,1,2.46,1,256
sage_secp256k1_0,1,2.47,1,256
sage_secp256k1_0,1,2.47,1,256
sage_secp256k1_0,1,2.43,1,256
sage_secp256k1_0,1,2.43,1,256
sage_secp256k1_0,1,2.52,1,256
sage_secp256k1_0,1,2.46,1,256
sage_secp256k1_0,1,2.48,1,256
sage_secp256k1_0,1,2.48,1,256
sage_secp256k1_0,1,2.49,1,256
sage_secp256k1_0,1,2.49,1,256
sage_secp256k1_0,1,2.45,1,256
sage_secp256k1_0,1,2.49,1,256
sage_secp256k1_0,1,2.46,1,256
sage_secp256k1_0,1,2.51,1,256
sage_secp256k1_0,1,2.48,1,256
sage_secp256k1_0,1,2.48,1,256
sage_secp256k1_0,1,2.46,1,256
sage_secp256k1_0,1,2.51,1,256
sage_secp256k1_0,1,2.43,1,256
sage_secp256k1_0,1,2.47,1,256
sage_secp256k1_0,1,2.72,1,256
sage_secp256k1_0,1,2.46,1,256
sage_secp256k1_0,1,2.47,1,256
sage_secp256k1_0,1,2.50,1,256
sage_secp256k1_0,1,2.50,1,256
sage_secp256k1_0,1,2.49,1,256
sage_secp256k1_0,1,2.48,1,256
sage_secp256k1_0,1,2.54,1,256
sage_secp256k1_0,1,2.52,1,256
sage_secp256k1_0,1,2.52,1,256
sage_secp256k1_0,1,2.51,1,256
sage_secp256k1_0,1,2.50,1,256
sage_secp256k1_0,1,2.47,1,256
sage_secp256k1_0,1,2.49,1,256
sage_secp256k1_0,1,2.47,1,256
sage_secp256k1_0,1,2.51,1,256
sage_secp256k1_0,1,2.47,1,256
sage_secp256k1_0,1,2.48,1,256
sage_secp256k1_0,1,2.47,1,256
sage_secp256k1_0,1,2.49,1,256
sage_secp256k1_0,1,2.50,1,256
sage_secp256k1_0,1,2.42,1,256
sage_secp256k1_0,1,2.47,1,256
sage_secp256k1_0,1,2.47,1,256
sage_secp256k1_0,1,2.54,1,256
sage_secp256k1_0,1,2.52,1,256
sage_secp256k1_0,1,2.45,1,256
sage_secp256k1_0,1,2.56,1,256
sage_secp256k1_0,1,2.51,1,256
sage_secp256k1_0,1,2.52,1,256
sage_secp256k1_0,1,2.52,1,256
sage_secp256k1_0,1,2.44,1,256
sage_secp256k1_0,1,2.52,1,256
sage_secp256k1_0,1,2.53,1,256
sage_secp256k1_0,1,2.48,1,256
sage_secp256k1_0,1,2.53,1,256
sage_secp256k1_0,1,2.50,1,256
sage_secp256k1_0,1,2.47,1,256
sage_secp256k1_0,1,2.56,1,256
sage_secp256k1_0,1,2.47,1,256
sage_secp256k1_0,1,2.50,1,256
sage_secp256k1_0,1,2.53,1,256
sage_secp256k1_0,1,2.46,1,256
sage_secp256k1_0,1,2.53,1,256
sage_secp256k1_0,1,2.50,1,256
sage_secp256k1_0,1,2.43,1,256
sage_secp256k1_0,1,2.47,1,256
sage_secp256k1_0,1,2.84,1,256
sage_secp256k1_0,1,3.02,1,256
sage_secp256k1_0,1,2.50,1,256
sage_secp256k1_0,1,2.47,1,256
sage_secp256k1_0,1,2.56,1,256
sage_secp256k1_0,1,2.46,1,256
sage_secp256k1_0,1,2.53,1,256
sage_secp256k1_0,1,2.52,1,256
sage_secp256k1_0,1,2.52,1,256
sage_secp256k1_0,1,2.53,1,256
sage_secp256k1_0,1,2.52,1,256
sage_secp256k1_0,1,2.53,1,256
sage_secp256k1_0,1,2.52,1,256
sage_secp256k1_0,1,2.50,1,256
sage_secp256k1_0,1,2.50,1,256
sage_secp256k1_0,1,2.50,1,256
sage_secp256k1_0,1,2.45,1,256
sage_secp256k1_0,1,2.52,1,256
sage_secp256k1_0,1,2.52,1,256
sage_secp256k1_0,1,2.52,1,256
sage_secp256k1_0,1,2.52,1,256
sage_secp256k1_0,1,2.43,1,256
sage_secp256k1_0,1,2.51,1,256
sage_secp256k1_0,1,2.43,1,256
sage_secp256k1_0,1,2.55,1,256
sage_secp256k1_0,1,2.52,1,256
sage_secp256k1_0,1,2.51,1,256
sage_secp256k1_0,1,2.49,1,256
sage_secp256k1_0,1,2.53,1,256
sage_secp256k1_0,1,2.46,1,256
sage_secp256k1_0,1,2.52,1,256
sage_secp256k1_0,1,2.50,1,256
sage_secp256k1_0,1,2.51,1,256
sage_secp256k1_0,1,2.48,1,256
sage_secp256k1_0,1,2.51,1,256
sage_secp256k1_0,1,2.47,1,256
sage_secp256k1_0,1,2.52,1,256
sage_secp256k1_0,1,2.54,1,256
sage_secp256k1_0,1,2.45,1,256
sage_secp256k1_0,1,2.50,1,256
sage_secp256k1_0,1,2.52,1,256
sage_secp256k1_0,1,2.52,1,256
sage_secp256k1_0,1,2.50,1,256
sage_secp256k1_0,1,2.43,1,256
sage_secp256k1_0,1,2.50,1,256
sage_secp256k1_0,1,2.52,1,256
sage_secp256k1_0,1,2.45,1,256
sage_secp256k1_0,1,2.48,1,256
cpp_secp256k1_2,1,1.56,1,256
sage_secp256k1_0,1,2.66,1,256
cpp_secp256k1_2,1,1.58,1,256
cpp_secp256k1_2,1,1.54,1,256
sage_secp256k1_0,1,2.47,1,256
sage_secp256k1_0,1,2.50,1,256
cpp_secp256k1_2,1,1.58,1,256
cpp_secp256k1_2,1,1.55,1,256
cpp_secp256k1_2,1,1.58,1,256
cpp_secp256k1_2,1,1.58,1,256
cpp_secp256k1_2,1,1.56,1,256
sage_secp256k1_0,1,2.47,1,256
cpp_secp256k1_2,1,1.58,1,256
cpp_secp256k1_2,1,1.58,1,256
cpp_secp256k1_2,1,1.60,1,256
cpp_secp256k1_2,1,1.56,1,256
cpp_secp256k1_2,1,1.60,1,256
cpp_secp256k1_2,1,1.60,1,256
cpp_secp256k1_2,1,1.59,1,256
cpp_secp256k1_2,1,1.61,1,256
cpp_secp256k1_2,1,1.63,1,256
cpp_secp256k1_2,1,1.61,1,256
cpp_secp256k1_2,1,1.62,1,256
cpp_secp256k1_2,1,1.61,1,256
cpp_secp256k1_2,1,1.63,1,256
cpp_secp256k1_2,1,1.61,1,256
cpp_secp256k1_2,1,1.59,1,256
cpp_secp256k1_2,1,1.64,1,256
cpp_secp256k1_2,1,1.64,1,256
cpp_secp256k1_2,1,1.61,1,256
cpp_secp256k1_2,1,1.61,1,256
cpp_secp256k1_2,1,1.56,1,256
cpp_secp256k1_2,1,1.59,1,256
cpp_secp256k1_2,1,1.58,1,256
cpp_secp256k1_2,1,1.54,1,256
cpp_secp256k1_2,1,1.61,1,256
cpp_secp256k1_2,1,1.59,1,256
cpp_secp256k1_2,1,1.60,1,256
cpp_secp256k1_2,1,1.59,1,256
cpp_secp256k1_2,1,1.56,1,256
cpp_secp256k1_2,1,1.61,1,256
cpp_secp256k1_2,1,1.58,1,256
cpp_secp256k1_2,1,1.63,1,256
cpp_secp256k1_2,1,1.60,1,256
cpp_secp256k1_2,1,1.61,1,256
cpp_secp256k1_2,1,1.60,1,256
cpp_secp256k1_2,1,1.59,1,256
cpp_secp256k1_2,1,1.54,1,256
cpp_secp256k1_2,1,1.58,1,256
cpp_secp256k1_2,1,1.54,1,256
cpp_secp256k1_2,1,1.58,1,256
cpp_secp256k1_2,1,1.57,1,256
cpp_secp256k1_2,1,1.59,1,256
cpp_secp256k1_2,1,1.60,1,256
cpp_secp256k1_2,1,1.59,1,256
cpp_secp256k1_2,1,1.53,1,256
cpp_secp256k1_2,1,1.59,1,256
cpp_secp256k1_2,1,1.53,1,256
cpp_secp256k1_2,1,1.59,1,256
cpp_secp256k1_2,1,1.61,1,256
cpp_secp256k1_2,1,1.60,1,256
cpp_secp256k1_2,1,1.58,1,256
cpp_secp256k1_2,1,1.58,1,256
cpp_secp256k1_2,1,1.55,1,256
cpp_secp256k1_2,1,1.58,1,256
cpp_secp256k1_2,1,1.55,1,256
cpp_secp256k1_2,1,1.58,1,256
cpp_secp256k1_2,1,1.59,1,256
cpp_secp256k1_2,1,1.58,1,256
cpp_secp256k1_2,1,1.58,1,256
cpp_secp256k1_2,1,1.59,1,256
cpp_secp256k1_2,1,1.56,1,256
cpp_secp256k1_2,1,1.59,1,256
cpp_secp256k1_2,1,1.55,1,256
cpp_secp256k1_2,1,1.57,1,256
cpp_secp256k1_2,1,1.56,1,256
cpp_secp256k1_2,1,1.58,1,256
cpp_secp256k1_2,1,1.57,1,256
cpp_secp256k1_2,1,1.59,1,256
cpp_secp256k1_2,1,1.57,1,256
cpp_secp256k1_2,1,1.57,1,256
cpp_secp256k1_2,1,1.55,1,256
cpp_secp256k1_2,1,1.57,1,256
cpp_secp256k1_2,1,1.57,1,256
cpp_secp256k1_2,1,1.57,1,256
cpp_secp256k1_2,1,1.57,1,256
cpp_secp256k1_2,1,1.58,1,256
cpp_secp256k1_2,1,1.57,1,256
cpp_secp256k1_2,1,1.59,1,256
cpp_secp256k1_2,1,1.57,1,256
cpp_secp256k1_2,1,1.59,1,256
cpp_secp256k1_2,1,1.61,1,256
cpp_secp256k1_2,1,1.59,1,256
cpp_secp256k1_2,1,1.59,1,256
cpp_secp256k1_2,1,1.60,1,256
cpp_secp256k1_2,1,1.56,1,256
cpp_secp256k1_2,1,1.57,1,256
cpp_secp256k1_2,1,1.55,1,256
cpp_secp256k1_2,1,1.58,1,256
cpp_secp256k1_2,1,1.59,1,256
cpp_secp256k1_2,1,1.58,1,256
cpp_secp256k1_2,1,1.58,1,256
cpp_secp256k1_2,1,1.59,1,256
cpp_secp256k1_2,1,1.54,1,256
cpp_secp256k1_2,1,1.58,1,256
cpp_secp256k1_2,1,1.55,1,256
cpp_secp256k1_2,1,1.58,1,256
cpp_secp256k1_2,1,1.57,1,256
cpp_secp256k1_2,1,1.58,1,256
cpp_secp256k1_2,1,1.58,1,256
cpp_secp256k1_2,1,1.58,1,256
cpp_secp256k1_2,1,1.56,1,256
cpp_secp256k1_2,1,1.58,1,256
cpp_secp256k1_2,1,1.55,1,256
cpp_secp256k1_2,1,1.59,1,256
cpp_secp256k1_2,1,1.60,1,256
cpp_secp256k1_2,1,1.61,1,256
cpp_secp256k1_2,1,1.59,1,256
cpp_secp256k1_2,1,1.58,1,256
cpp_secp256k1_2,1,1.58,1,256
cpp_secp256k1_2,1,1.58,1,256
cpp_secp256k1_2,1,1.57,1,256
cpp_secp256k1_2,1,1.57,1,256
cpp_secp256k1_2,1,1.58,1,256
cpp_secp256k1_2,1,1.57,1,256
cpp_secp256k1_2,1,1.57,1,256
cpp_secp256k1_2,1,1.57,1,256
cpp_secp256k1_2,1,1.54,1,256
cpp_secp256k1_2,1,1.55,1,256
cpp_secp256k1_2,1,1.59,1,256
cpp_secp256k1_2,1,1.60,1,256
cpp_secp256k1_2,1,1.59,1,256
cpp_secp256k1_2,1,1.59,1,256
cpp_secp256k1_2,1,1.58,1,256
cpp_secp256k1_2,1,1.54,1,256
cpp_secp256k1_2,1,1.59,1,256
cpp_secp256k1_2,1,1.54,1,256
cpp_secp256k1_2,1,1.58,1,256
cpp_secp256k1_2,1,1.60,1,256
cpp_secp256k1_2,1,1.59,1,256
cpp_secp256k1_2,1,1.59,1,256
cpp_secp256k1_2,1,1.61,1,256
cpp_secp256k1_2,1,1.57,1,256
cpp_secp256k1_2,1,1.61,1,256
cpp_secp256k1_2,1,1.54,1,256
cpp_secp256k1_2,1,1.59,1,256
cpp_secp256k1_2,1,1.59,1,256
cpp_secp256k1_2,1,1.58,1,256
cpp_secp256k1_2,1,1.60,1,256
cpp_secp256k1_2,1,1.53,1,256
cpp_secp256k1_2,1,1.59,1,256
cpp_secp256k1_2,1,1.58,1,256
cpp_secp256k1_2,1,1.53,1,256
cpp_secp256k1_2,1,1.58,1,256
cpp_secp256k1_2,1,1.58,1,256
cpp_secp256k1_2,1,1.59,1,256
cpp_secp256k1_2,1,1.59,1,256
cpp_secp256k1_2,1,1.55,1,256
cpp_secp256k1_2,1,1.59,1,256
cpp_secp256k1_2,1,1.61,1,256
cpp_secp256k1_2,1,1.57,1,256
cpp_secp256k1_2,1,1.59,1,256
cpp_secp256k1_2,1,1.60,1,256
cpp_secp256k1_2,1,1.61,1,256
cpp_secp256k1_2,1,1.59,1,256
cpp_secp256k1_2,1,1.59,1,256
cpp_secp256k1_2,1,1.60,1,256
cpp_secp256k1_2,1,1.59,1,256
cpp_secp256k1_2,1,1.59,1,256
cpp_secp256k1_2,1,1.60,1,256
cpp_secp256k1_2,1,1.59,1,256
cpp_secp256k1_2,1,1.62,1,256
cpp_secp256k1_2,1,1.62,1,256
cpp_secp256k1_2,1,1.60,1,256
cpp_secp256k1_2,1,1.63,1,256
cpp_secp256k1_2,1,1.61,1,256
cpp_secp256k1_2,1,1.58,1,256
cpp_secp256k1_2,1,1.62,1,256
cpp_secp256k1_2,1,1.61,1,256
cpp_secp256k1_2,1,1.59,1,256
cpp_secp256k1_2,1,1.59,1,256
cpp_secp256k1_2,1,1.56,1,256
cpp_secp256k1_2,1,1.57,1,256
cpp_secp256k1_2,1,1.57,1,256
cpp_secp256k1_2,1,1.54,1,256
cpp_secp256k1_2,1,1.58,1,256
cpp_secp256k1_2,1,1.56,1,256
cpp_secp256k1_2,1,1.58,1,256
cpp_secp256k1_2,1,1.60,1,256
cpp_secp256k1_2,1,1.58,1,256
cpp_secp256k1_2,1,1.61,1,256
cpp_secp256k1_2,1,1.57,1,256
cpp_secp256k1_2,1,1.55,1,256
cpp_secp256k1_2,1,1.62,1,256
cpp_secp256k1_2,1,1.61,1,256
cpp_secp256k1_2,1,1.59,1,256
cpp_secp256k1_2,1,1.59,1,256
cpp_secp256k1_2,1,1.55,1,256
cpp_secp256k1_2,1,1.58,1,256
cpp_secp256k1_2,1,1.58,1,256
cpp_secp256k1_2,1,1.55,1,256
cpp_secp256k1_2,1,1.60,1,256
cpp_secp256k1_2,1,1.57,1,256
cpp_secp256k1_2,1,1.58,1,256
cpp_secp256k1_2,1,1.56,1,256
cpp_secp256k1_2,1,1.54,1,256
cpp_secp256k1_2,1,1.55,1,256
cpp_secp256k1_2,1,1.56,1,256
cpp_secp256k1_2,1,1.55,1,256
cpp_secp256k1_2,1,1.56,1,256
cpp_secp256k1_2,1,1.56,1,256
cpp_secp256k1_2,1,1.58,1,256
cpp_secp256k1_2,1,1.58,1,256
cpp_secp256k1_2,1,1.55,1,256
cpp_secp256k1_2,1,1.55,1,256
cpp_secp256k1_2,1,1.57,1,256
cpp_secp256k1_2,1,1.57,1,256
cpp_secp256k1_2,1,1.58,1,256
cpp_secp256k1_2,1,1.59,1,256
cpp_secp256k1_2,1,1.59,1,256
cpp_secp256k1_2,1,1.56,1,256
cpp_secp256k1_2,1,1.59,1,256
cpp_secp256k1_2,1,1.56,1,256
cpp_secp256k1_2,1,1.61,1,256
cpp_secp256k1_2,1,1.57,1,256
cpp_secp256k1_2,1,1.57,1,256
cpp_secp256k1_2,1,1.56,1,256
cpp_secp256k1_2,1,1.57,1,256
cpp_secp256k1_2,1,1.57,1,256
cpp_secp256k1_2,1,1.59,1,256
cpp_secp256k1_2,1,1.58,1,256
cpp_secp256k1_2,1,1.98,1,256
cpp_secp256k1_2,1,2.00,1,256
cpp_secp256k1_2,1,1.58,1,256
cpp_secp256k1_2,1,1.58,1,256
cpp_secp256k1_2,1,1.60,1,256
cpp_secp256k1_2,1,1.59,1,256
cpp_secp256k1_2,1,1.61,1,256
cpp_secp256k1_2,1,1.53,1,256
cpp_secp256k1_2,1,1.63,1,256
cpp_secp256k1_2,1,1.62,1,256
cpp_secp256k1_2,1,1.61,1,256
cpp_secp256k1_2,1,1.62,1,256
cpp_secp256k1_2,1,1.60,1,256
cpp_secp256k1_2,1,1.60,1,256
cpp_secp256k1_2,1,1.59,1,256
cpp_secp256k1_2,1,1.55,1,256
cpp_secp256k1_2,1,1.58,1,256
cpp_secp256k1_2,1,1.61,1,256
cpp_secp256k1_2,1,1.59,1,256
cpp_secp256k1_2,1,1.58,1,256
cpp_secp256k1_2,1,1.59,1,256
cpp_secp256k1_2,1,1.62,1,256
cpp_secp256k1_2,1,1.62,1,256
sage_secp256k1_2,1,3.80,1,256
sage_secp256k1_2,1,3.99,1,256
sage_secp256k1_2,1,3.98,1,256
sage_secp256k1_2,1,3.97,1,256
sage_secp256k1_2,1,3.99,1,256
sage_secp256k1_2,1,3.98,1,256
sage_secp256k1_2,1,3.96,1,256
sage_secp256k1_2,1,3.97,1,256
sage_secp256k1_2,1,3.79,1,256
sage_secp256k1_2,1,4.05,1,256
sage_secp256k1_2,1,4.06,1,256
sage_secp256k1_2,1,4.02,1,256
sage_secp256k1_2,1,4.07,1,256
sage_secp256k1_2,1,4.02,1,256
sage_secp256k1_2,1,4.04,1,256
sage_secp256k1_2,1,4.09,1,256
sage_secp256k1_2,1,3.81,1,256
sage_secp256k1_2,1,4.02,1,256
sage_secp256k1_2,1,4.03,1,256
sage_secp256k1_2,1,4.01,1,256
sage_secp256k1_2,1,4.05,1,256
sage_secp256k1_2,1,4.01,1,256
sage_secp256k1_2,1,4.02,1,256
sage_secp256k1_2,1,4.00,1,256
sage_secp256k1_2,1,3.78,1,256
sage_secp256k1_2,1,3.96,1,256
sage_secp256k1_2,1,3.98,1,256
sage_secp256k1_2,1,4.04,1,256
sage_secp256k1_2,1,4.06,1,256
sage_secp256k1_2,1,3.85,1,256
sage_secp256k1_2,1,3.80,1,256
sage_secp256k1_2,1,3.96,1,256
sage_secp256k1_2,1,4.00,1,256
sage_secp256k1_2,1,3.98,1,256
sage_secp256k1_2,1,3.93,1,256
sage_secp256k1_2,1,3.98,1,256
sage_secp256k1_2,1,3.82,1,256
sage_secp256k1_2,1,3.94,1,256
sage_secp256k1_2,1,3.88,1,256
sage_secp256k1_2,1,3.94,1,256
sage_secp256k1_2,1,4.04,1,256
sage_secp256k1_2,1,3.94,1,256
sage_secp256k1_2,1,3.90,1,256
sage_secp256k1_2,1,3.88,1,256
sage_secp256k1_2,1,3.88,1,256
sage_secp256k1_2,1,3.95,1,256
sage_secp256k1_2,1,3.92,1,256
sage_secp256k1_2,1,3.94,1,256
sage_secp256k1_2,1,3.98,1,256
sage_secp256k1_2,1,4.03,1,256
sage_secp256k1_2,1,3.91,1,256
sage_secp256k1_2,1,4.01,1,256
sage_secp256k1_2,1,3.97,1,256
sage_secp256k1_2,1,3.99,1,256
sage_secp256k1_2,1,4.10,1,256
sage_secp256k1_2,1,3.92,1,256
sage_secp256k1_2,1,3.98,1,256
sage_secp256k1_2,1,3.94,1,256
sage_secp256k1_2,1,3.87,1,256
sage_secp256k1_2,1,3.91,1,256
sage_secp256k1_2,1,3.96,1,256
sage_secp256k1_2,1,3.91,1,256
sage_secp256k1_2,1,3.90,1,256
sage_secp256k1_2,1,3.96,1,256
sage_secp256k1_2,1,4.00,1,256
sage_secp256k1_2,1,3.90,1,256
sage_secp256k1_2,1,3.96,1,256
sage_secp256k1_2,1,3.87,1,256
sage_secp256k1_2,1,3.84,1,256
sage_secp256k1_2,1,3.91,1,256
sage_secp256k1_2,1,3.94,1,256
sage_secp256k1_2,1,3.92,1,256
sage_secp256k1_2,1,4.00,1,256
sage_secp256k1_2,1,3.94,1,256
sage_secp256k1_2,1,3.98,1,256
sage_secp256k1_2,1,3.87,1,256
sage_secp256k1_2,1,3.94,1,256
sage_secp256k1_2,1,3.86,1,256
sage_secp256k1_2,1,3.99,1,256
sage_secp256k1_2,1,3.96,1,256
sage_secp256k1_2,1,3.97,1,256
sage_secp256k1_2,1,3.91,1,256
sage_secp256k1_2,1,3.98,1,256
sage_secp256k1_2,1,3.91,1,256
sage_secp256k1_2,1,3.90,1,256
sage_secp256k1_2,1,3.86,1,256
sage_secp256k1_2,1,3.90,1,256
sage_secp256k1_2,1,3.96,1,256
sage_secp256k1_2,1,3.96,1,256
sage_secp256k1_2,1,3.92,1,256
sage_secp256k1_2,1,3.90,1,256
sage_secp256k1_2,1,4.00,1,256
sage_secp256k1_2,1,4.02,1,256
sage_secp256k1_2,1,3.95,1,256
sage_secp256k1_2,1,3.90,1,256
sage_secp256k1_2,1,3.93,1,256
sage_secp256k1_2,1,3.92,1,256
sage_secp256k1_2,1,3.88,1,256
sage_secp256k1_2,1,3.89,1,256
sage_secp256k1_2,1,3.86,1,256
sage_secp256k1_2,1,3.90,1,256
sage_secp256k1_2,1,3.89,1,256
sage_secp256k1_2,1,3.88,1,256
sage_secp256k1_2,1,3.86,1,256
sage_secp256k1_2,1,4.02,1,256
sage_secp256k1_2,1,3.96,1,256
sage_secp256k1_2,1,3.88,1,256
sage_secp256k1_2,1,3.94,1,256
sage_secp256k1_2,1,3.91,1,256
sage_secp256k1_2,1,4.02,1,256
sage_secp256k1_2,1,3.93,1,256
sage_secp256k1_2,1,3.95,1,256
sage_secp256k1_2,1,4.00,1,256
sage_secp256k1_2,1,3.94,1,256
sage_secp256k1_2,1,3.91,1,256
sage_secp256k1_2,1,3.93,1,256
sage_secp256k1_2,1,3.94,1,256
sage_secp256k1_2,1,3.88,1,256
sage_secp256k1_2,1,3.95,1,256
sage_secp256k1_2,1,3.92,1,256
sage_secp256k1_2,1,3.91,1,256
sage_secp256k1_2,1,3.90,1,256
sage_secp256k1_2,1,3.90,1,256
sage_secp256k1_2,1,3.97,1,256
sage_secp256k1_2,1,3.95,1,256
sage_secp256k1_2,1,3.98,1,256
sage_secp256k1_2,1,3.97,1,256
sage_secp256k1_2,1,3.93,1,256
sage_secp256k1_2,1,3.99,1,256
sage_secp256k1_2,1,3.94,1,256
sage_secp256k1_2,1,3.81,1,256
sage_secp256k1_2,1,3.95,1,256
sage_secp256k1_2,1,3.96,1,256
sage_secp256k1_2,1,4.00,1,256
sage_secp256k1_2,1,3.96,1,256
sage_secp256k1_2,1,3.97,1,256
sage_secp256k1_2,1,3.99,1,256
sage_secp256k1_2,1,3.84,1,256
sage_secp256k1_2,1,4.08,1,256
sage_secp256k1_2,1,3.95,1,256
sage_secp256k1_2,1,3.99,1,256
sage_secp256k1_2,1,3.86,1,256
sage_secp256k1_2,1,3.97,1,256
sage_secp256k1_2,1,3.96,1,256
sage_secp256k1_2,1,4.02,1,256
sage_secp256k1_2,1,3.93,1,256
sage_secp256k1_2,1,4.29,1,256
sage_secp256k1_2,1,3.97,1,256
sage_secp256k1_2,1,3.95,1,256
sage_secp256k1_2,1,3.97,1,256
sage_secp256k1_2,1,4.02,1,256
sage_secp256k1_2,1,3.87,1,256
sage_secp256k1_2,1,4.05,1,256
sage_secp256k1_2,1,3.82,1,256
sage_secp256k1_2,1,3.84,1,256
sage_secp256k1_2,1,3.90,1,256
sage_secp256k1_2,1,3.97,1,256
sage_secp256k1_2,1,4.01,1,256
sage_secp256k1_2,1,3.91,1,256
sage_secp256k1_2,1,3.96,1,256
sage_secp256k1_2,1,3.91,1,256
sage_secp256k1_2,1,4.05,1,256
sage_secp256k1_2,1,3.90,1,256
sage_secp256k1_2,1,4.02,1,256
sage_secp256k1_2,1,4.00,1,256
sage_secp256k1_2,1,4.01,1,256
sage_secp256k1_2,1,3.93,1,256
sage_secp256k1_2,1,4.09,1,256
sage_secp256k1_2,1,3.97,1,256
sage_secp256k1_2,1,3.83,1,256
sage_secp256k1_2,1,3.97,1,256
sage_secp256k1_2,1,3.95,1,256
sage_secp256k1_2,1,3.99,1,256
sage_secp256k1_2,1,3.96,1,256
sage_secp256k1_2,1,3.78,1,256
sage_secp256k1_2,1,3.99,1,256
sage_secp256k1_2,1,3.99,1,256
sage_secp256k1_2,1,3.99,1,256
sage_secp256k1_2,1,4.01,1,256
sage_secp256k1_2,1,3.82,1,256
sage_secp256k1_2,1,3.86,1,256
sage_secp256k1_2,1,3.99,1,256
sage_secp256k1_2,1,4.06,1,256
sage_secp256k1_2,1,4.00,1,256
sage_secp256k1_2,1,4.02,1,256
sage_secp256k1_2,1,3.80,1,256
sage_secp256k1_2,1,4.01,1,256
sage_secp256k1_2,1,4.19,1,256
sage_secp256k1_2,1,3.97,1,256
sage_secp256k1_2,1,4.01,1,256
sage_secp256k1_2,1,4.04,1,256
sage_secp256k1_2,1,3.97,1,256
sage_secp256k1_2,1,4.04,1,256
sage_secp256k1_2,1,3.94,1,256
sage_secp256k1_2,1,3.95,1,256
sage_secp256k1_2,1,3.96,1,256
sage_secp256k1_2,1,3.98,1,256
sage_secp256k1_2,1,3.82,1,256
sage_secp256k1_2,1,3.84,1,256
sage_secp256k1_2,1,3.99,1,256
sage_secp256k1_2,1,4.04,1,256
sage_secp256k1_2,1,4.02,1,256
sage_secp256k1_2,1,3.98,1,256
sage_secp256k1_2,1,3.98,1,256
sage_secp256k1_2,1,3.92,1,256
sage_secp256k1_2,1,3.81,1,256
sage_secp256k1_2,1,3.81,1,256
sage_secp256k1_2,1,3.96,1,256
sage_secp256k1_2,1,3.94,1,256
sage_secp256k1_2,1,4.00,1,256
sage_secp256k1_2,1,4.02,1,256
sage_secp256k1_2,1,4.02,1,256
sage_secp256k1_2,1,3.89,1,256
sage_secp256k1_2,1,4.02,1,256
sage_secp256k1_2,1,3.87,1,256
sage_secp256k1_2,1,4.03,1,256
sage_secp256k1_2,1,3.99,1,256
sage_secp256k1_2,1,3.96,1,256
sage_secp256k1_2,1,3.95,1,256
sage_secp256k1_2,1,4.06,1,256
sage_secp256k1_2,1,3.93,1,256
sage_secp256k1_2,1,3.94,1,256
sage_secp256k1_2,1,3.91,1,256
sage_secp256k1_2,1,3.94,1,256
sage_secp256k1_2,1,3.97,1,256
sage_secp256k1_2,1,3.96,1,256
sage_secp256k1_2,1,3.91,1,256
sage_secp256k1_2,1,3.93,1,256
sage_secp256k1_2,1,3.88,1,256
sage_secp256k1_2,1,3.95,1,256
sage_secp256k1_2,1,3.84,1,256
sage_secp256k1_2,1,3.88,1,256
sage_secp256k1_2,1,3.94,1,256
sage_secp256k1_2,1,3.92,1,256
sage_secp256k1_2,1,3.98,1,256
sage_secp256k1_2,1,3.98,1,256
sage_secp256k1_2,1,3.96,1,256
sage_secp256k1_2,1,4.00,1,256
sage_secp256k1_2,1,3.95,1,256
sage_secp256k1_2,1,3.94,1,256
sage_secp256k1_2,1,3.95,1,256
sage_secp256k1_2,1,3.93,1,256
sage_secp256k1_2,1,3.94,1,256
sage_secp256k1_2,1,3.88,1,256
sage_secp256k1_2,1,3.97,1,256
sage_secp256k1_2,1,3.89,1,256
sage_secp256k1_2,1,3.90,1,256
sage_secp256k1_2,1,3.88,1,256
cpp_secp256k1_3,1,1.33,1,209
cpp_secp256k1_3,1,1.58,2,209
cpp_secp256k1_3,1,1.33,1,209
cpp_secp256k1_3,1,1.36,1,209
sage_secp256k1_2,1,3.90,1,256
cpp_secp256k1_3,1,1.35,1,209
cpp_secp256k1_3,1,2.59,6,209
cpp_secp256k1_3,1,1.85,3,209
cpp_secp256k1_3,1,1.34,1,209
cpp_secp256k1_3,1,2.33,5,209
cpp_secp256k1_3,1,1.60,2,209
cpp_secp256k1_3,1,1.58,2,209
cpp_secp256k1_3,1,1.33,1,209
cpp_secp256k1_3,1,1.34,1,209
cpp_secp256k1_3,1,2.33,5,209
cpp_secp256k1_3,1,1.81,3,209
cpp_secp256k1_3,1,2.08,4,209
cpp_secp256k1_3,1,1.84,3,209
sage_secp256k1_2,1,3.82,1,256
cpp_secp256k1_3,1,1.33,1,209
cpp_secp256k1_3,1,1.32,1,209
cpp_secp256k1_3,1,1.33,1,209
cpp_secp256k1_3,1,2.09,4,209
cpp_secp256k1_3,1,1.34,1,209
cpp_secp256k1_3,1,2.07,4,209
cpp_secp256k1_3,1,1.34,1,209
cpp_secp256k1_3,1,1.33,1,209
cpp_secp256k1_3,1,1.58,2,209
cpp_secp256k1_3,1,2.34,5,209
cpp_secp256k1_3,1,2.10,4,209
cpp_secp256k1_3,1,1.59,2,209
cpp_secp256k1_3,1,1.62,2,209
cpp_secp256k1_3,1,1.59,2,209
cpp_secp256k1_3,1,1.38,1,209
cpp_secp256k1_3,1,1.36,1,209
cpp_secp256k1_3,1,2.12,4,209
cpp_secp256k1_3,1,1.60,2,209
cpp_secp256k1_3,1,1.35,1,209
cpp_secp256k1_3,1,1.89,3,209
cpp_secp256k1_3,1,2.39,5,209
cpp_secp256k1_3,1,1.59,2,209
cpp_secp256k1_3,1,3.88,11,209
cpp_secp256k1_3,1,3.90,11,209
cpp_secp256k1_3,1,1.33,1,209
cpp_secp256k1_3,1,1.33,1,209
cpp_secp256k1_3,1,3.08,8,209
cpp_secp256k1_3,1,1.35,1,209
cpp_secp256k1_3,1,1.83,3,209
cpp_secp256k1_3,1,1.34,1,209
cpp_secp256k1_3,1,1.58,2,209
cpp_secp256k1_3,1,1.35,1,209
cpp_secp256k1_3,1,1.35,1,209
cpp_secp256k1_3,1,1.34,1,209
cpp_secp256k1_3,1,1.34,1,209
cpp_secp256k1_3,1,1.34,1,209
cpp_secp256k1_3,1,4.32,13,209
cpp_secp256k1_3,1,1.58,2,209
cpp_secp256k1_3,1,2.33,5,209
cpp_secp256k1_3,1,1.34,1,209
cpp_secp256k1_3,1,1.33,1,209
cpp_secp256k1_3,1,1.33,1,209
cpp_secp256k1_3,1,1.82,3,209
cpp_secp256k1_3,1,1.33,1,209
cpp_secp256k1_3,1,1.33,1,209
cpp_secp256k1_3,1,1.33,1,209
cpp_secp256k1_3,1,1.56,2,209
cpp_secp256k1_3,1,1.56,2,209
cpp_secp256k1_3,1,4.30,13,209
cpp_secp256k1_3,1,1.32,1,209
cpp_secp256k1_3,1,2.57,6,209
cpp_secp256k1_3,1,1.34,1,209
cpp_secp256k1_3,1,1.34,1,209
cpp_secp256k1_3,1,1.35,1,209
cpp_secp256k1_3,1,1.59,2,209
cpp_secp256k1_3,1,1.60,2,209
cpp_secp256k1_3,1,1.58,2,209
cpp_secp256k1_3,1,1.84,3,209
cpp_secp256k1_3,1,1.61,2,209
cpp_secp256k1_3,1,1.59,2,209
cpp_secp256k1_3,1,1.33,1,209
cpp_secp256k1_3,1,1.60,2,209
cpp_secp256k1_3,1,1.33,1,209
cpp_secp256k1_3,1,2.58,6,209
cpp_secp256k1_3,1,1.57,2,209
cpp_secp256k1_3,1,1.33,1,209
cpp_secp256k1_3,1,2.34,5,209
cpp_secp256k1_3,1,1.58,2,209
cpp_secp256k1_3,1,1.59,2,209
cpp_secp256k1_3,1,3.59,10,209
cpp_secp256k1_3,1,1.63,2,209
cpp_secp256k1_3,1,1.88,3,209
cpp_secp256k1_3,1,1.37,1,209
cpp_secp256k1_3,1,1.37,1,209
cpp_secp256k1_3,1,2.60,6,209
cpp_secp256k1_3,1,2.65,6,209
cpp_secp256k1_3,1,1.39,1,209
cpp_secp256k1_3,1,1.62,2,209
cpp_secp256k1_3,1,1.62,2,209
cpp_secp256k1_3,1,1.59,2,209
cpp_secp256k1_3,1,1.33,1,209
cpp_secp256k1_3,1,1.34,1,209
cpp_secp256k1_3,1,1.36,1,209
cpp_secp256k1_3,1,2.13,4,209
cpp_secp256k1_3,1,1.59,2,209
cpp_secp256k1_3,1,1.34,1,209
cpp_secp256k1_3,1,1.34,1,209
cpp_secp256k1_3,1,1.83,3,209
cpp_secp256k1_3,1,3.10,8,209
cpp_secp256k1_3,1,1.82,3,209
cpp_secp256k1_3,1,1.34,1,209
cpp_secp256k1_3,1,1.34,1,209
cpp_secp256k1_3,1,2.32,5,209
cpp_secp256k1_3,1,3.06,8,209
cpp_secp256k1_3,1,1.33,1,209
cpp_secp256k1_3,1,1.59,2,209
cpp_secp256k1_3,1,1.33,1,209
cpp_secp256k1_3,1,1.60,2,209
cpp_secp256k1_3,1,1.34,1,209
cpp_secp256k1_3,1,1.85,3,209
cpp_secp256k1_3,1,3.86,11,209
cpp_secp256k1_3,1,1.85,3,209
cpp_secp256k1_3,1,1.37,1,209
cpp_secp256k1_3,1,1.36,1,209
cpp_secp256k1_3,1,1.35,1,209
cpp_secp256k1_3,1,1.36,1,209
cpp_secp256k1_3,1,1.59,2,209
cpp_secp256k1_3,1,1.33,1,209
cpp_secp256k1_3,1,1.57,2,209
cpp_secp256k1_3,1,1.83,3,209
cpp_secp256k1_3,1,1.32,1,209
cpp_secp256k1_3,1,1.58,2,209
cpp_secp256k1_3,1,2.06,4,209
cpp_secp256k1_3,1,1.34,1,209
cpp_secp256k1_3,1,1.33,1,209
cpp_secp256k1_3,1,1.58,2,209
cpp_secp256k1_3,1,1.35,1,209
cpp_secp256k1_3,1,1.61,2,209
cpp_secp256k1_3,1,1.36,1,209
cpp_secp256k1_3,1,2.88,7,209
cpp_secp256k1_3,1,2.37,5,209
cpp_secp256k1_3,1,2.39,5,209
cpp_secp256k1_3,1,1.38,1,209
cpp_secp256k1_3,1,8.12,28,209
cpp_secp256k1_3,1,1.34,1,209
cpp_secp256k1_3,1,2.10,4,209
cpp_secp256k1_3,1,3.64,10,209
cpp_secp256k1_3,1,1.33,1,209
cpp_secp256k1_3,1,1.58,2,209
cpp_secp256k1_3,1,1.58,2,209
cpp_secp256k1_3,1,2.81,7,209
cpp_secp256k1_3,1,1.33,1,209
cpp_secp256k1_3,1,2.82,7,209
cpp_secp256k1_3,1,1.81,3,209
cpp_secp256k1_3,1,1.57,2,209
cpp_secp256k1_3,1,1.36,1,209
cpp_secp256k1_3,1,4.82,15,209
cpp_secp256k1_3,1,1.59,2,209
cpp_secp256k1_3,1,1.59,2,209
cpp_secp256k1_3,1,2.32,5,209
cpp_secp256k1_3,1,1.85,3,209
cpp_secp256k1_3,1,1.87,3,209
cpp_secp256k1_3,1,1.84,3,209
cpp_secp256k1_3,1,1.60,2,209
cpp_secp256k1_3,1,1.85,3,209
cpp_secp256k1_3,1,1.61,2,209
cpp_secp256k1_3,1,1.86,3,209
cpp_secp256k1_3,1,1.58,2,209
cpp_secp256k1_3,1,3.11,8,209
cpp_secp256k1_3,1,1.35,1,209
cpp_secp256k1_3,1,1.33,1,209
cpp_secp256k1_3,1,1.35,1,209
cpp_secp256k1_3,1,1.57,2,209
cpp_secp256k1_3,1,1.59,2,209
cpp_secp256k1_3,1,1.31,1,209
cpp_secp256k1_3,1,1.33,1,209
cpp_secp256k1_3,1,1.35,1,209
cpp_secp256k1_3,1,1.33,1,209
cpp_secp256k1_3,1,3.09,8,209
cpp_secp256k1_3,1,1.57,2,209
cpp_secp256k1_3,1,2.31,5,209
cpp_secp256k1_3,1,1.61,2,209
cpp_secp256k1_3,1,1.36,1,209
cpp_secp256k1_3,1,1.33,1,209
cpp_secp256k1_3,1,1.34,1,209
cpp_secp256k1_3,1,1.35,1,209
cpp_secp256k1_3,1,3.61,10,209
cpp_secp256k1_3,1,2.59,6,209
cpp_secp256k1_3,1,1.34,1,209
cpp_secp256k1_3,1,2.08,4,209
cpp_secp256k1_3,1,1.82,3,209
cpp_secp256k1_3,1,5.51,18,209
cpp_secp256k1_3,1,1.33,1,209
cpp_secp256k1_3,1,1.32,1,209
cpp_secp256k1_3,1,1.32,1,209
cpp_secp256k1_3,1,1.34,1,209
cpp_secp256k1_3,1,1.83,3,209
cpp_secp256k1_3,1,1.58,2,209
cpp_secp256k1_3,1,1.60,2,209
cpp_secp256k1_3,1,1.81,3,209
cpp_secp256k1_3,1,1.59,2,209
cpp_secp256k1_3,1,2.56,6,209
cpp_secp256k1_3,1,1.34,1,209
cpp_secp256k1_3,1,2.08,4,209
cpp_secp256k1_3,1,1.36,1,209
cpp_secp256k1_3,1,1.33,1,209
cpp_secp256k1_3,1,1.33,1,209
cpp_secp256k1_3,1,1.83,3,209
cpp_secp256k1_3,1,1.35,1,209
cpp_secp256k1_3,1,1.58,2,209
cpp_secp256k1_3,1,1.33,1,209
cpp_secp256k1_3,1,2.81,7,209
cpp_secp256k1_3,1,1.33,1,209
cpp_secp256k1_3,1,3.58,10,209
cpp_secp256k1_3,1,1.82,3,209
cpp_secp256k1_3,1,1.32,1,209
cpp_secp256k1_3,1,1.83,3,209
cpp_secp256k1_3,1,2.84,7,209
cpp_secp256k1_3,1,1.35,1,209
cpp_secp256k1_3,1,1.35,1,209
cpp_secp256k1_3,1,1.36,1,209
cpp_secp256k1_3,1,1.60,2,209
cpp_secp256k1_3,1,1.35,1,209
cpp_secp256k1_3,1,1.35,1,209
cpp_secp256k1_3,1,2.60,6,209
cpp_secp256k1_3,1,1.34,1,209
cpp_secp256k1_3,1,1.36,1,209
cpp_secp256k1_3,1,1.62,2,209
cpp_secp256k1_3,1,1.62,2,209
cpp_secp256k1_3,1,2.11,4,209
cpp_secp256k1_3,1,1.36,1,209
cpp_secp256k1_3,1,1.35,1,209
cpp_secp256k1_3,1,3.36,9,209
cpp_secp256k1_3,1,1.35,1,209
cpp_secp256k1_3,1,1.59,2,209
cpp_secp256k1_3,1,1.58,2,209
cpp_secp256k1_3,1,1.57,2,209
cpp_secp256k1_3,1,1.82,3,209
cpp_secp256k1_3,1,1.59,2,209
cpp_secp256k1_3,1,1.58,2,209
cpp_secp256k1_3,1,1.59,2,209
cpp_secp256k1_3,1,1.33,1,209
cpp_secp256k1_3,1,1.83,3,209
cpp_secp256k1_3,1,1.33,1,209
cpp_secp256k1_3,1,1.33,1,209
cpp_secp256k1_3,1,1.35,1,209
cpp_secp256k1_3,1,1.34,1,209
cpp_secp256k1_3,1,1.33,1,209
cpp_secp256k1_3,1,1.34,1,209
cpp_secp256k1_3,1,1.58,2,209
cpp_secp256k1_3,1,1.36,1,209
cpp_secp256k1_3,1,1.60,2,209
cpp_secp256k1_3,1,3.10,8,209
sage_secp256k1_3,1,3.73,1,209
sage_secp256k1_3,1,3.84,2,209
sage_secp256k1_3,1,4.31,4,209
sage_secp256k1_3,1,3.91,2,209
sage_secp256k1_3,1,3.67,1,209
sage_secp256k1_3,1,3.87,2,209
sage_secp256k1_3,1,4.07,3,209
sage_secp256k1_3,1,3.75,1,209
sage_secp256k1_3,1,3.78,1,209
sage_secp256k1_3,1,3.73,1,209
sage_secp256k1_3,1,3.69,1,209
sage_secp256k1_3,1,4.09,3,209
sage_secp256k1_3,1,4.35,4,209
sage_secp256k1_3,1,3.81,1,209
sage_secp256k1_3,1,3.71,1,209
sage_secp256k1_3,1,3.72,1,209
sage_secp256k1_3,1,3.97,2,209
sage_secp256k1_3,1,3.68,1,209
sage_secp256k1_3,1,4.05,3,209
sage_secp256k1_3,1,3.67,1,209
sage_secp256k1_3,1,3.87,2,209
sage_secp256k1_3,1,4.62,6,209
sage_secp256k1_3,1,3.69,1,209
sage_secp256k1_3,1,4.53,5,209
sage_secp256k1_3,1,3.76,1,209
sage_secp256k1_3,1,3.72,1,209
sage_secp256k1_3,1,4.38,4,209
sage_secp256k1_3,1,3.94,2,209
sage_secp256k1_3,1,4.44,4,209
sage_secp256k1_3,1,4.75,6,209
sage_secp256k1_3,1,5.09,7,209
sage_secp256k1_3,1,4.12,3,209
sage_secp256k1_3,1,3.71,1,209
sage_secp256k1_3,1,3.85,1,209
sage_secp256k1_3,1,3.72,1,209
sage_secp256k1_3,1,4.32,4,209
sage_secp256k1_3,1,3.73,1,209
sage_secp256k1_3,1,4.28,3,209
sage_secp256k1_3,1,4.31,4,209
sage_secp256k1_3,1,5.28,9,209
sage_secp256k1_3,1,3.94,2,209
sage_secp256k1_3,1,3.79,1,209
sage_secp256k1_3,1,3.87,1,209
sage_secp256k1_3,1,4.28,4,209
sage_secp256k1_3,1,3.93,2,209
sage_secp256k1_3,1,3.94,2,209
sage_secp256k1_3,1,3.71,1,209
sage_secp256k1_3,1,4.18,3,209
sage_secp256k1_3,1,3.79,1,209
sage_secp256k1_3,1,4.37,4,209
sage_secp256k1_3,1,4.23,3,209
sage_secp256k1_3,1,4.39,4,209
sage_secp256k1_3,1,3.68,1,209
sage_secp256k1_3,1,3.71,1,209
sage_secp256k1_3,1,3.94,2,209
sage_secp256k1_3,1,3.63,1,209
sage_secp256k1_3,1,4.34,4,209
sage_secp256k1_3,1,4.00,2,209
sage_secp256k1_3,1,4.07,3,209
sage_secp256k1_3,1,3.84,2,209
sage_secp256k1_3,1,4.26,4,209
sage_secp256k1_3,1,3.89,2,209
sage_secp256k1_3,1,3.95,2,209
sage_secp256k1_3,1,4.98,7,209
sage_secp256k1_3,1,3.73,1,209
sage_secp256k1_3,1,3.95,2,209
sage_secp256k1_3,1,3.77,1,209
sage_secp256k1_3,1,4.19,3,209
sage_secp256k1_3,1,4.07,3,209
sage_secp256k1_3,1,4.49,5,209
sage_secp256k1_3,1,4.37,4,209
sage_secp256k1_3,1,4.31,4,209
sage_secp256k1_3,1,4.41,5,209
sage_secp256k1_3,1,3.72,1,209
sage_secp256k1_3,1,3.72,1,209
sage_secp256k1_3,1,3.72,1,209
sage_secp256k1_3,1,3.68,1,209
sage_secp256k1_3,1,4.70,6,209
sage_secp256k1_3,1,5.78,1,209
sage_secp256k1_3,1,3.87,2,209
sage_secp256k1_3,1,5.60,2,209
sage_secp256k1_3,1,3.70,1,209
sage_secp256k1_3,1,3.62,1,209
sage_secp256k1_3,1,4.16,3,209
sage_secp256k1_3,1,3.98,2,209
sage_secp256k1_3,1,3.70,1,209
sage_secp256k1_3,1,5.41,9,209
sage_secp256k1_3,1,3.92,2,209
sage_secp256k1_3,1,3.94,2,209
sage_secp256k1_3,1,4.10,3,209
sage_secp256k1_3,1,3.97,2,209
sage_secp256k1_3,1,4.09,3,209
sage_secp256k1_3,1,4.10,3,209
sage_secp256k1_3,1,3.68,1,209
sage_secp256k1_3,1,4.74,6,209
sage_secp256k1_3,1,3.89,2,209
sage_secp256k1_3,1,4.49,5,209
sage_secp256k1_3,1,4.31,4,209
sage_secp256k1_3,1,4.74,6,209
sage_secp256k1_3,1,3.75,1,209
sage_secp256k1_3,1,3.85,1,209
sage_secp256k1_3,1,3.78,1,209
sage_secp256k1_3,1,3.75,1,209
sage_secp256k1_3,1,4.12,3,209
sage_secp256k1_3,1,3.68,1,209
sage_secp256k1_3,1,4.35,4,209
sage_secp256k1_3,1,4.07,3,209
sage_secp256k1_3,1,3.96,2,209
sage_secp256k1_3,1,3.95,2,209
sage_secp256k1_3,1,3.77,1,209
sage_secp256k1_3,1,3.73,1,209
sage_secp256k1_3,1,3.71,1,209
sage_secp256k1_3,1,4.54,5,209
sage_secp256k1_3,1,3.61,1,209
sage_secp256k1_3,1,3.71,1,209
sage_secp256k1_3,1,3.94,2,209
sage_secp256k1_3,1,3.72,1,209
sage_secp256k1_3,1,4.43,4,209
sage_secp256k1_3,1,4.19,3,209
sage_secp256k1_3,1,3.92,2,209
sage_secp256k1_3,1,3.71,1,209
sage_secp256k1_3,1,4.32,4,209
sage_secp256k1_3,1,4.35,4,209
sage_secp256k1_3,1,3.68,1,209
sage_secp256k1_3,1,3.95,2,209
sage_secp256k1_3,1,4.50,5,209
sage_secp256k1_3,1,3.91,2,209
sage_secp256k1_3,1,3.70,1,209
sage_secp256k1_3,1,4.09,3,209
sage_secp256k1_3,1,3.74,1,209
sage_secp256k1_3,1,4.86,7,209
sage_secp256k1_3,1,3.90,2,209
sage_secp256k1_3,1,3.72,1,209
sage_secp256k1_3,1,4.27,4,209
sage_secp256k1_3,1,3.97,2,209
sage_secp256k1_3,1,3.92,2,209
sage_secp256k1_3,1,4.13,2,209
sage_secp256k1_3,1,3.72,1,209
sage_secp256k1_3,1,3.93,2,209
sage_secp256k1_3,1,4.55,5,209
sage_secp256k1_3,1,4.88,7,209
sage_secp256k1_3,1,3.70,1,209
sage_secp256k1_3,1,4.55,5,209
sage_secp256k1_3,1,3.68,1,209
sage_secp256k1_3,1,3.72,1,209
sage_secp256k1_3,1,3.67,1,209
sage_secp256k1_3,1,3.95,2,209
sage_secp256k1_3,1,3.78,1,209
sage_secp256k1_3,1,3.66,1,209
sage_secp256k1_3,1,5.21,8,209
sage_secp256k1_3,1,3.98,2,209
sage_secp256k1_3,1,3.95,2,209
sage_secp256k1_3,1,3.68,1,209
sage_secp256k1_3,1,3.66,1,209
sage_secp256k1_3,1,3.75,1,209
sage_secp256k1_3,1,3.90,2,209
sage_secp256k1_3,1,3.91,2,209
sage_secp256k1_3,1,3.71,1,209
sage_secp256k1_3,1,4.12,3,209
sage_secp256k1_3,1,3.72,1,209
sage_secp256k1_3,1,5.77,11,209
sage_secp256k1_3,1,3.85,2,209
sage_secp256k1_3,1,3.71,1,209
sage_secp256k1_3,1,3.72,1,209
sage_secp256k1_3,1,3.79,1,209
sage_secp256k1_3,1,3.74,1,209
sage_secp256k1_3,1,3.91,2,209
sage_secp256k1_3,1,4.05,3,209
sage_secp256k1_3,1,3.86,2,209
sage_secp256k1_3,1,3.68,1,209
sage_secp256k1_3,1,3.89,2,209
sage_secp256k1_3,1,3.88,2,209
sage_secp256k1_3,1,4.14,3,209
sage_secp256k1_3,1,3.73,1,209
sage_secp256k1_3,1,4.00,2,209
sage_secp256k1_3,1,3.69,1,209
sage_secp256k1_3,1,4.08,3,209
sage_secp256k1_3,1,4.77,6,209
sage_secp256k1_3,1,4.18,3,209
sage_secp256k1_3,1,6.80,16,209
sage_secp256k1_3,1,3.68,1,209
sage_secp256k1_3,1,3.73,1,209
sage_secp256k1_3,1,3.79,1,209
sage_secp256k1_3,1,3.67,1,209
sage_secp256k1_3,1,3.69,1,209
sage_secp256k1_3,1,3.97,2,209
sage_secp256k1_3,1,3.70,1,209
sage_secp256k1_3,1,3.86,2,209
sage_secp256k1_3,1,3.71,1,209
sage_secp256k1_3,1,3.72,1,209
sage_secp256k1_3,1,4.11,3,209
sage_secp256k1_3,1,3.71,1,209
sage_secp256k1_3,1,3.69,1,209
sage_secp256k1_3,1,5.08,8,209
sage_secp256k1_3,1,3.85,2,209
sage_secp256k1_3,1,3.62,1,209
sage_secp256k1_3,1,4.33,4,209
sage_secp256k1_3,1,3.87,2,209
sage_secp256k1_3,1,3.83,1,209
sage_secp256k1_3,1,3.79,1,209
sage_secp256k1_3,1,3.63,1,209
sage_secp256k1_3,1,3.98,2,209
sage_secp256k1_3,1,3.84,1,209
sage_secp256k1_3,1,3.75,1,209
sage_secp256k1_3,1,3.73,1,209
sage_secp256k1_3,1,4.27,4,209
sage_secp256k1_3,1,3.80,1,209
sage_secp256k1_3,1,3.66,1,209
sage_secp256k1_3,1,4.08,1,209
sage_secp256k1_3,1,3.72,1,209
sage_secp256k1_3,1,4.17,3,209
sage_secp256k1_3,1,3.96,2,209
sage_secp256k1_3,1,5.25,8,209
sage_secp256k1_3,1,3.98,2,209
sage_secp256k1_3,1,4.84,7,209
sage_secp256k1_3,1,3.62,1,209
sage_secp256k1_3,1,3.64,1,209
sage_secp256k1_3,1,4.77,6,209
sage_secp256k1_3,1,5.72,11,209
sage_secp256k1_3,1,4.18,3,209
sage_secp256k1_3,1,3.92,2,209
sage_secp256k1_3,1,3.69,1,209
sage_secp256k1_3,1,3.71,1,209
sage_secp256k1_3,1,4.15,3,209
sage_secp256k1_3,1,3.75,1,209
sage_secp256k1_3,1,3.70,1,209
sage_secp256k1_3,1,3.69,1,209
sage_secp256k1_3,1,4.12,3,209
sage_secp256k1_3,1,4.34,4,209
sage_secp256k1_3,1,3.87,2,209
sage_secp256k1_3,1,4.13,3,209
sage_secp256k1_3,1,4.14,3,209
sage_secp256k1_3,1,3.70,1,209
sage_secp256k1_3,1,3.71,1,209
sage_secp256k1_3,1,3.71,1,209
sage_secp256k1_3,1,3.92,2,209
sage_secp256k1_3,1,6.12,13,209
sage_secp256k1_3,1,3.74,1,209
sage_secp256k1_3,1,3.79,1,209
sage_secp256k1_3,1,4.12,1,209
sage_secp256k1_3,1,4.71,6,209
sage_secp256k1_3,1,4.52,5,209
sage_secp256k1_3,1,3.89,2,209
cpp_secp256k1_4,1,1.55,2,198
sage_secp256k1_3,1,3.72,1,209
sage_secp256k1_3,1,3.75,1,209
sage_secp256k1_3,1,5.70,11,209
cpp_secp256k1_4,1,1.52,2,198
cpp_secp256k1_4,1,1.30,1,198
sage_secp256k1_3,1,3.92,2,209
sage_secp256k1_3,1,4.09,3,209
cpp_secp256k1_4,1,1.77,3,198
sage_secp256k1_3,1,4.43,5,209
cpp_secp256k1_4,1,2.70,7,198
sage_secp256k1_3,1,3.65,1,209
cpp_secp256k1_4,1,1.29,1,198
cpp_secp256k1_4,1,3.66,11,198
cpp_secp256k1_4,1,2.70,7,198
cpp_secp256k1_4,1,1.53,2,198
cpp_secp256k1_4,1,1.29,1,198
cpp_secp256k1_4,1,1.28,1,198
cpp_secp256k1_4,1,1.28,1,198
cpp_secp256k1_4,1,1.29,1,198
cpp_secp256k1_4,1,1.29,1,198
cpp_secp256k1_4,1,1.31,1,198
cpp_secp256k1_4,1,1.80,3,198
cpp_secp256k1_4,1,1.80,3,198
cpp_secp256k1_4,1,1.32,1,198
cpp_secp256k1_4,1,7.31,26,198
cpp_secp256k1_4,1,1.31,1,198
cpp_secp256k1_4,1,2.28,5,198
cpp_secp256k1_4,1,4.44,14,198
cpp_secp256k1_4,1,4.61,15,198
cpp_secp256k1_4,1,2.03,4,198
cpp_secp256k1_4,1,1.56,2,198
cpp_secp256k1_4,1,4.36,14,198
cpp_secp256k1_4,1,2.02,4,198
cpp_secp256k1_4,1,1.30,1,198
cpp_secp256k1_4,1,2.74,7,198
cpp_secp256k1_4,1,1.77,3,198
cpp_secp256k1_4,1,2.46,6,198
cpp_secp256k1_4,1,1.77,3,198
cpp_secp256k1_4,1,1.31,1,198
cpp_secp256k1_4,1,2.47,6,198
cpp_secp256k1_4,1,9.48,36,198
cpp_secp256k1_4,1,1.30,1,198
cpp_secp256k1_4,1,1.28,1,198
cpp_secp256k1_4,1,1.54,2,198
cpp_secp256k1_4,1,5.32,18,198
cpp_secp256k1_4,1,1.51,2,198
cpp_secp256k1_4,1,1.28,1,198
cpp_secp256k1_4,1,1.53,2,198
cpp_secp256k1_4,1,2.46,6,198
cpp_secp256k1_4,1,3.18,9,198
cpp_secp256k1_4,1,3.66,11,198
cpp_secp256k1_4,1,1.98,4,198
cpp_secp256k1_4,1,1.29,1,198
cpp_secp256k1_4,1,1.54,2,198
cpp_secp256k1_4,1,1.31,1,198
cpp_secp256k1_4,1,4.38,14,198
cpp_secp256k1_4,1,6.40,23,198
cpp_secp256k1_4,1,3.19,9,198
cpp_secp256k1_4,1,3.89,12,198
cpp_secp256k1_4,1,2.00,4,198
cpp_secp256k1_4,1,1.54,2,198
cpp_secp256k1_4,1,2.48,6,198
cpp_secp256k1_4,1,1.55,2,198
cpp_secp256k1_4,1,1.57,2,198
cpp_secp256k1_4,1,2.26,5,198
cpp_secp256k1_4,1,1.31,1,198
cpp_secp256k1_4,1,1.56,2,198
cpp_secp256k1_4,1,3.22,9,198
cpp_secp256k1_4,1,5.55,19,198
cpp_secp256k1_4,1,1.31,1,198
cpp_secp256k1_4,1,2.02,4,198
cpp_secp256k1_4,1,1.30,1,198
cpp_secp256k1_4,1,1.30,1,198
cpp_secp256k1_4,1,1.54,2,198
cpp_secp256k1_4,1,1.31,1,198
cpp_secp256k1_4,1,1.32,1,198
cpp_secp256k1_4,1,1.29,1,198
cpp_secp256k1_4,1,2.26,5,198
cpp_secp256k1_4,1,3.22,9,198
cpp_secp256k1_4,1,1.29,1,198
cpp_secp256k1_4,1,1.77,3,198
cpp_secp256k1_4,1,1.28,1,198
cpp_secp256k1_4,1,1.29,1,198
cpp_secp256k1_4,1,1.51,2,198
cpp_secp256k1_4,1,1.28,1,198
cpp_secp256k1_4,1,7.43,27,198
cpp_secp256k1_4,1,1.76,3,198
cpp_secp256k1_4,1,2.69,7,198
cpp_secp256k1_4,1,1.75,3,198
cpp_secp256k1_4,1,1.30,1,198
cpp_secp256k1_4,1,2.93,8,198
cpp_secp256k1_4,1,1.54,2,198
cpp_secp256k1_4,1,1.98,4,198
cpp_secp256k1_4,1,3.15,9,198
cpp_secp256k1_4,1,2.03,4,198
cpp_secp256k1_4,1,2.05,4,198
cpp_secp256k1_4,1,1.56,2,198
cpp_secp256k1_4,1,1.54,2,198
cpp_secp256k1_4,1,2.50,6,198
cpp_secp256k1_4,1,3.22,9,198
cpp_secp256k1_4,1,5.80,20,198
cpp_secp256k1_4,1,1.54,2,198
cpp_secp256k1_4,1,1.74,3,198
cpp_secp256k1_4,1,2.95,8,198
cpp_secp256k1_4,1,2.24,5,198
cpp_secp256k1_4,1,2.49,6,198
cpp_secp256k1_4,1,2.95,8,198
cpp_secp256k1_4,1,1.54,2,198
cpp_secp256k1_4,1,4.80,16,198
cpp_secp256k1_4,1,1.54,2,198
cpp_secp256k1_4,1,2.02,4,198
cpp_secp256k1_4,1,4.55,15,198
cpp_secp256k1_4,1,2.01,4,198
cpp_secp256k1_4,1,1.50,2,198
cpp_secp256k1_4,1,1.31,1,198
cpp_secp256k1_4,1,1.30,1,198
cpp_secp256k1_4,1,1.31,1,198
cpp_secp256k1_4,1,2.02,4,198
cpp_secp256k1_4,1,4.85,16,198
cpp_secp256k1_4,1,2.24,5,198
cpp_secp256k1_4,1,10.49,40,198
cpp_secp256k1_4,1,3.42,10,198
cpp_secp256k1_4,1,1.32,1,198
cpp_secp256k1_4,1,2.03,4,198
cpp_secp256k1_4,1,2.02,4,198
cpp_secp256k1_4,1,3.44,10,198
cpp_secp256k1_4,1,2.23,5,198
cpp_secp256k1_4,1,2.02,4,198
cpp_secp256k1_4,1,1.99,4,198
cpp_secp256k1_4,1,1.76,3,198
cpp_secp256k1_4,1,2.23,5,198
cpp_secp256k1_4,1,1.77,3,198
cpp_secp256k1_4,1,4.82,16,198
cpp_secp256k1_4,1,5.08,17,198
cpp_secp256k1_4,1,2.26,5,198
cpp_secp256k1_4,1,2.72,7,198
cpp_secp256k1_4,1,2.01,4,198
cpp_secp256k1_4,1,3.20,9,198
cpp_secp256k1_4,1,14.07,55,198
cpp_secp256k1_4,1,1.55,2,198
cpp_secp256k1_4,1,1.78,3,198
cpp_secp256k1_4,1,4.12,13,198
cpp_secp256k1_4,1,1.54,2,198
cpp_secp256k1_4,1,3.22,9,198
cpp_secp256k1_4,1,1.30,1,198
cpp_secp256k1_4,1,2.00,4,198
cpp_secp256k1_4,1,2.00,4,198
cpp_secp256k1_4,1,2.48,6,198
cpp_secp256k1_4,1,1.31,1,198
cpp_secp256k1_4,1,1.31,1,198
cpp_secp256k1_4,1,2.95,8,198
cpp_secp256k1_4,1,1.30,1,198
cpp_secp256k1_4,1,2.00,4,198
cpp_secp256k1_4,1,2.96,8,198
cpp_secp256k1_4,1,2.04,4,198
cpp_secp256k1_4,1,1.56,2,198
cpp_secp256k1_4,1,1.55,2,198
cpp_secp256k1_4,1,1.30,1,198
cpp_secp256k1_4,1,1.30,1,198
cpp_secp256k1_4,1,1.30,1,198
cpp_secp256k1_4,1,1.54,2,198
cpp_secp256k1_4,1,2.24,5,198
cpp_secp256k1_4,1,1.28,1,198
cpp_secp256k1_4,1,2.21,5,198
cpp_secp256k1_4,1,2.47,6,198
cpp_secp256k1_4,1,1.29,1,198
cpp_secp256k1_4,1,1.29,1,198
cpp_secp256k1_4,1,6.25,22,198
cpp_secp256k1_4,1,3.89,12,198
cpp_secp256k1_4,1,2.48,6,198
cpp_secp256k1_4,1,3.20,9,198
cpp_secp256k1_4,1,2.00,4,198
cpp_secp256k1_4,1,2.25,5,198
cpp_secp256k1_4,1,1.56,2,198
cpp_secp256k1_4,1,1.29,1,198
cpp_secp256k1_4,1,1.57,2,198
cpp_secp256k1_4,1,2.26,5,198
cpp_secp256k1_4,1,1.55,2,198
cpp_secp256k1_4,1,6.04,21,198
cpp_secp256k1_4,1,1.29,1,198
cpp_secp256k1_4,1,2.90,8,198
cpp_secp256k1_4,1,1.74,3,198
cpp_secp256k1_4,1,1.76,3,198
cpp_secp256k1_4,1,4.37,14,198
cpp_secp256k1_4,1,1.29,1,198
cpp_secp256k1_4,1,1.76,3,198
cpp_secp256k1_4,1,1.30,1,198
cpp_secp256k1_4,1,1.52,2,198
cpp_secp256k1_4,1,3.67,11,198
cpp_secp256k1_4,1,1.32,1,198
cpp_secp256k1_4,1,4.37,14,198
cpp_secp256k1_4,1,2.27,5,198
cpp_secp256k1_4,1,1.56,2,198
cpp_secp256k1_4,1,2.51,6,198
cpp_secp256k1_4,1,2.27,5,198
cpp_secp256k1_4,1,1.80,3,198
cpp_secp256k1_4,1,3.94,12,198
cpp_secp256k1_4,1,1.29,1,198
cpp_secp256k1_4,1,1.29,1,198
cpp_secp256k1_4,1,2.24,5,198
cpp_secp256k1_4,1,1.75,3,198
cpp_secp256k1_4,1,1.74,3,198
cpp_secp256k1_4,1,1.50,2,198
cpp_secp256k1_4,1,1.54,2,198
cpp_secp256k1_4,1,2.72,7,198
cpp_secp256k1_4,1,1.54,2,198
cpp_secp256k1_4,1,1.76,3,198
cpp_secp256k1_4,1,2.25,5,198
cpp_secp256k1_4,1,1.49,2,198
cpp_secp256k1_4,1,1.79,3,198
cpp_secp256k1_4,1,2.22,5,198
cpp_secp256k1_4,1,1.31,1,198
cpp_secp256k1_4,1,1.30,1,198
cpp_secp256k1_4,1,4.59,15,198
cpp_secp256k1_4,1,1.48,2,198
cpp_secp256k1_4,1,1.78,3,198
cpp_secp256k1_4,1,1.29,1,198
cpp_secp256k1_4,1,1.54,2,198
cpp_secp256k1_4,1,3.19,9,198
cpp_secp256k1_4,1,1.30,1,198
cpp_secp256k1_4,1,2.25,5,198
cpp_secp256k1_4,1,1.29,1,198
cpp_secp256k1_4,1,1.76,3,198
cpp_secp256k1_4,1,1.30,1,198
cpp_secp256k1_4,1,3.90,12,198
cpp_secp256k1_4,1,3.15,9,198
cpp_secp256k1_4,1,1.58,2,198
cpp_secp256k1_4,1,1.59,2,198
cpp_secp256k1_4,1,5.49,19,198
cpp_secp256k1_4,1,2.06,4,198
cpp_secp256k1_4,1,1.77,3,198
cpp_secp256k1_4,1,3.07,8,198
cpp_secp256k1_4,1,1.51,2,198
cpp_secp256k1_4,1,2.52,6,198
cpp_secp256k1_4,1,4.18,13,198
cpp_secp256k1_4,1,1.99,4,198
cpp_secp256k1_4,1,2.23,5,198
cpp_secp256k1_4,1,1.30,1,198
cpp_secp256k1_4,1,2.67,7,198
cpp_secp256k1_4,1,1.30,1,198
cpp_secp256k1_4,1,1.32,1,198
cpp_secp256k1_4,1,5.13,17,198
cpp_secp256k1_4,1,1.79,3,198
cpp_secp256k1_4,1,1.30,1,198
cpp_secp256k1_4,1,1.53,2,198
cpp_secp256k1_4,1,2.23,5,198
cpp_secp256k1_4,1,1.53,2,198
cpp_secp256k1_4,1,1.29,1,198
cpp_secp256k1_4,1,1.53,2,198
cpp_secp256k1_4,1,1.30,1,198
cpp_secp256k1_4,1,2.72,7,198
cpp_secp256k1_4,1,2.46,6,198
cpp_secp256k1_4,1,1.76,3,198
cpp_secp256k1_4,1,2.03,4,198
cpp_secp256k1_4,1,11.55,44,198
cpp_secp256k1_4,1,7.60,28,198
sage_secp256k1_4,1,3.97,3,198
sage_secp256k1_4,1,4.44,5,198
sage_secp256k1_4,1,4.03,3,198
sage_secp256k1_4,1,3.93,2,198
sage_secp256k1_4,1,4.72,7,198
sage_secp256k1_4,1,4.22,4,198
sage_secp256k1_4,1,4.11,3,198
sage_secp256k1_4,1,4.74,7,198
sage_secp256k1_4,1,3.62,1,198
sage_secp256k1_4,1,4.06,3,198
sage_secp256k1_4,1,3.93,2,198
sage_secp256k1_4,1,4.27,4,198
sage_secp256k1_4,1,5.02,8,198
sage_secp256k1_4,1,4.56,6,198
sage_secp256k1_4,1,3.92,2,198
sage_secp256k1_4,1,3.68,1,198
sage_secp256k1_4,1,3.65,1,198
sage_secp256k1_4,1,3.69,1,198
sage_secp256k1_4,1,4.11,3,198
sage_secp256k1_4,1,4.18,4,198
sage_secp256k1_4,1,3.67,1,198
sage_secp256k1_4,1,12.46,49,198
sage_secp256k1_4,1,4.03,3,198
sage_secp256k1_4,1,3.93,2,198
sage_secp256k1_4,1,3.71,1,198
sage_secp256k1_4,1,3.90,2,198
sage_secp256k1_4,1,3.73,1,198
sage_secp256k1_4,1,3.73,1,198
sage_secp256k1_4,1,3.70,1,198
sage_secp256k1_4,1,4.29,4,198
sage_secp256k1_4,1,3.87,2,198
sage_secp256k1_4,1,4.78,7,198
sage_secp256k1_4,1,4.42,5,198
sage_secp256k1_4,1,3.90,2,198
sage_secp256k1_4,1,4.57,6,198
sage_secp256k1_4,1,3.87,2,198
sage_secp256k1_4,1,4.66,6,198
sage_secp256k1_4,1,6.68,17,198
sage_secp256k1_4,1,6.18,15,198
sage_secp256k1_4,1,4.20,4,198
sage_secp256k1_4,1,3.65,1,198
sage_secp256k1_4,1,4.16,3,198
sage_secp256k1_4,1,4.08,3,198
sage_secp256k1_4,1,3.89,2,198
sage_secp256k1_4,1,4.24,4,198
sage_secp256k1_4,1,3.82,1,198
sage_secp256k1_4,1,4.61,6,198
sage_secp256k1_4,1,3.75,1,198
sage_secp256k1_4,1,4.32,4,198
sage_secp256k1_4,1,5.58,11,198
sage_secp256k1_4,1,3.70,1,198
sage_secp256k1_4,1,3.61,1,198
sage_secp256k1_4,1,4.92,8,198
sage_secp256k1_4,1,5.38,10,198
sage_secp256k1_4,1,4.46,5,198
sage_secp256k1_4,1,3.87,2,198
sage_secp256k1_4,1,4.27,4,198
sage_secp256k1_4,1,4.43,5,198
sage_secp256k1_4,1,4.27,4,198
sage_secp256k1_4,1,3.91,2,198
sage_secp256k1_4,1,3.77,1,198
sage_secp256k1_4,1,3.78,1,198
sage_secp256k1_4,1,4.60,6,198
sage_secp256k1_4,1,6.46,16,198
sage_secp256k1_4,1,3.85,2,198
sage_secp256k1_4,1,4.47,5,198
sage_secp256k1_4,1,4.45,5,198
sage_secp256k1_4,1,3.72,1,198
sage_secp256k1_4,1,3.89,2,198
sage_secp256k1_4,1,3.72,1,198
sage_secp256k1_4,1,3.73,1,198
sage_secp256k1_4,1,4.63,6,198
sage_secp256k1_4,1,3.68,1,198
sage_secp256k1_4,1,3.79,1,198
sage_secp256k1_4,1,4.26,4,198
sage_secp256k1_4,1,3.88,2,198
sage_secp256k1_4,1,3.80,2,198
sage_secp256k1_4,1,3.90,2,198
sage_secp256k1_4,1,4.26,4,198
sage_secp256k1_4,1,3.98,2,198
sage_secp256k1_4,1,3.97,2,198
sage_secp256k1_4,1,4.99,8,198
sage_secp256k1_4,1,3.57,1,198
sage_secp256k1_4,1,4.14,3,198
sage_secp256k1_4,1,3.75,1,198
sage_secp256k1_4,1,4.17,3,198
sage_secp256k1_4,1,3.97,2,198
sage_secp256k1_4,1,3.77,1,198
sage_secp256k1_4,1,9.69,33,198
sage_secp256k1_4,1,4.11,3,198
sage_secp256k1_4,1,4.14,3,198
sage_secp256k1_4,1,4.34,4,198
sage_secp256k1_4,1,3.82,2,198
sage_secp256k1_4,1,3.67,1,198
sage_secp256k1_4,1,3.79,1,198
sage_secp256k1_4,1,3.58,1,198
sage_secp256k1_4,1,5.06,8,198
sage_secp256k1_4,1,4.66,6,198
sage_secp256k1_4,1,8.96,29,198
sage_secp256k1_4,1,3.94,2,198
sage_secp256k1_4,1,4.33,4,198
sage_secp256k1_4,1,4.63,4,198
sage_secp256k1_4,1,4.40,5,198
sage_secp256k1_4,1,3.75,2,198
sage_secp256k1_4,1,4.50,5,198
sage_secp256k1_4,1,4.25,4,198
sage_secp256k1_4,1,4.15,3,198
sage_secp256k1_4,1,4.27,4,198
sage_secp256k1_4,1,5.99,13,198
sage_secp256k1_4,1,3.89,2,198
sage_secp256k1_4,1,4.12,4,198
sage_secp256k1_4,1,4.36,5,198
sage_secp256k1_4,1,3.75,1,198
sage_secp256k1_4,1,4.28,4,198
sage_secp256k1_4,1,5.05,8,198
sage_secp256k1_4,1,3.74,1,198
sage_secp256k1_4,1,5.83,12,198
sage_secp256k1_4,1,3.73,1,198
sage_secp256k1_4,1,3.81,2,198
sage_secp256k1_4,1,4.46,5,198
sage_secp256k1_4,1,4.31,5,198
sage_secp256k1_4,1,3.92,2,198
sage_secp256k1_4,1,4.58,5,198
sage_secp256k1_4,1,4.27,4,198
sage_secp256k1_4,1,3.65,1,198
sage_secp256k1_4,1,3.73,1,198
sage_secp256k1_4,1,8.08,24,198
sage_secp256k1_4,1,8.50,27,198
sage_secp256k1_4,1,3.95,2,198
sage_secp256k1_4,1,5.20,8,198
sage_secp256k1_4,1,6.03,14,198
sage_secp256k1_4,1,4.90,7,198
sage_secp256k1_4,1,4.31,5,198
sage_secp256k1_4,1,5.59,11,198
sage_secp256k1_4,1,3.71,1,198
sage_secp256k1_4,1,3.72,1,198
sage_secp256k1_4,1,3.71,1,198
sage_secp256k1_4,1,4.01,3,198
sage_secp256k1_4,1,3.70,1,198
sage_secp256k1_4,1,4.27,4,198
sage_secp256k1_4,1,4.10,3,198
sage_secp256k1_4,1,3.87,2,198
sage_secp256k1_4,1,3.69,1,198
sage_secp256k1_4,1,3.87,2,198
sage_secp256k1_4,1,3.67,1,198
sage_secp256k1_4,1,4.06,3,198
sage_secp256k1_4,1,4.67,6,198
sage_secp256k1_4,1,4.31,4,198
sage_secp256k1_4,1,5.09,8,198
sage_secp256k1_4,1,3.76,1,198
sage_secp256k1_4,1,4.16,3,198
sage_secp256k1_4,1,3.94,2,198
sage_secp256k1_4,1,3.83,2,198
sage_secp256k1_4,1,4.41,5,198
sage_secp256k1_4,1,8.49,27,198
sage_secp256k1_4,1,5.25,9,198
sage_secp256k1_4,1,4.65,6,198
sage_secp256k1_4,1,3.70,1,198
sage_secp256k1_4,1,4.98,8,198
sage_secp256k1_4,1,3.85,2,198
sage_secp256k1_4,1,3.69,1,198
sage_secp256k1_4,1,4.50,6,198
sage_secp256k1_4,1,3.90,2,198
sage_secp256k1_4,1,3.71,1,198
sage_secp256k1_4,1,5.19,9,198
sage_secp256k1_4,1,4.61,6,198
sage_secp256k1_4,1,3.66,1,198
sage_secp256k1_4,1,5.68,12,198
sage_secp256k1_4,1,3.90,2,198
sage_secp256k1_4,1,5.31,10,198
sage_secp256k1_4,1,3.86,2,198
sage_secp256k1_4,1,4.48,5,198
sage_secp256k1_4,1,3.71,1,198
sage_secp256k1_4,1,3.95,2,198
sage_secp256k1_4,1,4.46,5,198
sage_secp256k1_4,1,3.71,1,198
sage_secp256k1_4,1,3.90,2,198
sage_secp256k1_4,1,4.45,5,198
sage_secp256k1_4,1,4.32,4,198
sage_secp256k1_4,1,3.85,2,198
sage_secp256k1_4,1,3.99,3,198
sage_secp256k1_4,1,3.86,1,198
sage_secp256k1_4,1,3.76,1,198
sage_secp256k1_4,1,3.81,1,198
sage_secp256k1_4,1,3.68,1,198
sage_secp256k1_4,1,4.12,3,198
sage_secp256k1_4,1,5.84,12,198
sage_secp256k1_4,1,3.73,1,198
sage_secp256k1_4,1,3.70,1,198
sage_secp256k1_4,1,4.01,3,198
sage_secp256k1_4,1,3.68,1,198
sage_secp256k1_4,1,3.66,1,198
sage_secp256k1_4,1,6.14,14,198
sage_secp256k1_4,1,3.63,1,198
sage_secp256k1_4,1,3.93,2,198
sage_secp256k1_4,1,4.55,5,198
sage_secp256k1_4,1,4.26,4,198
sage_secp256k1_4,1,4.10,3,198
sage_secp256k1_4,1,3.69,1,198
sage_secp256k1_4,1,4.03,3,198
sage_secp256k1_4,1,5.37,10,198
sage_secp256k1_4,1,3.73,1,198
sage_secp256k1_4,1,3.85,1,198
sage_secp256k1_4,1,4.85,7,198
sage_secp256k1_4,1,5.60,11,198
sage_secp256k1_4,1,3.67,1,198
sage_secp256k1_4,1,3.94,2,198
sage_secp256k1_4,1,3.67,1,198
sage_secp256k1_4,1,4.48,5,198
sage_secp256k1_4,1,4.72,7,198
sage_secp256k1_4,1,4.08,3,198
sage_secp256k1_4,1,3.62,1,198
sage_secp256k1_4,1,4.59,6,198
sage_secp256k1_4,1,5.11,9,198
sage_secp256k1_4,1,4.02,3,198
sage_secp256k1_4,1,4.22,4,198
sage_secp256k1_4,1,4.05,3,198
sage_secp256k1_4,1,5.06,8,198
sage_secp256k1_4,1,4.28,4,198
sage_secp256k1_4,1,3.90,2,198
sage_secp256k1_4,1,3.70,1,198
sage_secp256k1_4,1,4.29,4,198
sage_secp256k1_4,1,3.86,2,198
sage_secp256k1_4,0,21.47,0,198
sage_secp256k1_4,1,5.46,11,198
sage_secp256k1_4,1,4.05,3,198
sage_secp256k1_4,1,3.69,1,198
sage_secp256k1_4,1,3.73,1,198
sage_secp256k1_4,1,3.73,1,198
sage_secp256k1_4,1,3.62,1,198
sage_secp256k1_4,1,3.71,1,198
sage_secp256k1_4,1,3.86,2,198
sage_secp256k1_4,1,6.56,16,198
sage_secp256k1_4,1,4.39,5,198
sage_secp256k1_4,1,4.29,4,198
sage_secp256k1_4,1,4.01,3,198
sage_secp256k1_4,1,4.40,5,198
sage_secp256k1_4,1,4.66,6,198
sage_secp256k1_4,1,3.75,1,198
sage_secp256k1_4,1,3.91,2,198
sage_secp256k1_4,1,5.33,10,198
sage_secp256k1_4,1,4.14,4,198
sage_secp256k1_4,1,4.48,5,198
sage_secp256k1_4,1,3.70,1,198
sage_secp256k1_4,1,3.61,1,198
sage_secp256k1_4,1,3.92,2,198
cpp_secp256k1_5,1,1.28,1,195
cpp_secp256k1_5,1,3.59,11,195
sage_secp256k1_4,1,4.05,3,198
sage_secp256k1_4,1,3.52,1,198
cpp_secp256k1_5,1,4.33,14,195
cpp_secp256k1_5,1,1.31,1,195
cpp_secp256k1_5,1,3.84,12,195
sage_secp256k1_4,1,3.80,2,198
cpp_secp256k1_5,1,6.43,23,195
cpp_secp256k1_5,1,1.29,1,195
cpp_secp256k1_5,1,1.31,1,195
cpp_secp256k1_5,1,4.80,16,195
cpp_secp256k1_5,1,4.14,13,195
sage_secp256k1_4,1,8.23,26,198
cpp_secp256k1_5,1,3.91,12,195
cpp_secp256k1_5,1,1.75,3,195
cpp_secp256k1_5,1,2.46,6,195
cpp_secp256k1_5,1,1.29,1,195
cpp_secp256k1_5,1,1.75,3,195
cpp_secp256k1_5,1,1.31,1,195
cpp_secp256k1_5,1,11.76,46,195
cpp_secp256k1_5,1,5.47,19,195
cpp_secp256k1_5,1,1.98,4,195
cpp_secp256k1_5,1,11.76,46,195
cpp_secp256k1_5,1,9.65,37,195
cpp_secp256k1_5,1,2.46,6,195
cpp_secp256k1_5,1,1.74,3,195
cpp_secp256k1_5,1,1.75,3,195
cpp_secp256k1_5,1,1.55,2,195
cpp_secp256k1_5,1,8.25,31,195
cpp_secp256k1_5,1,2.00,4,195
cpp_secp256k1_5,1,3.60,11,195
cpp_secp256k1_5,1,4.84,16,195
cpp_secp256k1_5,1,1.53,2,195
cpp_secp256k1_5,1,2.44,6,195
cpp_secp256k1_5,1,1.53,2,195
cpp_secp256k1_5,1,1.53,2,195
cpp_secp256k1_5,1,1.77,3,195
cpp_secp256k1_5,1,1.75,3,195
cpp_secp256k1_5,1,2.94,8,195
cpp_secp256k1_5,1,2.48,6,195
cpp_secp256k1_5,1,4.09,13,195
cpp_secp256k1_5,1,1.52,2,195
cpp_secp256k1_5,1,6.65,24,195
cpp_secp256k1_5,1,4.09,13,195
cpp_secp256k1_5,0,23.97,0,195
cpp_secp256k1_5,1,3.65,11,195
cpp_secp256k1_5,1,20.93,86,195
cpp_secp256k1_5,1,9.89,38,195
cpp_secp256k1_5,1,1.99,4,195
cpp_secp256k1_5,1,5.66,20,195
cpp_secp256k1_5,1,1.75,3,195
cpp_secp256k1_5,1,1.52,2,195
cpp_secp256k1_5,1,2.68,7,195
cpp_secp256k1_5,1,1.99,4,195
cpp_secp256k1_5,1,3.65,11,195
cpp_secp256k1_5,1,3.65,11,195
cpp_secp256k1_5,1,4.35,14,195
cpp_secp256k1_5,1,5.56,19,195
cpp_secp256k1_5,1,4.81,16,195
cpp_secp256k1_5,1,3.67,11,195
cpp_secp256k1_5,1,1.29,1,195
cpp_secp256k1_5,1,5.06,17,195
cpp_secp256k1_5,1,2.23,5,195
cpp_secp256k1_5,1,1.76,3,195
cpp_secp256k1_5,1,1.75,3,195
cpp_secp256k1_5,1,11.14,43,195
cpp_secp256k1_5,1,4.10,13,195
cpp_secp256k1_5,1,1.76,3,195
cpp_secp256k1_5,0,23.97,0,195
cpp_secp256k1_5,1,22.15,91,195
cpp_secp256k1_5,1,2.70,7,195
cpp_secp256k1_5,1,3.39,10,195
cpp_secp256k1_5,1,12.08,48,195
cpp_secp256k1_5,1,1.53,2,195
cpp_secp256k1_5,1,5.66,20,195
cpp_secp256k1_5,1,3.37,10,195
cpp_secp256k1_5,1,8.06,30,195
cpp_secp256k1_5,1,13.94,56,195
cpp_secp256k1_5,1,8.29,31,195
cpp_secp256k1_5,1,7.12,26,195
cpp_secp256k1_5,1,2.93,8,195
cpp_secp256k1_5,1,2.96,8,195
cpp_secp256k1_5,1,1.76,3,195
cpp_secp256k1_5,1,1.29,1,195
cpp_secp256k1_5,1,1.52,2,195
cpp_secp256k1_5,1,3.40,10,195
cpp_secp256k1_5,1,3.35,10,195
cpp_secp256k1_5,1,5.51,19,195
cpp_secp256k1_5,1,1.30,1,195
cpp_secp256k1_5,1,1.31,1,195
cpp_secp256k1_5,1,1.73,3,195
cpp_secp256k1_5,1,9.35,36,195
cpp_secp256k1_5,1,1.53,2,195
cpp_secp256k1_5,1,3.67,11,195
cpp_secp256k1_5,1,2.46,6,195
cpp_secp256k1_5,1,1.98,4,195
cpp_secp256k1_5,1,1.29,1,195
cpp_secp256k1_5,1,5.27,18,195
cpp_secp256k1_5,1,2.44,6,195
cpp_secp256k1_5,1,1.53,2,195
cpp_secp256k1_5,1,1.51,2,195
cpp_secp256k1_5,1,1.99,4,195
cpp_secp256k1_5,1,4.07,13,195
cpp_secp256k1_5,1,11.85,47,195
cpp_secp256k1_5,1,3.84,12,195
cpp_secp256k1_5,0,23.98,0,195
cpp_secp256k1_5,1,3.43,10,195
cpp_secp256k1_5,1,2.50,6,195
cpp_secp256k1_5,1,3.91,12,195
cpp_secp256k1_5,1,1.80,3,195
cpp_secp256k1_5,1,5.78,20,195
cpp_secp256k1_5,1,1.54,2,195
cpp_secp256k1_5,1,7.42,27,195
cpp_secp256k1_5,1,5.96,21,195
cpp_secp256k1_5,1,1.30,1,195
cpp_secp256k1_5,1,1.28,1,195
cpp_secp256k1_5,1,1.74,3,195
cpp_secp256k1_5,1,3.85,12,195
cpp_secp256k1_5,1,1.51,2,195
cpp_secp256k1_5,1,2.64,7,195
cpp_secp256k1_5,1,10.96,43,195
cpp_secp256k1_5,1,3.14,9,195
cpp_secp256k1_5,1,2.92,8,195
cpp_secp256k1_5,1,15.17,61,195
cpp_secp256k1_5,1,6.63,24,195
cpp_secp256k1_5,1,4.56,15,195
cpp_secp256k1_5,1,6.86,25,195
cpp_secp256k1_5,1,2.44,6,195
cpp_secp256k1_5,1,7.28,27,195
cpp_secp256k1_5,1,6.91,25,195
cpp_secp256k1_5,1,5.49,19,195
cpp_secp256k1_5,1,6.69,24,195
cpp_secp256k1_5,1,7.11,26,195
cpp_secp256k1_5,1,1.52,2,195
cpp_secp256k1_5,1,2.26,5,195
cpp_secp256k1_5,1,11.42,45,195
cpp_secp256k1_5,1,10.55,41,195
cpp_secp256k1_5,1,4.56,15,195
cpp_secp256k1_5,1,5.01,17,195
cpp_secp256k1_5,1,4.86,16,195
cpp_secp256k1_5,1,4.32,14,195
cpp_secp256k1_5,1,5.77,20,195
cpp_secp256k1_5,1,2.50,6,195
cpp_secp256k1_5,1,1.29,1,195
cpp_secp256k1_5,1,2.91,8,195
cpp_secp256k1_5,1,3.57,11,195
cpp_secp256k1_5,1,2.24,5,195
cpp_secp256k1_5,1,10.09,39,195
cpp_secp256k1_5,1,2.44,6,195
cpp_secp256k1_5,1,13.44,53,195
cpp_secp256k1_5,1,3.40,10,195
cpp_secp256k1_5,1,1.99,4,195
cpp_secp256k1_5,1,3.15,9,195
cpp_secp256k1_5,1,1.80,3,195
cpp_secp256k1_5,1,13.51,44,195
cpp_secp256k1_5,1,23.64,97,195
cpp_secp256k1_5,1,5.54,19,195
cpp_secp256k1_5,1,1.54,2,195
cpp_secp256k1_5,1,5.68,20,195
cpp_secp256k1_5,1,4.81,16,195
cpp_secp256k1_5,1,2.65,7,195
cpp_secp256k1_5,1,2.45,6,195
cpp_secp256k1_5,1,2.68,7,195
cpp_secp256k1_5,1,5.40,19,195
cpp_secp256k1_5,1,2.46,6,195
cpp_secp256k1_5,1,3.39,10,195
cpp_secp256k1_5,1,2.00,4,195
cpp_secp256k1_5,1,2.71,7,195
cpp_secp256k1_5,1,1.29,1,195
cpp_secp256k1_5,1,1.75,3,195
cpp_secp256k1_5,1,4.51,15,195
cpp_secp256k1_5,1,1.29,1,195
cpp_secp256k1_5,1,3.14,9,195
cpp_secp256k1_5,1,2.21,5,195
cpp_secp256k1_5,1,6.18,22,195
cpp_secp256k1_5,1,2.00,4,195
cpp_secp256k1_5,1,4.76,16,195
cpp_secp256k1_5,1,4.08,13,195
cpp_secp256k1_5,1,2.70,7,195
cpp_secp256k1_5,1,1.98,4,195
cpp_secp256k1_5,1,1.75,3,195
cpp_secp256k1_5,1,1.29,1,195
cpp_secp256k1_5,1,5.01,17,195
cpp_secp256k1_5,1,1.51,2,195
cpp_secp256k1_5,0,26.19,0,195
cpp_secp256k1_5,1,3.19,9,195
cpp_secp256k1_5,1,4.36,14,195
cpp_secp256k1_5,1,1.56,2,195
cpp_secp256k1_5,1,3.19,9,195
cpp_secp256k1_5,1,2.72,7,195
cpp_secp256k1_5,1,1.33,1,195
cpp_secp256k1_5,1,3.19,9,195
cpp_secp256k1_5,1,3.44,10,195
cpp_secp256k1_5,1,2.00,4,195
cpp_secp256k1_5,1,2.23,5,195
cpp_secp256k1_5,1,1.96,4,195
cpp_secp256k1_5,1,1.98,4,195
cpp_secp256k1_5,1,3.14,9,195
cpp_secp256k1_5,1,1.75,3,195
cpp_secp256k1_5,1,11.08,43,195
cpp_secp256k1_5,1,5.72,20,195
cpp_secp256k1_5,1,2.22,5,195
cpp_secp256k1_5,1,3.15,9,195
cpp_secp256k1_5,1,1.28,1,195
cpp_secp256k1_5,1,1.29,1,195
cpp_secp256k1_5,1,1.75,3,195
cpp_secp256k1_5,1,3.13,9,195
cpp_secp256k1_5,1,1.52,2,195
cpp_secp256k1_5,1,2.22,5,195
cpp_secp256k1_5,1,8.00,30,195
cpp_secp256k1_5,1,1.99,4,195
cpp_secp256k1_5,1,1.98,4,195
cpp_secp256k1_5,1,10.57,41,195
cpp_secp256k1_5,1,8.27,31,195
cpp_secp256k1_5,1,6.43,23,195
cpp_secp256k1_5,1,15.27,61,195
cpp_secp256k1_5,1,3.90,12,195
cpp_secp256k1_5,1,1.30,1,195
cpp_secp256k1_5,1,5.30,18,195
cpp_secp256k1_5,1,8.74,33,195
cpp_secp256k1_5,1,5.29,18,195
cpp_secp256k1_5,1,3.38,10,195
cpp_secp256k1_5,1,2.92,8,195
cpp_secp256k1_5,1,3.14,9,195
cpp_secp256k1_5,1,1.29,1,195
cpp_secp256k1_5,1,1.98,4,195
cpp_secp256k1_5,1,2.01,4,195
cpp_secp256k1_5,1,9.02,34,195
cpp_secp256k1_5,1,2.71,7,195
cpp_secp256k1_5,1,4.94,17,195
cpp_secp256k1_5,1,8.76,33,195
cpp_secp256k1_5,1,1.56,2,195
cpp_secp256k1_5,1,5.78,20,195
cpp_secp256k1_5,1,20.26,82,195
cpp_secp256k1_5,1,14.24,56,195
cpp_secp256k1_5,1,12.81,51,195
cpp_secp256k1_5,1,1.31,1,195
cpp_secp256k1_5,1,7.90,29,195
cpp_secp256k1_5,1,9.79,38,195
cpp_secp256k1_5,1,1.33,1,195
cpp_secp256k1_5,0,24.29,0,195
cpp_secp256k1_5,1,1.29,1,195
cpp_secp256k1_5,1,2.86,8,195
cpp_secp256k1_5,1,11.42,44,195
cpp_secp256k1_5,1,5.17,18,195
cpp_secp256k1_5,1,3.86,12,195
cpp_secp256k1_5,1,8.34,31,195
cpp_secp256k1_5,1,3.15,9,195
cpp_secp256k1_5,1,1.73,3,195
cpp_secp256k1_5,1,2.47,6,195
cpp_secp256k1_5,1,12.60,49,195
cpp_secp256k1_5,1,5.46,19,195
sage_secp256k1_5,1,3.78,1,195
sage_secp256k1_5,1,3.75,1,195
sage_secp256k1_5,1,3.82,2,195
sage_secp256k1_5,1,4.68,6,195
sage_secp256k1_5,1,5.44,10,195
sage_secp256k1_5,1,3.72,1,195
cpp_secp256k1_5,1,18.44,74,195
sage_secp256k1_5,1,4.99,8,195
sage_secp256k1_5,1,4.41,5,195
sage_secp256k1_5,1,11.08,42,195
sage_secp256k1_5,1,6.40,17,195
sage_secp256k1_5,1,10.14,38,195
sage_secp256k1_5,1,3.79,1,195
sage_secp256k1_5,1,5.78,12,195
sage_secp256k1_5,1,3.89,2,195
sage_secp256k1_5,1,5.64,11,195
sage_secp256k1_5,1,4.57,6,195
sage_secp256k1_5,1,5.41,10,195
sage_secp256k1_5,1,5.05,8,195
sage_secp256k1_5,1,9.05,30,195
sage_secp256k1_5,1,5.54,11,195
sage_secp256k1_5,1,4.64,2,195
sage_secp256k1_5,1,4.83,8,195
sage_secp256k1_5,1,8.52,29,195
sage_secp256k1_5,1,7.94,24,195
sage_secp256k1_5,1,3.73,1,195
sage_secp256k1_5,1,6.91,17,195
sage_secp256k1_5,1,6.67,17,195
sage_secp256k1_5,1,13.86,58,195
sage_secp256k1_5,1,3.75,1,195
sage_secp256k1_5,1,4.06,2,195
sage_secp256k1_5,1,4.79,7,195
sage_secp256k1_5,1,4.01,2,195
sage_secp256k1_5,1,4.18,3,195
sage_secp256k1_5,1,6.57,16,195
sage_secp256k1_5,1,4.17,3,195
sage_secp256k1_5,1,4.32,4,195
sage_secp256k1_5,1,7.72,23,195
sage_secp256k1_5,1,6.99,20,195
sage_secp256k1_5,1,6.12,14,195
sage_secp256k1_5,1,4.78,7,195
sage_secp256k1_5,1,4.65,6,195
sage_secp256k1_5,1,6.90,18,195
sage_secp256k1_5,1,9.47,33,195
sage_secp256k1_5,1,3.93,2,195
sage_secp256k1_5,1,10.14,37,195
sage_secp256k1_5,1,10.65,40,195
sage_secp256k1_5,1,4.48,5,195
sage_secp256k1_5,1,4.74,7,195
sage_secp256k1_5,1,9.73,35,195
sage_secp256k1_5,1,4.19,4,195
sage_secp256k1_5,1,6.44,16,195
sage_secp256k1_5,1,6.69,18,195
sage_secp256k1_5,1,4.62,6,195
sage_secp256k1_5,1,4.33,4,195
sage_secp256k1_5,1,6.33,16,195
sage_secp256k1_5,1,7.70,23,195
sage_secp256k1_5,1,4.70,6,195
sage_secp256k1_5,1,4.08,3,195
sage_secp256k1_5,1,4.46,5,195
sage_secp256k1_5,1,7.37,22,195
sage_secp256k1_5,1,5.28,10,195
sage_secp256k1_5,1,12.02,47,195
sage_secp256k1_5,1,3.78,1,195
sage_secp256k1_5,1,7.77,24,195
sage_secp256k1_5,1,4.66,6,195
sage_secp256k1_5,1,6.13,15,195
sage_secp256k1_5,1,4.26,3,195
sage_secp256k1_5,1,4.28,4,195
sage_secp256k1_5,1,4.81,7,195
sage_secp256k1_5,1,4.30,2,195
sage_secp256k1_5,0,21.03,0,195
sage_secp256k1_5,1,3.77,1,195
sage_secp256k1_5,1,4.50,5,195
sage_secp256k1_5,1,4.13,3,195
sage_secp256k1_5,1,4.18,3,195
sage_secp256k1_5,1,3.94,2,195
sage_secp256k1_5,1,6.32,15,195
sage_secp256k1_5,1,4.85,7,195
sage_secp256k1_5,1,5.33,10,195
sage_secp256k1_5,1,5.64,12,195
sage_secp256k1_5,1,6.82,18,195
sage_secp256k1_5,1,7.28,21,195
sage_secp256k1_5,1,3.95,1,195
sage_secp256k1_5,1,7.25,21,195
sage_secp256k1_5,1,5.18,9,195
sage_secp256k1_5,1,4.10,3,195
sage_secp256k1_5,1,6.60,17,195
sage_secp256k1_5,1,4.28,4,195
sage_secp256k1_5,1,4.28,4,195
sage_secp256k1_5,1,18.38,77,195
sage_secp256k1_5,1,4.23,4,195
sage_secp256k1_5,1,9.14,31,195
sage_secp256k1_5,1,5.50,11,195
sage_secp256k1_5,1,4.32,4,195
sage_secp256k1_5,1,7.31,21,195
sage_secp256k1_5,1,3.70,1,195
sage_secp256k1_5,1,5.50,11,195
sage_secp256k1_5,1,6.03,14,195
sage_secp256k1_5,1,4.23,4,195
sage_secp256k1_5,1,6.96,19,195
sage_secp256k1_5,1,4.29,4,195
sage_secp256k1_5,1,3.74,1,195
sage_secp256k1_5,1,7.34,21,195
sage_secp256k1_5,1,4.10,3,195
sage_secp256k1_5,1,4.43,5,195
sage_secp256k1_5,1,8.73,29,195
sage_secp256k1_5,1,5.48,11,195
sage_secp256k1_5,1,4.04,3,195
sage_secp256k1_5,1,4.70,6,195
sage_secp256k1_5,1,7.73,23,195
sage_secp256k1_5,1,3.82,1,195
sage_secp256k1_5,1,4.13,3,195
sage_secp256k1_5,1,4.53,5,195
sage_secp256k1_5,1,5.81,12,195
sage_secp256k1_5,1,3.68,1,195
sage_secp256k1_5,1,5.30,9,195
sage_secp256k1_5,1,4.32,4,195
sage_secp256k1_5,1,6.88,18,195
sage_secp256k1_5,1,4.51,5,195
sage_secp256k1_5,1,4.48,5,195
sage_secp256k1_5,1,7.16,20,195
sage_secp256k1_5,1,3.95,2,195
sage_secp256k1_5,1,10.40,38,195
sage_secp256k1_5,1,6.83,18,195
sage_secp256k1_5,1,4.59,6,195
sage_secp256k1_5,1,6.90,19,195
sage_secp256k1_5,1,6.97,19,195
sage_secp256k1_5,1,5.08,9,195
sage_secp256k1_5,1,3.73,1,195
sage_secp256k1_5,1,4.50,5,195
sage_secp256k1_5,1,5.71,12,195
sage_secp256k1_5,1,8.90,30,195
sage_secp256k1_5,1,5.18,9,195
sage_secp256k1_5,1,3.88,2,195
sage_secp256k1_5,1,4.41,5,195
sage_secp256k1_5,1,4.04,3,195
sage_secp256k1_5,1,5.69,12,195
sage_secp256k1_5,1,4.59,6,195
sage_secp256k1_5,1,9.94,36,195
sage_secp256k1_5,1,3.74,1,195
sage_secp256k1_5,1,12.01,47,195
sage_secp256k1_5,1,7.64,23,195
sage_secp256k1_5,1,4.13,3,195
sage_secp256k1_5,1,7.33,21,195
sage_secp256k1_5,1,5.01,8,195
sage_secp256k1_5,1,6.44,16,195
sage_secp256k1_5,1,4.11,3,195
sage_secp256k1_5,1,4.10,3,195
sage_secp256k1_5,1,6.34,15,195
sage_secp256k1_5,1,4.28,4,195
sage_secp256k1_5,1,7.60,22,195
sage_secp256k1_5,1,6.95,19,195
sage_secp256k1_5,1,3.69,1,195
sage_secp256k1_5,1,4.68,7,195
sage_secp256k1_5,1,7.17,20,195
sage_secp256k1_5,1,8.54,28,195
sage_secp256k1_5,1,8.90,30,195
sage_secp256k1_5,1,4.92,8,195
sage_secp256k1_5,1,8.60,28,195
sage_secp256k1_5,1,3.95,2,195
sage_secp256k1_5,1,4.19,3,195
sage_secp256k1_5,1,3.77,1,195
sage_secp256k1_5,1,3.98,3,195
sage_secp256k1_5,1,5.43,10,195
sage_secp256k1_5,1,4.12,3,195
sage_secp256k1_5,1,5.20,9,195
sage_secp256k1_5,1,3.80,1,195
sage_secp256k1_5,1,5.20,9,195
sage_secp256k1_5,1,10.91,40,195
sage_secp256k1_5,1,5.06,9,195
sage_secp256k1_5,1,9.47,34,195
sage_secp256k1_5,1,4.66,6,195
sage_secp256k1_5,1,7.13,19,195
sage_secp256k1_5,1,7.44,21,195
sage_secp256k1_5,1,3.70,1,195
sage_secp256k1_5,1,5.70,12,195
sage_secp256k1_5,1,9.28,31,195
sage_secp256k1_5,1,4.40,4,195
sage_secp256k1_5,1,4.78,7,195
sage_secp256k1_5,1,5.21,9,195
sage_secp256k1_5,1,4.25,4,195
sage_secp256k1_5,1,4.41,5,195
sage_secp256k1_5,1,5.34,10,195
sage_secp256k1_5,1,4.89,7,195
sage_secp256k1_5,1,5.27,10,195
sage_secp256k1_5,1,4.20,4,195
sage_secp256k1_5,1,10.45,39,195
sage_secp256k1_5,1,4.14,3,195
sage_secp256k1_5,1,11.06,42,195
sage_secp256k1_5,1,3.98,2,195
sage_secp256k1_5,1,5.29,10,195
sage_secp256k1_5,1,9.25,31,195
sage_secp256k1_5,1,4.12,3,195
sage_secp256k1_5,1,5.37,10,195
sage_secp256k1_5,1,4.01,2,195
sage_secp256k1_5,1,5.67,12,195
sage_secp256k1_5,1,3.76,1,195
sage_secp256k1_5,1,4.17,3,195
sage_secp256k1_5,1,5.44,10,195
sage_secp256k1_5,1,4.48,5,195
sage_secp256k1_5,1,4.28,4,195
sage_secp256k1_5,1,4.11,3,195
sage_secp256k1_5,1,3.97,2,195
sage_secp256k1_5,1,7.92,24,195
sage_secp256k1_5,1,7.21,20,195
sage_secp256k1_5,1,5.71,12,195
sage_secp256k1_5,1,3.92,2,195
sage_secp256k1_5,1,6.12,14,195
sage_secp256k1_5,1,4.27,4,195
sage_secp256k1_5,1,6.22,15,195
sage_secp256k1_5,1,9.69,34,195
sage_secp256k1_5,1,4.25,4,195
sage_secp256k1_5,1,6.11,14,195
sage_secp256k1_5,1,3.95,2,195
sage_secp256k1_5,1,3.70,1,195
sage_secp256k1_5,1,4.59,6,195
sage_secp256k1_5,1,5.14,9,195
sage_secp256k1_5,1,4.51,5,195
sage_secp256k1_5,1,4.42,5,195
sage_secp256k1_5,1,7.93,24,195
sage_secp256k1_5,1,3.94,2,195
sage_secp256k1_5,1,7.42,22,195
sage_secp256k1_5,1,3.84,1,195
sage_secp256k1_5,1,9.47,33,195
sage_secp256k1_5,1,4.28,4,195
sage_secp256k1_5,1,10.22,37,195
sage_secp256k1_5,1,6.56,17,195
sage_secp256k1_5,1,4.22,4,195
sage_secp256k1_5,1,4.98,8,195
sage_secp256k1_5,1,10.33,38,195
sage_secp256k1_5,1,8.30,26,195
sage_secp256k1_5,1,4.02,3,195
sage_secp256k1_5,1,13.24,54,195
sage_secp256k1_5,1,11.28,43,195
sage_secp256k1_5,1,3.78,1,195
sage_secp256k1_5,1,3.87,2,195
sage_secp256k1_5,1,5.71,12,195
sage_secp256k1_5,1,7.17,20,195
sage_secp256k1_5,1,6.07,14,195
sage_secp256k1_5,1,4.28,4,195
sage_secp256k1_5,1,7.44,22,195
sage_secp256k1_5,1,3.75,1,195
sage_secp256k1_5,1,6.62,17,195
sage_secp256k1_5,1,5.00,8,195
cpp_secp256k1_6,1,3.16,9,193
sage_secp256k1_5,1,6.35,16,195
sage_secp256k1_5,1,4.04,3,195
sage_secp256k1_5,1,6.47,17,195
sage_secp256k1_5,1,10.33,38,195
cpp_secp256k1_6,1,2.22,5,193
cpp_secp256k1_6,1,2.00,4,193
sage_secp256k1_5,1,11.51,45,195
cpp_secp256k1_6,1,1.53,2,193
sage_secp256k1_5,0,21.47,0,195
cpp_secp256k1_6,1,7.78,29,193
cpp_secp256k1_6,1,6.83,25,193
cpp_secp256k1_6,1,1.29,1,193
cpp_secp256k1_6,1,2.22,5,193
cpp_secp256k1_6,1,4.49,15,193
cpp_secp256k1_6,1,8.43,32,193
cpp_secp256k1_6,1,3.13,9,193
cpp_secp256k1_6,1,6.35,23,193
cpp_secp256k1_6,1,2.20,5,193
cpp_secp256k1_6,1,3.82,12,193
cpp_secp256k1_6,1,10.24,40,193
cpp_secp256k1_6,1,2.21,5,193
cpp_secp256k1_6,1,2.00,4,193
cpp_secp256k1_6,0,23.84,0,193
cpp_secp256k1_6,1,1.99,4,193
cpp_secp256k1_6,1,4.50,15,193
cpp_secp256k1_6,1,9.99,39,193
cpp_secp256k1_6,1,9.12,35,193
cpp_secp256k1_6,1,2.45,6,193
cpp_secp256k1_6,1,3.36,10,193
cpp_secp256k1_6,0,23.67,0,193
cpp_secp256k1_6,1,1.51,2,193
cpp_secp256k1_6,1,1.75,3,193
cpp_secp256k1_6,0,23.64,0,193
cpp_secp256k1_6,1,5.89,21,193
cpp_secp256k1_6,1,4.29,14,193
cpp_secp256k1_6,1,5.89,21,193
cpp_secp256k1_6,1,1.31,1,193
cpp_secp256k1_6,1,1.97,4,193
cpp_secp256k1_6,1,16.76,68,193
cpp_secp256k1_6,1,1.97,4,193
cpp_secp256k1_6,1,5.64,20,193
cpp_secp256k1_6,1,15.74,64,193
cpp_secp256k1_6,1,4.31,14,193
cpp_secp256k1_6,1,10.11,39,193
cpp_secp256k1_6,1,4.98,17,193
cpp_secp256k1_6,1,1.79,3,193
cpp_secp256k1_6,1,4.32,14,193
cpp_secp256k1_6,1,15.81,64,193
cpp_secp256k1_6,1,4.06,13,193
cpp_secp256k1_6,1,12.84,51,193
cpp_secp256k1_6,1,7.05,26,193
cpp_secp256k1_6,1,1.73,3,193
cpp_secp256k1_6,1,2.43,6,193
cpp_secp256k1_6,1,9.36,36,193
cpp_secp256k1_6,1,3.12,9,193
cpp_secp256k1_6,1,2.44,6,193
cpp_secp256k1_6,1,2.25,5,193
cpp_secp256k1_6,1,4.55,15,193
cpp_secp256k1_6,1,1.79,3,193
cpp_secp256k1_6,1,13.92,56,193
cpp_secp256k1_6,0,23.74,0,193
cpp_secp256k1_6,1,6.82,25,193
cpp_secp256k1_6,1,6.13,22,193
cpp_secp256k1_6,1,3.59,11,193
cpp_secp256k1_6,1,3.39,10,193
cpp_secp256k1_6,1,18.33,75,193
cpp_secp256k1_6,1,5.20,18,193
cpp_secp256k1_6,1,2.17,5,193
cpp_secp256k1_6,1,1.32,1,193
cpp_secp256k1_6,1,7.79,29,193
cpp_secp256k1_6,1,2.93,8,193
cpp_secp256k1_6,1,8.12,31,193
cpp_secp256k1_6,1,14.45,58,193
cpp_secp256k1_6,1,8.32,32,193
cpp_secp256k1_6,0,23.68,0,193
cpp_secp256k1_6,1,4.78,16,193
cpp_secp256k1_6,1,3.78,12,193
cpp_secp256k1_6,1,11.25,44,193
cpp_secp256k1_6,1,11.75,46,193
cpp_secp256k1_6,1,3.83,12,193
cpp_secp256k1_6,1,4.24,14,193
cpp_secp256k1_6,1,13.35,53,193
cpp_secp256k1_6,1,4.77,16,193
cpp_secp256k1_6,1,3.15,9,193
cpp_secp256k1_6,1,6.71,25,193
cpp_secp256k1_6,1,2.69,7,193
cpp_secp256k1_6,1,8.27,31,193
cpp_secp256k1_6,1,2.88,8,193
cpp_secp256k1_6,1,3.62,11,193
cpp_secp256k1_6,1,9.38,36,193
cpp_secp256k1_6,1,2.68,7,193
cpp_secp256k1_6,1,1.99,4,193
cpp_secp256k1_6,1,4.46,15,193
cpp_secp256k1_6,1,4.74,16,193
cpp_secp256k1_6,1,6.63,24,193
cpp_secp256k1_6,1,2.26,5,193
cpp_secp256k1_6,1,2.65,7,193
cpp_secp256k1_6,1,12.21,48,193
cpp_secp256k1_6,1,9.17,35,193
cpp_secp256k1_6,1,3.98,13,193
cpp_secp256k1_6,1,2.21,5,193
cpp_secp256k1_6,1,3.81,12,193
cpp_secp256k1_6,1,7.05,26,193
cpp_secp256k1_6,1,1.99,4,193
cpp_secp256k1_6,1,4.75,16,193
cpp_secp256k1_6,1,15.58,63,193
cpp_secp256k1_6,1,21.07,88,193
cpp_secp256k1_6,1,17.21,70,193
cpp_secp256k1_6,1,16.96,69,193
cpp_secp256k1_6,1,4.92,17,193
cpp_secp256k1_6,1,15.80,64,193
cpp_secp256k1_6,1,5.91,21,193
cpp_secp256k1_6,1,3.10,9,193
cpp_secp256k1_6,1,5.44,19,193
cpp_secp256k1_6,1,1.55,2,193
cpp_secp256k1_6,1,2.67,7,193
cpp_secp256k1_6,1,7.47,28,193
cpp_secp256k1_6,1,2.44,6,193
cpp_secp256k1_6,1,6.62,24,193
cpp_secp256k1_6,1,6.08,22,193
cpp_secp256k1_6,1,3.80,12,193
cpp_secp256k1_6,1,5.64,20,193
cpp_secp256k1_6,1,8.51,32,193
cpp_secp256k1_6,1,8.68,33,193
cpp_secp256k1_6,1,1.52,2,193
cpp_secp256k1_6,1,3.81,12,193
cpp_secp256k1_6,1,6.87,25,193
cpp_secp256k1_6,1,4.35,14,193
cpp_secp256k1_6,1,2.22,5,193
cpp_secp256k1_6,1,5.85,21,193
cpp_secp256k1_6,1,5.85,21,193
cpp_secp256k1_6,1,3.82,12,193
cpp_secp256k1_6,1,5.44,19,193
cpp_secp256k1_6,1,1.50,2,193
cpp_secp256k1_6,1,4.08,13,193
cpp_secp256k1_6,1,4.25,14,193
cpp_secp256k1_6,1,3.79,12,193
cpp_secp256k1_6,1,7.99,30,193
cpp_secp256k1_6,1,6.90,25,193
cpp_secp256k1_6,0,23.79,0,193
cpp_secp256k1_6,1,15.40,62,193
cpp_secp256k1_6,1,1.99,4,193
cpp_secp256k1_6,1,10.23,40,193
cpp_secp256k1_6,1,3.83,12,193
cpp_secp256k1_6,1,1.30,1,193
cpp_secp256k1_6,1,16.12,66,193
cpp_secp256k1_6,1,4.07,13,193
cpp_secp256k1_6,1,2.24,5,193
cpp_secp256k1_6,1,5.45,19,193
cpp_secp256k1_6,1,1.30,1,193
cpp_secp256k1_6,1,11.89,47,193
cpp_secp256k1_6,1,24.16,100,193
cpp_secp256k1_6,1,5.49,19,193
cpp_secp256k1_6,1,5.02,17,193
cpp_secp256k1_6,1,11.14,44,193
cpp_secp256k1_6,1,9.87,38,193
cpp_secp256k1_6,0,23.61,0,193
cpp_secp256k1_6,1,9.70,38,193
cpp_secp256k1_6,1,1.79,3,193
cpp_secp256k1_6,1,5.27,18,193
cpp_secp256k1_6,1,5.10,18,193
cpp_secp256k1_6,1,3.29,10,193
cpp_secp256k1_6,0,23.84,0,193
cpp_secp256k1_6,1,2.18,5,193
cpp_secp256k1_6,1,4.99,17,193
cpp_secp256k1_6,1,5.47,19,193
cpp_secp256k1_6,1,17.60,71,193
cpp_secp256k1_6,1,4.35,14,193
cpp_secp256k1_6,1,6.93,26,193
cpp_secp256k1_6,1,7.58,28,193
cpp_secp256k1_6,1,4.77,16,193
cpp_secp256k1_6,1,2.86,8,193
cpp_secp256k1_6,1,18.46,75,193
cpp_secp256k1_6,0,23.90,0,193
cpp_secp256k1_6,1,13.69,54,193
cpp_secp256k1_6,1,2.49,6,193
cpp_secp256k1_6,1,2.44,6,193
cpp_secp256k1_6,1,4.83,16,193
cpp_secp256k1_6,1,10.17,39,193
cpp_secp256k1_6,1,2.92,8,193
cpp_secp256k1_6,1,5.04,17,193
cpp_secp256k1_6,1,18.47,77,193
cpp_secp256k1_6,1,5.01,17,193
cpp_secp256k1_6,1,5.96,21,193
cpp_secp256k1_6,1,3.66,11,193
cpp_secp256k1_6,1,5.30,18,193
cpp_secp256k1_6,1,4.28,14,193
cpp_secp256k1_6,1,3.66,11,193
cpp_secp256k1_6,1,1.58,2,193
cpp_secp256k1_6,1,3.27,9,193
cpp_secp256k1_6,1,2.27,5,193
cpp_secp256k1_6,1,3.45,10,193
cpp_secp256k1_6,1,12.75,50,193
cpp_secp256k1_6,1,12.06,47,193
cpp_secp256k1_6,1,1.57,2,193
cpp_secp256k1_6,1,3.43,10,193
cpp_secp256k1_6,1,4.14,13,193
cpp_secp256k1_6,1,5.55,19,193
cpp_secp256k1_6,1,3.23,9,193
cpp_secp256k1_6,1,2.99,8,193
cpp_secp256k1_6,1,4.88,16,193
cpp_secp256k1_6,0,24.16,0,193
cpp_secp256k1_6,1,16.86,67,193
cpp_secp256k1_6,1,5.76,20,193
cpp_secp256k1_6,1,6.49,23,193
cpp_secp256k1_6,1,10.04,38,193
cpp_secp256k1_6,1,2.02,4,193
cpp_secp256k1_6,1,8.84,33,193
cpp_secp256k1_6,1,1.31,1,193
cpp_secp256k1_6,1,3.65,11,193
cpp_secp256k1_6,1,3.19,9,193
cpp_secp256k1_6,0,23.08,0,193
cpp_secp256k1_6,1,4.59,15,193
cpp_secp256k1_6,1,3.07,9,193
cpp_secp256k1_6,1,3.66,11,193
cpp_secp256k1_6,1,1.94,4,193
cpp_secp256k1_6,1,10.02,38,193
cpp_secp256k1_6,0,24.26,0,193
cpp_secp256k1_6,1,2.16,5,193
cpp_secp256k1_6,1,3.68,11,193
cpp_secp256k1_6,1,13.24,52,193
cpp_secp256k1_6,1,16.52,66,193
cpp_secp256k1_6,1,8.37,31,193
cpp_secp256k1_6,1,2.23,5,193
cpp_secp256k1_6,1,12.75,50,193
cpp_secp256k1_6,1,2.21,5,193
cpp_secp256k1_6,1,3.35,10,193
cpp_secp256k1_6,1,8.48,32,193
cpp_secp256k1_6,1,9.00,35,193
cpp_secp256k1_6,1,2.23,5,193
cpp_secp256k1_6,0,23.96,0,193
cpp_secp256k1_6,1,2.23,5,193
cpp_secp256k1_6,1,6.44,23,193
cpp_secp256k1_6,1,2.22,5,193
cpp_secp256k1_6,1,9.85,38,193
cpp_secp256k1_6,1,11.01,43,193
cpp_secp256k1_6,1,2.20,5,193
cpp_secp256k1_6,1,4.06,13,193
cpp_secp256k1_6,1,2.91,8,193
cpp_secp256k1_6,1,2.23,5,193
cpp_secp256k1_6,1,7.33,27,193
cpp_secp256k1_6,1,12.89,52,193
cpp_secp256k1_6,1,2.25,5,193
cpp_secp256k1_6,0,23.48,0,193
cpp_secp256k1_6,1,6.65,24,193
cpp_secp256k1_6,1,4.33,14,193
cpp_secp256k1_6,1,20.53,84,193
cpp_secp256k1_6,1,1.32,1,193
cpp_secp256k1_6,1,7.91,30,193
cpp_secp256k1_6,1,12.10,47,193
cpp_secp256k1_6,1,6.19,22,193
cpp_secp256k1_6,0,23.96,0,193
sage_secp256k1_6,1,3.89,2,193
sage_secp256k1_6,1,4.15,4,193
sage_secp256k1_6,1,4.19,4,193
cpp_secp256k1_6,1,13.22,53,193
sage_secp256k1_6,1,5.00,8,193
sage_secp256k1_6,1,4.66,6,193
cpp_secp256k1_6,1,20.70,85,193
sage_secp256k1_6,1,7.96,25,193
sage_secp256k1_6,1,4.98,8,193
sage_secp256k1_6,1,4.29,4,193
sage_secp256k1_6,1,3.77,1,193
sage_secp256k1_6,1,10.07,37,193
cpp_secp256k1_6,0,23.84,0,193
sage_secp256k1_6,1,4.50,5,193
sage_secp256k1_6,1,5.21,9,193
sage_secp256k1_6,1,5.98,13,193
sage_secp256k1_6,1,5.69,12,193
sage_secp256k1_6,1,3.73,1,193
sage_secp256k1_6,1,5.58,12,193
sage_secp256k1_6,1,9.80,36,193
sage_secp256k1_6,1,5.86,13,193
sage_secp256k1_6,0,21.17,0,193
sage_secp256k1_6,1,14.93,64,193
sage_secp256k1_6,1,6.58,17,193
sage_secp256k1_6,1,8.85,30,193
sage_secp256k1_6,1,8.86,30,193
sage_secp256k1_6,1,4.52,5,193
sage_secp256k1_6,1,18.98,88,193
sage_secp256k1_6,1,14.34,62,193
sage_secp256k1_6,1,5.67,12,193
sage_secp256k1_6,1,3.81,1,193
sage_secp256k1_6,1,4.96,8,193
sage_secp256k1_6,1,7.79,21,193
sage_secp256k1_6,1,16.91,76,193
sage_secp256k1_6,1,4.69,6,193
sage_secp256k1_6,1,4.17,3,193
sage_secp256k1_6,1,3.87,2,193
sage_secp256k1_6,1,5.14,9,193
sage_secp256k1_6,1,7.10,20,193
sage_secp256k1_6,1,4.18,3,193
sage_secp256k1_6,1,4.31,4,193
sage_secp256k1_6,1,3.98,2,193
sage_secp256k1_6,1,3.99,2,193
sage_secp256k1_6,1,15.35,66,193
sage_secp256k1_6,1,7.57,22,193
sage_secp256k1_6,1,8.10,25,193
sage_secp256k1_6,1,14.64,63,193
sage_secp256k1_6,1,8.08,25,193
sage_secp256k1_6,1,6.02,14,193
sage_secp256k1_6,1,20.59,96,193
sage_secp256k1_6,1,9.39,33,193
sage_secp256k1_6,1,6.26,16,193
sage_secp256k1_6,1,10.44,39,193
sage_secp256k1_6,1,3.71,1,193
sage_secp256k1_6,1,5.04,8,193
sage_secp256k1_6,1,4.86,7,193
sage_secp256k1_6,1,4.23,4,193
sage_secp256k1_6,1,9.06,31,193
sage_secp256k1_6,1,14.69,62,193
sage_secp256k1_6,1,4.81,7,193
sage_secp256k1_6,1,6.59,17,193
sage_secp256k1_6,1,9.31,32,193
sage_secp256k1_6,1,12.16,49,193
sage_secp256k1_6,1,7.58,23,193
sage_secp256k1_6,1,10.89,41,193
sage_secp256k1_6,1,6.28,15,193
sage_secp256k1_6,1,4.12,3,193
sage_secp256k1_6,1,5.52,11,193
sage_secp256k1_6,1,5.93,13,193
sage_secp256k1_6,1,7.33,21,193
sage_secp256k1_6,1,5.52,11,193
sage_secp256k1_6,1,4.90,7,193
sage_secp256k1_6,1,8.35,27,193
sage_secp256k1_6,1,17.26,77,193
sage_secp256k1_6,1,5.37,10,193
sage_secp256k1_6,1,4.30,4,193
sage_secp256k1_6,1,4.83,7,193
sage_secp256k1_6,1,3.85,1,193
sage_secp256k1_6,1,4.35,4,193
sage_secp256k1_6,1,4.15,3,193
sage_secp256k1_6,1,5.11,8,193
sage_secp256k1_6,1,5.53,11,193
sage_secp256k1_6,1,6.40,15,193
sage_secp256k1_6,1,4.30,4,193
sage_secp256k1_6,1,17.51,79,193
sage_secp256k1_6,1,9.15,31,193
sage_secp256k1_6,1,4.07,2,193
sage_secp256k1_6,1,3.82,1,193
sage_secp256k1_6,1,5.72,13,193
sage_secp256k1_6,1,6.55,16,193
sage_secp256k1_6,1,6.19,14,193
sage_secp256k1_6,1,4.53,6,193
sage_secp256k1_6,1,5.08,8,193
sage_secp256k1_6,1,6.27,15,193
sage_secp256k1_6,1,16.78,75,193
sage_secp256k1_6,1,6.10,14,193
sage_secp256k1_6,1,17.15,76,193
sage_secp256k1_6,1,4.71,6,193
sage_secp256k1_6,1,5.32,7,193
sage_secp256k1_6,1,6.35,14,193
sage_secp256k1_6,1,4.82,7,193
sage_secp256k1_6,1,5.36,9,193
sage_secp256k1_6,1,3.87,1,193
sage_secp256k1_6,1,6.15,14,193
sage_secp256k1_6,1,4.35,4,193
sage_secp256k1_6,1,4.94,7,193
sage_secp256k1_6,1,6.82,18,193
sage_secp256k1_6,1,6.97,19,193
sage_secp256k1_6,1,6.59,17,193
sage_secp256k1_6,1,5.25,10,193
sage_secp256k1_6,1,10.51,40,193
sage_secp256k1_6,1,16.17,70,193
sage_secp256k1_6,1,4.20,2,193
sage_secp256k1_6,1,7.37,21,193
sage_secp256k1_6,1,15.12,66,193
sage_secp256k1_6,1,3.83,1,193
sage_secp256k1_6,1,8.21,26,193
sage_secp256k1_6,1,5.77,12,193
sage_secp256k1_6,1,7.86,25,193
sage_secp256k1_6,1,4.02,2,193
sage_secp256k1_6,1,5.66,11,193
sage_secp256k1_6,1,12.57,50,193
sage_secp256k1_6,1,4.17,4,193
sage_secp256k1_6,1,5.73,13,193
sage_secp256k1_6,1,5.76,12,193
sage_secp256k1_6,1,13.65,57,193
sage_secp256k1_6,1,10.00,36,193
sage_secp256k1_6,1,12.61,50,193
sage_secp256k1_6,1,5.64,12,193
sage_secp256k1_6,1,8.59,28,193
sage_secp256k1_6,1,17.29,77,193
sage_secp256k1_6,1,3.77,1,193
sage_secp256k1_6,1,6.01,13,193
sage_secp256k1_6,1,4.88,7,193
sage_secp256k1_6,1,7.15,20,193
sage_secp256k1_6,1,5.05,8,193
sage_secp256k1_6,1,5.22,10,193
sage_secp256k1_6,1,8.23,27,193
sage_secp256k1_6,1,4.57,5,193
sage_secp256k1_6,1,20.39,95,193
sage_secp256k1_6,1,4.47,5,193
sage_secp256k1_6,1,4.29,4,193
sage_secp256k1_6,1,12.41,49,193
sage_secp256k1_6,1,7.71,23,193
sage_secp256k1_6,1,4.82,7,193
sage_secp256k1_6,1,9.84,35,193
sage_secp256k1_6,1,6.46,16,193
sage_secp256k1_6,1,4.66,6,193
sage_secp256k1_6,1,8.16,26,193
sage_secp256k1_6,1,6.43,16,193
sage_secp256k1_6,1,3.73,1,193
sage_secp256k1_6,1,4.30,4,193
sage_secp256k1_6,1,4.36,4,193
sage_secp256k1_6,1,10.39,36,193
sage_secp256k1_6,1,11.56,45,193
sage_secp256k1_6,1,3.94,2,193
sage_secp256k1_6,1,6.09,14,193
sage_secp256k1_6,1,4.05,2,193
sage_secp256k1_6,1,7.74,23,193
sage_secp256k1_6,1,7.15,20,193
sage_secp256k1_6,1,4.90,7,193
sage_secp256k1_6,1,4.11,3,193
sage_secp256k1_6,1,5.58,11,193
sage_secp256k1_6,1,8.06,24,193
sage_secp256k1_6,1,7.16,20,193
sage_secp256k1_6,1,6.70,18,193
sage_secp256k1_6,1,4.67,6,193
sage_secp256k1_6,1,4.69,6,193
sage_secp256k1_6,1,5.46,10,193
sage_secp256k1_6,1,11.84,46,193
sage_secp256k1_6,1,3.93,2,193
sage_secp256k1_6,1,4.32,4,193
sage_secp256k1_6,1,4.48,5,193
sage_secp256k1_6,1,4.36,4,193
sage_secp256k1_6,1,4.19,3,193
sage_secp256k1_6,1,4.38,4,193
sage_secp256k1_6,0,20.63,0,193
sage_secp256k1_6,1,15.44,69,193
sage_secp256k1_6,1,5.52,10,193
sage_secp256k1_6,1,5.81,12,193
sage_secp256k1_6,1,16.40,71,193
sage_secp256k1_6,1,7.84,23,193
sage_secp256k1_6,1,3.68,1,193
sage_secp256k1_6,1,4.89,7,193
sage_secp256k1_6,1,7.32,21,193
sage_secp256k1_6,1,6.62,18,193
sage_secp256k1_6,1,8.59,28,193
sage_secp256k1_6,1,4.11,3,193
sage_secp256k1_6,1,3.85,2,193
sage_secp256k1_6,1,13.68,56,193
sage_secp256k1_6,1,4.21,3,193
sage_secp256k1_6,1,12.12,47,193
sage_secp256k1_6,1,7.37,22,193
sage_secp256k1_6,1,3.93,2,193
sage_secp256k1_6,1,5.72,11,193
sage_secp256k1_6,1,11.03,41,193
sage_secp256k1_6,1,10.58,38,193
sage_secp256k1_6,1,3.89,2,193
sage_secp256k1_6,1,6.97,19,193
sage_secp256k1_6,1,4.48,5,193
sage_secp256k1_6,1,5.52,11,193
sage_secp256k1_6,1,8.63,28,193
sage_secp256k1_6,1,10.63,39,193
sage_secp256k1_6,1,5.08,8,193
sage_secp256k1_6,1,4.18,3,193
sage_secp256k1_6,1,4.34,4,193
sage_secp256k1_6,1,4.54,5,193
sage_secp256k1_6,1,4.48,5,193
sage_secp256k1_6,1,7.71,23,193
sage_secp256k1_6,1,7.52,21,193
sage_secp256k1_6,1,5.89,13,193
sage_secp256k1_6,1,5.64,11,193
sage_secp256k1_6,1,4.09,3,193
sage_secp256k1_6,1,4.26,4,193
sage_secp256k1_6,1,5.32,10,193
sage_secp256k1_6,1,15.60,67,193
sage_secp256k1_6,1,10.51,39,193
sage_secp256k1_6,1,4.10,3,193
sage_secp256k1_6,1,3.76,1,193
sage_secp256k1_6,1,4.36,4,193
sage_secp256k1_6,1,4.85,7,193
sage_secp256k1_6,1,13.57,56,193
sage_secp256k1_6,1,12.15,48,193
sage_secp256k1_6,1,5.75,12,193
sage_secp256k1_6,1,8.54,26,193
sage_secp256k1_6,1,9.43,33,193
sage_secp256k1_6,1,5.72,12,193
sage_secp256k1_6,1,11.65,46,193
sage_secp256k1_6,1,4.31,4,193
sage_secp256k1_6,1,5.74,12,193
sage_secp256k1_6,1,9.54,33,193
sage_secp256k1_6,1,4.30,4,193
sage_secp256k1_6,1,5.06,8,193
sage_secp256k1_6,1,7.26,21,193
sage_secp256k1_6,1,9.44,32,193
sage_secp256k1_6,1,5.15,9,193
sage_secp256k1_6,1,11.54,45,193
sage_secp256k1_6,1,7.44,22,193
sage_secp256k1_6,1,13.97,59,193
sage_secp256k1_6,0,21.12,0,193
sage_secp256k1_6,1,4.97,7,193
sage_secp256k1_6,1,4.92,7,193
sage_secp256k1_6,1,3.97,2,193
sage_secp256k1_6,1,9.95,35,193
sage_secp256k1_6,1,9.91,35,193
sage_secp256k1_6,1,6.51,16,193
sage_secp256k1_6,0,21.02,0,193
cpp_secp256k1_7,1,2.04,4,192
sage_secp256k1_6,1,3.75,1,193
sage_secp256k1_6,1,3.83,1,193
sage_secp256k1_6,1,7.96,25,193
cpp_secp256k1_7,1,1.78,3,192
cpp_secp256k1_7,1,1.33,1,192
cpp_secp256k1_7,1,2.08,4,192
sage_secp256k1_6,1,5.13,8,193
cpp_secp256k1_7,1,3.53,11,192
sage_secp256k1_6,1,4.05,3,193
cpp_secp256k1_7,1,5.80,20,192
cpp_secp256k1_7,1,3.14,9,192
cpp_secp256k1_7,1,3.41,10,192
sage_secp256k1_6,1,17.09,75,193
cpp_secp256k1_7,1,5.34,18,192
cpp_secp256k1_7,1,2.22,5,192
cpp_secp256k1_7,1,1.34,1,192
cpp_secp256k1_7,1,3.92,12,192
cpp_secp256k1_7,1,5.58,19,192
cpp_secp256k1_7,1,1.80,3,192
cpp_secp256k1_7,1,2.46,6,192
cpp_secp256k1_7,1,13.57,53,192
cpp_secp256k1_7,1,3.21,9,192
cpp_secp256k1_7,1,15.60,62,192
cpp_secp256k1_7,1,1.60,2,192
cpp_secp256k1_7,1,5.79,20,192
cpp_secp256k1_7,1,2.28,5,192
cpp_secp256k1_7,1,2.31,5,192
cpp_secp256k1_7,1,3.67,11,192
cpp_secp256k1_7,1,2.99,8,192
cpp_secp256k1_7,1,18.20,73,192
cpp_secp256k1_7,1,2.68,7,192
cpp_secp256k1_7,1,11.85,46,192
cpp_secp256k1_7,1,4.54,15,192
cpp_secp256k1_7,1,6.18,22,192
cpp_secp256k1_7,1,4.08,13,192
cpp_secp256k1_7,1,1.54,2,192
cpp_secp256k1_7,1,2.92,8,192
cpp_secp256k1_7,1,1.78,3,192
cpp_secp256k1_7,1,2.01,4,192
cpp_secp256k1_7,0,23.96,0,192
cpp_secp256k1_7,1,1.34,1,192
cpp_secp256k1_7,0,23.72,0,192
cpp_secp256k1_7,1,2.28,5,192
cpp_secp256k1_7,1,11.49,45,192
cpp_secp256k1_7,1,11.19,44,192
cpp_secp256k1_7,1,13.03,51,192
cpp_secp256k1_7,1,23.46,96,192
cpp_secp256k1_7,1,5.63,19,192
cpp_secp256k1_7,1,7.49,27,192
cpp_secp256k1_7,1,7.25,26,192
cpp_secp256k1_7,1,7.79,29,192
cpp_secp256k1_7,1,2.54,6,192
cpp_secp256k1_7,1,3.88,12,192
cpp_secp256k1_7,1,4.32,14,192
cpp_secp256k1_7,1,6.49,23,192
cpp_secp256k1_7,1,1.99,4,192
cpp_secp256k1_7,1,7.84,29,192
cpp_secp256k1_7,1,2.72,7,192
cpp_secp256k1_7,1,5.74,20,192
cpp_secp256k1_7,1,12.45,49,192
cpp_secp256k1_7,0,24.19,0,192
cpp_secp256k1_7,1,5.76,20,192
cpp_secp256k1_7,1,5.04,17,192
cpp_secp256k1_7,1,12.51,49,192
cpp_secp256k1_7,1,4.64,15,192
cpp_secp256k1_7,0,23.78,0,192
cpp_secp256k1_7,0,24.04,0,192
cpp_secp256k1_7,1,3.65,11,192
cpp_secp256k1_7,1,3.84,12,192
cpp_secp256k1_7,1,14.58,58,192
cpp_secp256k1_7,1,11.53,45,192
cpp_secp256k1_7,1,3.65,11,192
cpp_secp256k1_7,1,1.35,1,192
cpp_secp256k1_7,1,14.12,56,192
cpp_secp256k1_7,1,2.27,5,192
cpp_secp256k1_7,1,7.36,27,192
cpp_secp256k1_7,1,1.32,1,192
cpp_secp256k1_7,1,6.22,22,192
cpp_secp256k1_7,1,22.02,90,192
cpp_secp256k1_7,0,23.84,0,192
cpp_secp256k1_7,1,2.97,8,192
cpp_secp256k1_7,1,1.35,1,192
cpp_secp256k1_7,1,5.03,17,192
cpp_secp256k1_7,1,1.56,2,192
cpp_secp256k1_7,1,6.67,24,192
cpp_secp256k1_7,1,8.07,30,192
cpp_secp256k1_7,1,1.58,2,192
cpp_secp256k1_7,1,5.49,19,192
cpp_secp256k1_7,1,2.46,6,192
cpp_secp256k1_7,1,2.23,5,192
cpp_secp256k1_7,1,12.43,49,192
cpp_secp256k1_7,1,2.00,4,192
cpp_secp256k1_7,0,23.96,0,192
cpp_secp256k1_7,1,9.90,38,192
cpp_secp256k1_7,1,6.21,22,192
cpp_secp256k1_7,1,7.89,29,192
cpp_secp256k1_7,1,1.34,1,192
cpp_secp256k1_7,1,2.04,4,192
cpp_secp256k1_7,0,23.92,0,192
cpp_secp256k1_7,1,4.05,13,192
cpp_secp256k1_7,1,24.06,99,192
cpp_secp256k1_7,1,1.78,3,192
cpp_secp256k1_7,1,11.87,47,192
cpp_secp256k1_7,1,2.03,4,192
cpp_secp256k1_7,1,3.41,10,192
cpp_secp256k1_7,1,5.49,19,192
cpp_secp256k1_7,1,4.31,14,192
cpp_secp256k1_7,1,7.08,26,192
cpp_secp256k1_7,1,4.12,13,192
cpp_secp256k1_7,1,10.77,42,192
cpp_secp256k1_7,1,13.63,54,192
cpp_secp256k1_7,1,11.08,43,192
cpp_secp256k1_7,1,4.79,16,192
cpp_secp256k1_7,1,14.57,58,192
cpp_secp256k1_7,1,2.74,7,192
cpp_secp256k1_7,1,10.56,41,192
cpp_secp256k1_7,1,1.54,2,192
cpp_secp256k1_7,1,17.33,70,192
cpp_secp256k1_7,0,23.67,0,192
cpp_secp256k1_7,1,5.29,18,192
cpp_secp256k1_7,1,1.81,3,192
cpp_secp256k1_7,1,21.51,89,192
cpp_secp256k1_7,1,1.53,2,192
cpp_secp256k1_7,1,7.09,26,192
cpp_secp256k1_7,1,4.30,14,192
cpp_secp256k1_7,1,3.40,10,192
cpp_secp256k1_7,1,5.25,18,192
cpp_secp256k1_7,1,1.80,3,192
cpp_secp256k1_7,1,6.39,23,192
cpp_secp256k1_7,1,1.34,1,192
cpp_secp256k1_7,0,23.55,0,192
cpp_secp256k1_7,1,11.16,44,192
cpp_secp256k1_7,1,8.55,32,192
cpp_secp256k1_7,1,4.33,14,192
cpp_secp256k1_7,1,20.23,82,192
cpp_secp256k1_7,1,6.87,25,192
cpp_secp256k1_7,1,20.38,83,192
cpp_secp256k1_7,1,3.87,12,192
cpp_secp256k1_7,1,4.36,14,192
cpp_secp256k1_7,1,2.01,4,192
cpp_secp256k1_7,1,8.46,32,192
cpp_secp256k1_7,1,1.80,3,192
cpp_secp256k1_7,1,2.45,6,192
cpp_secp256k1_7,1,14.88,59,192
cpp_secp256k1_7,1,4.97,17,192
cpp_secp256k1_7,1,4.86,16,192
cpp_secp256k1_7,1,7.64,28,192
cpp_secp256k1_7,1,13.04,52,192
cpp_secp256k1_7,1,7.00,26,192
cpp_secp256k1_7,1,9.01,34,192
cpp_secp256k1_7,1,7.36,27,192
cpp_secp256k1_7,1,1.31,1,192
cpp_secp256k1_7,0,24.00,0,192
cpp_secp256k1_7,1,9.70,37,192
cpp_secp256k1_7,1,1.74,3,192
cpp_secp256k1_7,1,1.76,3,192
cpp_secp256k1_7,1,4.08,13,192
cpp_secp256k1_7,1,1.98,4,192
cpp_secp256k1_7,1,5.24,18,192
cpp_secp256k1_7,1,2.01,4,192
cpp_secp256k1_7,1,2.46,6,192
cpp_secp256k1_7,1,10.48,41,192
cpp_secp256k1_7,1,12.19,48,192
cpp_secp256k1_7,1,6.24,22,192
cpp_secp256k1_7,1,2.68,7,192
cpp_secp256k1_7,1,9.01,34,192
cpp_secp256k1_7,1,6.01,21,192
cpp_secp256k1_7,1,21.27,87,192
cpp_secp256k1_7,1,2.48,6,192
cpp_secp256k1_7,1,10.23,40,192
cpp_secp256k1_7,1,6.86,25,192
cpp_secp256k1_7,1,6.33,23,192
cpp_secp256k1_7,1,9.31,35,192
cpp_secp256k1_7,1,5.46,19,192
cpp_secp256k1_7,1,5.46,19,192
cpp_secp256k1_7,1,9.61,37,192
cpp_secp256k1_7,1,11.49,45,192
cpp_secp256k1_7,1,2.25,5,192
cpp_secp256k1_7,1,6.40,23,192
cpp_secp256k1_7,1,1.53,2,192
cpp_secp256k1_7,1,4.74,16,192
cpp_secp256k1_7,1,6.66,24,192
cpp_secp256k1_7,1,8.89,34,192
cpp_secp256k1_7,1,1.55,2,192
cpp_secp256k1_7,1,3.62,11,192
cpp_secp256k1_7,1,2.01,4,192
cpp_secp256k1_7,1,5.48,19,192
cpp_secp256k1_7,1,4.09,13,192
cpp_secp256k1_7,1,5.68,20,192
cpp_secp256k1_7,1,8.68,33,192
cpp_secp256k1_7,1,20.39,84,192
cpp_secp256k1_7,1,13.81,55,192
cpp_secp256k1_7,1,1.31,1,192
cpp_secp256k1_7,1,7.70,29,192
cpp_secp256k1_7,1,9.13,35,192
cpp_secp256k1_7,1,11.88,47,192
cpp_secp256k1_7,1,3.82,12,192
cpp_secp256k1_7,1,7.30,27,192
cpp_secp256k1_7,1,7.02,26,192
cpp_secp256k1_7,0,23.65,0,192
cpp_secp256k1_7,1,15.11,61,192
cpp_secp256k1_7,0,23.70,0,192
cpp_secp256k1_7,1,1.97,4,192
cpp_secp256k1_7,1,5.43,19,192
cpp_secp256k1_7,1,1.32,1,192
cpp_secp256k1_7,1,2.71,7,192
cpp_secp256k1_7,1,6.50,24,192
cpp_secp256k1_7,1,1.52,2,192
cpp_secp256k1_7,1,1.51,2,192
cpp_secp256k1_7,0,23.59,0,192
cpp_secp256k1_7,1,8.66,33,192
cpp_secp256k1_7,1,2.67,7,192
cpp_secp256k1_7,1,2.21,5,192
cpp_secp256k1_7,1,6.54,24,192
cpp_secp256k1_7,1,6.80,25,192
cpp_secp256k1_7,1,1.99,4,192
cpp_secp256k1_7,1,4.96,17,192
cpp_secp256k1_7,1,18.48,76,192
cpp_secp256k1_7,1,4.02,13,192
cpp_secp256k1_7,1,3.56,11,192
cpp_secp256k1_7,1,9.04,35,192
cpp_secp256k1_7,1,9.97,39,192
cpp_secp256k1_7,1,1.53,2,192
cpp_secp256k1_7,1,9.26,36,192
cpp_secp256k1_7,1,15.91,65,192
cpp_secp256k1_7,1,4.27,14,192
cpp_secp256k1_7,1,1.57,2,192
cpp_secp256k1_7,1,3.17,9,192
cpp_secp256k1_7,1,14.19,57,192
cpp_secp256k1_7,1,1.50,2,192
cpp_secp256k1_7,1,15.93,65,192
cpp_secp256k1_7,1,2.93,8,192
cpp_secp256k1_7,1,16.55,68,192
cpp_secp256k1_7,1,1.77,3,192
cpp_secp256k1_7,1,4.33,14,192
cpp_secp256k1_7,1,2.46,6,192
cpp_secp256k1_7,1,1.77,3,192
cpp_secp256k1_7,0,23.72,0,192
cpp_secp256k1_7,1,2.47,6,192
cpp_secp256k1_7,1,4.17,14,192
cpp_secp256k1_7,1,6.40,24,192
cpp_secp256k1_7,1,2.70,7,192
cpp_secp256k1_7,1,1.98,4,192
cpp_secp256k1_7,1,2.91,8,192
cpp_secp256k1_7,1,7.81,29,192
cpp_secp256k1_7,1,20.10,82,192
cpp_secp256k1_7,1,6.00,21,192
cpp_secp256k1_7,1,4.80,16,192
cpp_secp256k1_7,1,2.28,5,192
cpp_secp256k1_7,1,5.82,20,192
cpp_secp256k1_7,1,5.33,18,192
cpp_secp256k1_7,0,23.93,0,192
sage_secp256k1_7,1,5.32,10,192
cpp_secp256k1_7,1,16.16,65,192
sage_secp256k1_7,1,9.41,33,192
sage_secp256k1_7,1,4.13,3,192
sage_secp256k1_7,1,4.57,5,192
cpp_secp256k1_7,1,22.54,94,192
sage_secp256k1_7,1,14.26,61,192
sage_secp256k1_7,1,10.50,39,192
sage_secp256k1_7,1,3.78,1,192
cpp_secp256k1_7,0,23.82,0,192
sage_secp256k1_7,1,10.38,39,192
sage_secp256k1_7,1,3.78,1,192
sage_secp256k1_7,1,4.01,2,192
sage_secp256k1_7,1,6.48,16,192
sage_secp256k1_7,1,5.57,11,192
sage_secp256k1_7,1,6.21,15,192
sage_secp256k1_7,1,4.62,5,192
sage_secp256k1_7,1,4.96,7,192
sage_secp256k1_7,1,4.53,5,192
sage_secp256k1_7,1,4.39,4,192
sage_secp256k1_7,1,6.16,14,192
sage_secp256k1_7,1,7.60,22,192
sage_secp256k1_7,1,6.61,17,192
sage_secp256k1_7,1,4.45,4,192
sage_secp256k1_7,1,4.42,4,192
sage_secp256k1_7,1,11.52,43,192
sage_secp256k1_7,1,4.91,7,192
sage_secp256k1_7,1,8.00,25,192
sage_secp256k1_7,1,4.32,3,192
sage_secp256k1_7,1,7.94,26,192
sage_secp256k1_7,1,4.25,3,192
sage_secp256k1_7,1,5.37,9,192
sage_secp256k1_7,1,5.53,10,192
sage_secp256k1_7,1,9.75,34,192
sage_secp256k1_7,1,5.49,10,192
sage_secp256k1_7,1,7.19,20,192
sage_secp256k1_7,1,4.21,3,192
sage_secp256k1_7,0,20.78,0,192
sage_secp256k1_7,1,4.92,7,192
sage_secp256k1_7,1,9.56,35,192
sage_secp256k1_7,1,4.17,3,192
sage_secp256k1_7,1,13.49,52,192
sage_secp256k1_7,1,13.62,57,192
sage_secp256k1_7,1,4.90,7,192
sage_secp256k1_7,1,15.68,69,192
sage_secp256k1_7,1,6.48,16,192
sage_secp256k1_7,1,16.89,76,192
sage_secp256k1_7,1,3.86,1,192
sage_secp256k1_7,1,9.64,34,192
sage_secp256k1_7,1,6.95,19,192
sage_secp256k1_7,1,4.27,4,192
sage_secp256k1_7,1,4.00,2,192
sage_secp256k1_7,1,10.29,38,192
sage_secp256k1_7,1,6.99,19,192
sage_secp256k1_7,1,3.83,1,192
sage_secp256k1_7,1,4.21,3,192
sage_secp256k1_7,1,6.31,15,192
sage_secp256k1_7,1,5.79,12,192
sage_secp256k1_7,1,9.53,33,192
sage_secp256k1_7,1,4.28,4,192
sage_secp256k1_7,1,6.70,18,192
sage_secp256k1_7,1,7.48,22,192
sage_secp256k1_7,1,15.73,69,192
sage_secp256k1_7,1,6.56,17,192
sage_secp256k1_7,1,11.12,42,192
sage_secp256k1_7,1,11.37,43,192
sage_secp256k1_7,1,4.84,6,192
sage_secp256k1_7,1,5.56,11,192
sage_secp256k1_7,1,7.30,21,192
sage_secp256k1_7,1,6.10,14,192
sage_secp256k1_7,1,8.13,26,192
sage_secp256k1_7,1,4.01,2,192
sage_secp256k1_7,1,6.11,14,192
sage_secp256k1_7,1,10.55,39,192
sage_secp256k1_7,1,10.17,37,192
sage_secp256k1_7,1,5.62,11,192
sage_secp256k1_7,1,6.26,15,192
sage_secp256k1_7,1,3.99,2,192
sage_secp256k1_7,1,5.11,8,192
sage_secp256k1_7,1,7.44,22,192
sage_secp256k1_7,1,4.03,2,192
sage_secp256k1_7,0,20.84,0,192
sage_secp256k1_7,1,4.87,7,192
sage_secp256k1_7,1,4.92,7,192
sage_secp256k1_7,1,3.85,1,192
sage_secp256k1_7,1,15.94,71,192
sage_secp256k1_7,1,4.18,3,192
sage_secp256k1_7,1,9.40,33,192
sage_secp256k1_7,1,7.31,21,192
sage_secp256k1_7,0,20.64,0,192
sage_secp256k1_7,1,8.74,29,192
sage_secp256k1_7,1,5.05,8,192
sage_secp256k1_7,1,8.41,27,192
sage_secp256k1_7,1,4.54,5,192
sage_secp256k1_7,1,10.75,40,192
sage_secp256k1_7,1,5.28,10,192
sage_secp256k1_7,1,9.65,35,192
sage_secp256k1_7,1,13.63,57,192
sage_secp256k1_7,0,20.82,0,192
sage_secp256k1_7,1,5.56,11,192
sage_secp256k1_7,1,3.91,1,192
sage_secp256k1_7,1,17.98,82,192
sage_secp256k1_7,1,5.07,8,192
sage_secp256k1_7,1,4.65,6,192
sage_secp256k1_7,1,7.28,21,192
sage_secp256k1_7,1,13.03,53,192
sage_secp256k1_7,1,8.71,29,192
sage_secp256k1_7,1,5.54,11,192
sage_secp256k1_7,1,4.57,5,192
sage_secp256k1_7,1,10.26,38,192
sage_secp256k1_7,1,7.89,24,192
sage_secp256k1_7,1,4.04,3,192
sage_secp256k1_7,1,4.72,6,192
sage_secp256k1_7,1,9.40,33,192
sage_secp256k1_7,1,17.35,78,192
sage_secp256k1_7,1,4.90,8,192
sage_secp256k1_7,1,11.17,42,192
sage_secp256k1_7,1,11.23,43,192
sage_secp256k1_7,1,3.75,1,192
sage_secp256k1_7,1,4.92,7,192
sage_secp256k1_7,1,5.91,12,192
sage_secp256k1_7,1,8.37,26,192
sage_secp256k1_7,1,5.15,8,192
sage_secp256k1_7,1,6.98,19,192
sage_secp256k1_7,1,4.84,7,192
sage_secp256k1_7,0,20.75,0,192
sage_secp256k1_7,1,3.88,1,192
sage_secp256k1_7,1,9.57,33,192
sage_secp256k1_7,1,3.75,1,192
sage_secp256k1_7,1,5.58,10,192
sage_secp256k1_7,1,5.86,12,192
sage_secp256k1_7,1,4.57,6,192
sage_secp256k1_7,1,7.87,23,192
sage_secp256k1_7,1,5.73,11,192
sage_secp256k1_7,1,4.23,3,192
sage_secp256k1_7,1,5.18,8,192
sage_secp256k1_7,1,6.00,14,192
sage_secp256k1_7,1,6.84,19,192
sage_secp256k1_7,1,4.92,7,192
sage_secp256k1_7,1,4.80,6,192
sage_secp256k1_7,1,5.65,11,192
sage_secp256k1_7,1,9.38,32,192
sage_secp256k1_7,1,6.22,15,192
sage_secp256k1_7,1,5.45,10,192
sage_secp256k1_7,1,6.80,19,192
sage_secp256k1_7,1,4.17,3,192
sage_secp256k1_7,1,20.83,98,192
sage_secp256k1_7,1,6.77,18,192
sage_secp256k1_7,1,11.27,43,192
sage_secp256k1_7,1,3.82,1,192
sage_secp256k1_7,1,11.24,43,192
sage_secp256k1_7,1,3.85,1,192
sage_secp256k1_7,1,4.25,2,192
sage_secp256k1_7,1,4.88,7,192
sage_secp256k1_7,1,6.55,17,192
sage_secp256k1_7,1,5.43,10,192
sage_secp256k1_7,1,4.17,3,192
sage_secp256k1_7,1,8.01,25,192
sage_secp256k1_7,1,5.78,12,192
sage_secp256k1_7,1,5.57,11,192
sage_secp256k1_7,1,5.64,11,192
sage_secp256k1_7,1,4.51,5,192
sage_secp256k1_7,1,5.71,12,192
sage_secp256k1_7,1,9.62,34,192
sage_secp256k1_7,1,4.49,5,192
sage_secp256k1_7,1,6.46,16,192
sage_secp256k1_7,1,8.84,29,192
sage_secp256k1_7,1,7.14,20,192
sage_secp256k1_7,1,7.78,24,192
sage_secp256k1_7,1,6.26,15,192
sage_secp256k1_7,1,4.68,6,192
sage_secp256k1_7,1,14.84,65,192
sage_secp256k1_7,1,12.34,50,192
sage_secp256k1_7,1,10.32,38,192
sage_secp256k1_7,1,6.23,15,192
sage_secp256k1_7,1,7.88,24,192
sage_secp256k1_7,1,14.51,59,192
sage_secp256k1_7,1,4.06,3,192
sage_secp256k1_7,1,13.89,58,192
sage_secp256k1_7,1,6.23,15,192
sage_secp256k1_7,1,14.66,63,192
sage_secp256k1_7,1,8.59,28,192
sage_secp256k1_7,1,3.86,1,192
sage_secp256k1_7,1,4.91,7,192
sage_secp256k1_7,1,4.42,4,192
sage_secp256k1_7,1,4.29,4,192
sage_secp256k1_7,1,5.29,9,192
sage_secp256k1_7,1,5.74,12,192
sage_secp256k1_7,1,10.01,37,192
sage_secp256k1_7,1,3.92,1,192
sage_secp256k1_7,1,5.32,9,192
sage_secp256k1_7,1,6.63,16,192
sage_secp256k1_7,1,4.05,2,192
sage_secp256k1_7,1,5.29,10,192
sage_secp256k1_7,1,5.23,9,192
sage_secp256k1_7,1,15.95,70,192
sage_secp256k1_7,1,7.93,24,192
sage_secp256k1_7,1,5.28,9,192
sage_secp256k1_7,1,3.78,1,192
sage_secp256k1_7,1,6.14,12,192
sage_secp256k1_7,1,8.34,26,192
sage_secp256k1_7,1,7.02,19,192
sage_secp256k1_7,1,10.45,39,192
sage_secp256k1_7,1,16.10,70,192
sage_secp256k1_7,1,4.87,7,192
sage_secp256k1_7,1,6.57,17,192
sage_secp256k1_7,1,10.87,41,192
sage_secp256k1_7,1,4.80,6,192
sage_secp256k1_7,1,5.41,10,192
sage_secp256k1_7,1,13.20,51,192
sage_secp256k1_7,1,6.28,15,192
sage_secp256k1_7,1,4.30,4,192
sage_secp256k1_7,1,4.34,4,192
sage_secp256k1_7,0,20.65,0,192
sage_secp256k1_7,1,5.34,10,192
sage_secp256k1_7,1,4.15,3,192
sage_secp256k1_7,0,20.61,0,192
sage_secp256k1_7,1,14.86,64,192
sage_secp256k1_7,1,5.37,10,192
sage_secp256k1_7,1,4.02,2,192
sage_secp256k1_7,1,3.87,1,192
sage_secp256k1_7,1,19.31,89,192
sage_secp256k1_7,1,4.36,4,192
sage_secp256k1_7,1,5.97,13,192
sage_secp256k1_7,1,8.30,26,192
sage_secp256k1_7,1,5.75,12,192
sage_secp256k1_7,1,5.39,10,192
sage_secp256k1_7,1,7.89,23,192
sage_secp256k1_7,1,5.55,11,192
sage_secp256k1_7,1,7.78,23,192
sage_secp256k1_7,1,5.01,8,192
sage_secp256k1_7,1,4.54,5,192
sage_secp256k1_7,1,4.11,3,192
sage_secp256k1_7,1,5.02,8,192
sage_secp256k1_7,1,10.28,38,192
sage_secp256k1_7,1,4.83,7,192
sage_secp256k1_7,0,20.71,0,192
sage_secp256k1_7,1,7.19,21,192
sage_secp256k1_7,1,6.90,19,192
sage_secp256k1_7,0,20.91,0,192
sage_secp256k1_7,1,9.97,36,192
sage_secp256k1_7,1,15.45,68,192
sage_secp256k1_7,1,4.13,2,192
sage_secp256k1_7,1,7.33,21,192
sage_secp256k1_7,1,9.35,33,192
sage_secp256k1_7,1,3.87,1,192
sage_secp256k1_7,1,9.46,33,192
sage_secp256k1_7,1,3.74,1,192
sage_secp256k1_7,1,5.48,11,192
sage_secp256k1_7,1,8.72,28,192
sage_secp256k1_7,1,14.47,63,192
sage_secp256k1_7,1,9.06,32,192
sage_secp256k1_7,1,11.15,40,192
